Date,AAPL_Close,AAPL_High,AAPL_Low,AAPL_Open,AAPL_Volume
2015-01-02,24.237552642822266,24.705322239577697,23.798602356597982,24.694236978633914,212818400
2015-01-05,23.554738998413086,24.0867993234754,23.368518814896508,24.006990190147395,257142000
2015-01-06,23.556961059570312,23.816339948630354,23.195602497746687,23.619034466383983,263188400
2015-01-07,23.887283325195312,23.98704392471396,23.65450633782029,23.76535220011818,160423600
2015-01-08,24.80508041381836,24.862720720656704,24.097883456887466,24.215381460812253,237458000
2015-01-09,24.83168601989746,25.106583234710648,24.432640311803063,24.97800165194986,214798000
2015-01-12,24.219816207885742,24.969133482585438,24.120055627743543,24.962483002759065,198603200
2015-01-13,24.434856414794922,25.006821335803178,24.144440865044796,24.703103135568583,268367600
2015-01-14,24.341737747192383,24.4947037972297,24.053537997857934,24.173251661825812,195826400
2015-01-15,23.68109893798828,24.39937931797329,23.645629158066633,24.386078361924277,240056000
2015-01-16,23.497093200683594,23.849583739052846,23.32195662633787,23.72765267736508,314053200
2015-01-20,24.102312088012695,24.15773499046255,23.610156443638342,23.907222388910643,199599600
2015-01-21,24.286325454711914,24.62107869073436,24.00255866913812,24.153309086853763,194303600
2015-01-22,24.91815185546875,24.933670209577176,24.324017926015934,24.443731668298266,215185600
2015-01-23,25.046724319458008,25.217426152284684,24.72527039983578,24.89597392403558,185859200
2015-01-26,25.07332420349121,25.35265614411919,25.00681772616178,25.215206718108252,222460000
2015-01-27,24.1954288482666,24.935879909246182,24.171042629136025,24.922577258846545,382274800
2015-01-28,25.563268661499023,26.18622347098334,25.563268661499023,26.07759332327218,585908400
2015-01-29,26.359146118164062,26.423436920592042,25.618694886212186,25.787181068734693,337745600
2015-01-30,25.973400115966797,26.603003725613746,25.9046745395417,26.248297347546913,334982000
2015-02-02,26.299283981323242,26.41899769418198,25.73397119942588,26.17070408947349,250956400
2015-02-03,26.30371856689453,26.401261757431495,26.073159013253253,26.270464476118452,207662800
2015-02-04,26.505449295043945,26.7160573468739,26.228334772667278,26.270456721307834,280598800
2015-02-05,26.694639205932617,26.75918372529074,26.54106770476852,26.71244324385506,168984800
2015-02-06,26.469846725463867,26.763634579747894,26.363014006611284,26.71244351282826,174826400
2015-02-09,26.645673751831055,26.672380657208517,26.358562632684485,26.385271236110356,155559200
2015-02-10,27.157575607299805,27.186510351861603,26.743603296210924,26.745827739601534,248034000
2015-02-11,27.794116973876953,27.80301984182764,27.26440906617443,27.324501302281014,294247200
2015-02-12,28.145769119262695,28.37278797867428,27.94768500160746,28.05674214886694,297898000
2015-02-13,28.28376579284668,28.328278436550338,27.96549546602483,28.328278436550338,217088800
2015-02-17,28.45069122314453,28.684386851565183,28.248154785440164,28.37501768994175,252609600
2015-02-18,28.648775100708008,28.662128554300637,28.36611454730817,28.406176606134583,179566800
2015-02-19,28.588672637939453,28.717761644333972,28.561965738718527,28.59534936274468,149449600
2015-02-20,28.8223819732666,28.8223819732666,28.499661001048015,28.626522229090835,195793600
2015-02-23,29.601364135742188,29.601364135742188,28.857992347697483,28.938116476690762,283896400
2015-02-24,29.416627883911133,29.734899896206425,29.194061278089517,29.588005121300906,276912400
2015-02-25,28.664350509643555,29.289765499417644,28.521908023525217,29.280860933730825,298846800
2015-02-26,29.02713966369629,29.12729396862077,28.179161341319833,28.664354967712665,365150000
2015-02-27,28.590913772583008,29.06052954681406,28.541948837177106,28.933664924326695,248059200
2015-03-02,28.731121063232422,28.995975855853946,28.555294946670976,28.76673253365645,192386800
2015-03-03,28.791223526000977,28.826835006976815,28.508562914414114,28.70219821965913,151265200
2015-03-04,28.60870933532715,28.835728218754888,28.55974780762392,28.733349484334305,126665200
2015-03-05,28.1346492767334,28.655454390000926,27.989980623698415,28.617618469406004,226068400
2015-03-06,28.176929473876953,28.7934381705221,28.101257649630615,28.57754831021603,291368400
2015-03-09,28.297117233276367,28.83795583428651,27.834178300278573,28.479621776355522,354114000
2015-03-10,27.711767196655273,28.31492246485523,27.553745118097947,28.13464406642544,275426400
2015-03-11,27.20654296875,27.769636241841642,27.17760991964379,27.765185656613205,275756000
2015-03-12,27.69841766357422,27.798573670384616,27.07077980681414,27.22212518990764,193450800
2015-03-13,27.507007598876953,27.90985433352595,27.282216536512934,27.687287714754685,207309200
2015-03-16,27.8096981048584,27.8096981048584,27.34676083218295,27.571551892676595,143497200
2015-03-17,28.274864196777344,28.337182579986006,27.965496724385353,28.021138380542887,204092400
2015-03-18,28.593130111694336,28.746701602291754,28.125740611932834,28.265956952446786,261083600
2015-03-19,28.377239227294922,28.766730746100933,28.354982908687088,28.6554474550135,183238000
2015-03-20,28.021133422851562,28.577548187933573,27.856434625218515,28.544164558584388,274780400
2015-03-23,28.312694549560547,28.455137025477782,28.159123065380175,28.292664372344806,150838800
2015-03-24,28.19696044921875,28.497423293342283,28.168025707185222,28.31714660569711,131369200
2015-03-25,27.460264205932617,28.22589378943832,27.460264205932617,28.16357541832474,206620800
2015-03-26,27.65167236328125,27.794114843477228,27.286663295523013,27.322274764596163,190291600
2015-03-27,27.431333541870117,27.754054433731582,27.355661712679918,27.725121386932106,158184800
2015-03-30,28.125736236572266,28.132412961551175,27.59825288861356,27.60938189561045,188398800
2015-03-31,27.693960189819336,28.15244681072186,27.6783805968192,28.06341983727182,168362400
2015-04-01,27.653898239135742,27.847531779753435,27.3979463262866,27.780761124906427,162485600
2015-04-02,27.892047882080078,27.945463393763433,27.640548220607812,27.8275033605238,128880400
2015-04-06,28.34385871887207,28.379470193137237,27.671708273578293,27.702867464536038,148776000
2015-04-07,28.045616149902344,28.51523008704785,28.038939423968984,28.408399076017474,140049200
2015-04-08,27.954362869262695,28.132416817328334,27.814146531343606,28.010004515777172,149316800
2015-04-09,28.168033599853516,28.172485883590006,27.74515833951772,28.010011488182474,129936000
2015-04-10,28.2882137298584,28.31269619101809,27.878692012365974,28.032261807401454,160752000
2015-04-13,28.232574462890625,28.615391006220108,28.179158951331196,28.57087496683167,145460400
2015-04-14,28.110164642333984,28.330505119560385,28.02336379681908,28.265960596322643,102098400
2015-04-15,28.216995239257812,28.294893215067187,28.045619692477185,28.13464667828012,115881600
2015-04-16,28.08123207092285,28.288219110430457,28.067878616131612,28.105714536739242,113476000
2015-04-17,27.765186309814453,28.07455378094966,27.70064178516809,27.94324028801466,207828000
2015-04-20,28.399503707885742,28.51523761673722,27.858666689842995,27.947693687908842,188217200
2015-04-21,28.245927810668945,28.533037228247775,28.192510604471984,28.510782606071622,129740400
2015-04-22,28.626510620117188,28.682152261593764,28.11460853736159,28.263727728987256,150618000
2015-04-23,28.860214233398438,29.027139204330012,28.519687564385798,28.555299039914537,183083600
2015-04-24,28.995969772338867,29.073869423035564,28.76227421634481,29.042710241976092,178103600
2015-04-27,29.523456573486328,29.63029098103793,29.189606691104967,29.447784748543075,387816800
2015-04-28,29.05829429626465,29.944108399445852,28.837955539227018,29.926306060290624,475696000
2015-04-29,28.630971908569336,29.28754280530617,28.555300067420788,28.96927414607103,253544400
2015-04-30,27.854206085205078,28.63096292538986,27.72734321045829,28.63096292538986,332781600
2015-05-01,28.699968338012695,28.962598746405533,27.887601438112053,28.06565373617916,234050400
2015-05-04,28.644325256347656,29.06052717330465,28.546395393534247,28.82237924363592,203953200
2015-05-05,27.998882293701172,28.588682495503758,27.99443001026383,28.521911828332453,197085600
2015-05-06,27.82305145263672,28.210316865514486,27.455816218919747,28.168028667666032,288564000
2015-05-07,27.99514389038086,28.178410767717377,27.71800728161539,27.885629487903955,175763600
2015-05-08,28.52259063720703,28.52259063720703,28.185110838851806,28.312503626885885,222201600
2015-05-11,28.232053756713867,28.509188703141405,28.07784075746508,28.471194739748423,168143200
2015-05-12,28.131479263305664,28.357209293536233,27.896807471517413,28.071134308781183,192640000
2015-05-13,28.162765502929688,28.426491170136035,28.131476161493442,28.19405484436593,138776800
2015-05-14,28.819852828979492,28.819852828979492,28.419795874407285,28.475669960314683,180814000
2015-05-15,28.77961540222168,28.94053298809923,28.65445803771301,28.846664964717725,152832000
2015-05-18,29.096981048583984,29.21543380338683,28.68798244962446,28.69245333007435,203531600
2015-05-19,29.070159912109375,29.251191335426242,28.97405474783214,29.208726500765295,178532800
2015-05-20,29.06793212890625,29.273548343235124,28.907014498512638,29.054522894754008,145819600
2015-05-21,29.36517333984375,29.418813669716776,29.016519721374767,29.070160051247793,158921600
2015-05-22,29.622201919555664,29.718307114290013,29.367416241127014,29.412118235115084,182384000
2015-05-26,28.969587326049805,29.704892012332163,28.85783918372092,29.635608709733482,282790400
2015-05-27,29.510446548461914,29.559616001614543,29.065691145330188,29.130503564331832,183332800
2015-05-28,29.452342987060547,29.4903369499178,29.300367135631532,29.47022310080802,122933200
2015-05-29,29.117088317871094,29.37857849545883,29.032158659920928,29.32940905246471,203538000
2015-06-01,29.175207138061523,29.365180367831247,29.065696127499546,29.1170993245038,128451200
2015-06-02,29.045574188232422,29.2020208813791,28.90253672445801,29.02322319909055,134670400
2015-06-03,29.081335067749023,29.264603655579336,29.032165612979068,29.20202496955987,123934000
2015-06-04,28.911489486694336,29.18415532079831,28.81091680598342,28.960658959092353,153800400
2015-06-05,28.752798080444336,28.98523614583699,28.68798565295545,28.942771302527778,142507200
2015-06-08,28.562824249267578,28.877954811317277,28.34603259256239,28.808668102346388,210699200
2015-06-09,28.477895736694336,28.625404100730464,28.075603453683758,28.316978141433584,224301600
2015-06-10,28.8042049407959,28.907011331555527,28.574002313838697,28.589646987016224,156349200
2015-06-11,28.73938751220703,29.094745799779854,28.71480278355391,28.8712495066725,141563600
2015-06-12,28.422019958496094,28.681276447535282,28.40861072807724,28.649987106463822,147544800
2015-06-15,28.366147994995117,28.437666737767664,28.09571769560075,28.18288111006913,175955600
2015-06-16,28.51813316345215,28.574007249471897,28.243233615114377,28.39074031553279,125976400
2015-06-17,28.451080322265625,28.580706883320556,28.325921231909106,28.544948361176896,131672400
2015-06-18,28.58070945739746,28.676812945454838,28.433202769415,28.435438210107023,141628800
2015-06-19,28.29463005065918,28.567295798030447,28.249931474593,28.542711069651634,218867600
2015-06-22,28.520360946655273,28.620933592430493,28.401908188920487,28.49354077871593,136157200
2015-06-23,28.390729904174805,28.520358145437797,28.3572051238287,28.491304245213126,121075600
2015-06-24,28.632112503051758,29.009821813817823,28.41085163287626,28.430965482373335,221123600
2015-06-25,28.495771408081055,28.87571434479905,28.495771408081055,28.79972643951187,127752400
2015-06-26,28.328163146972656,28.605298151207457,28.27452449892699,28.53377938543261,176267200
2015-06-29,27.83199119567871,28.265574520163497,27.82081740487586,28.039842802194055,196645600
2015-06-30,28.03313446044922,28.18734741724518,27.905741667269396,28.06442379876419,177482800
2015-07-01,28.29463005065918,28.370619676141335,28.158297176973544,28.361679619899824,120955200
2015-07-02,28.258869171142578,28.314743239130355,28.109125373028,28.25663373098352,108844000
2015-07-06,28.160531997680664,28.211936893652904,27.903510928102136,27.923626480488263,112241600
2015-07-07,28.091249465942383,28.19405755556789,27.66213528971851,28.13594804225212,187787200
2015-07-08,27.393939971923828,27.856577220215424,27.387235356101556,27.820818700782862,243046400
2015-07-09,26.835203170776367,27.726953013346197,26.645231639120965,27.68001899059427,314380000
2015-07-10,27.552621841430664,27.680014656134844,27.089984598016393,27.253137636917494,245418000
2015-07-13,28.084545135498047,28.106894423880103,27.785059214725994,27.94374137892242,165762000
2015-07-14,28.073366165161133,28.243223805102456,27.945973361490438,28.16946962794016,127072400
2015-07-15,28.343801498413086,28.417555688730346,28.066666556024543,28.09795590249705,134596800
2015-07-16,28.72150993347168,28.734922576878994,28.462255097267985,28.549418522858513,144889600
2015-07-17,28.969587326049805,28.969587326049805,28.676807738793354,28.84890083285898,184658800
2015-07-20,29.517152786254883,29.7182980567629,29.21096059011771,29.271305535383036,235600800
2015-07-21,29.222145080566406,29.707131706321537,29.12604329582254,29.691488736604715,307025600
2015-07-22,27.9862117767334,28.04879047868388,27.264317853194946,27.264317853194946,461802400
2015-07-23,27.972797393798828,28.40414361073321,27.950446399951478,28.2052320425101,203998000
2015-07-24,27.825292587280273,28.102427554083405,27.691195132707254,28.008559506396455,168649200
2015-07-27,27.438634872436523,27.62637261602175,27.293363668700977,27.51015360686396,177822000
2015-07-28,27.574970245361328,27.693424705361824,27.38946962999341,27.574970245361328,134472400
2015-07-29,27.487804412841797,27.601787982354193,27.326886833563385,27.52356463274417,148046800
2015-07-30,27.3492374420166,27.39393601112983,27.20172909468894,27.338061947167738,134513200
2015-07-31,27.1101016998291,27.409585921458618,27.022938279794158,27.40064586489844,171540000
2015-08-03,26.470909118652344,27.393948460952213,26.265291173916694,27.154807426716843,279904000
2015-08-04,25.62161636352539,26.305514513708847,25.310956634838035,26.2429358209001,496554400
2015-08-05,25.791465759277344,26.24739828151322,25.053927504602054,25.243898962581767,397250400
2015-08-06,25.847597122192383,26.15517360004119,25.62084534827494,26.036184672313123,211612000
2015-08-07,25.93515968322754,26.09905125335858,25.706162309759637,25.72412335826767,154681600
2015-08-10,26.87809181213379,26.938708204443447,26.16191090980499,26.16191090980499,219806400
2015-08-11,25.479406356811523,26.532349173520984,25.443485976075305,26.449280616725197,388331200
2015-08-12,25.87229347229004,25.91270496835857,24.612803843156907,25.263877185212362,404870000
2015-08-13,25.852092742919922,26.132727701673154,25.715142746019552,26.051904696523433,194143200
2015-08-14,26.033935546875,26.11251296830233,25.596145832594658,25.665742732593245,171718000
2015-08-17,26.303348541259766,26.41335694167236,25.93066457455252,26.05189905602863,163538800
2015-08-18,26.155176162719727,26.366214183735753,26.0451677468721,26.139460674741493,138242800
2015-08-19,25.820653915405273,26.1596596092665,25.74656589772991,26.065366702875668,193146000
2015-08-20,25.290822982788086,25.672485843923475,25.061823895818957,25.61186944611392,274006400
2015-08-21,23.743961334228516,25.122440013835654,23.719265322634598,24.792413052407607,513102000
2015-08-24,23.151254653930664,24.42645956080686,20.654726255156334,21.29906452778893,648825200
2015-08-25,23.290454864501953,24.945079116046035,23.236573434688918,24.945079116046035,414406400
2015-08-26,24.62627601623535,24.67117691823367,23.584559331565895,24.042554013099515,387098400
2015-08-27,25.351428985595703,25.423271437511183,24.70035580162839,25.19651971566308,338464400
2015-08-28,25.434497833251953,25.4389872371767,25.041609044757905,25.183048391986457,212657600
2015-08-31,25.315513610839844,25.712891876712465,25.14488711155364,25.151622075115288,224917200
2015-09-01,24.183990478515625,25.117942421569474,24.103167500105478,24.72954472635448,307383600
2015-09-02,25.221216201782227,25.221216201782227,24.500546061527814,24.747506117291053,247555200
2015-09-03,24.77893829345703,25.320001458230458,24.70485027311687,25.254893959706628,212935600
2015-09-04,24.53197479248047,24.796894153979583,24.361350040426853,24.46462345757272,199985200
2015-09-08,25.214488983154297,25.270615974364496,24.767718612721875,25.0887650709586,219374400
2015-09-09,24.729549407958984,25.598394021061996,24.644235296342114,25.540023191161584,340043200
2015-09-10,25.27286148071289,25.432261929873018,24.673425626929063,24.756492477515987,251571200
2015-09-11,25.641050338745117,25.641050338745117,25.091006598413887,25.097741562219316,199662000
2015-09-14,25.888010025024414,26.242732981471587,25.78698213712246,26.173136068155117,233453600
2015-09-15,26.105783462524414,26.161910448542177,25.688198549523484,26.027206024671482,173364800
2015-09-16,26.134965896606445,26.16415130746334,25.91719295592064,26.09904380983546,148694000
2015-09-17,25.575942993164062,26.152928305170427,25.53104209227515,25.966588024907818,256450400
2015-09-18,25.470428466796875,25.661261611250925,25.11570717659095,25.192039064084668,297141200
2015-09-21,25.865556716918945,25.901478805540528,25.517570475909544,25.5198143218038,200888000
2015-09-22,25.459203720092773,25.63431965974301,25.261635613525446,25.454712601565415,201384800
2015-09-23,25.665742874145508,25.755546376068878,25.43674557145728,25.51083187614918,143026800
2015-09-24,25.818410873413086,25.930664833732273,25.22795565876358,25.42552201229593,200878000
2015-09-25,25.753305435180664,26.197831907334532,25.598394409408012,26.14170492267599,224607600
2015-09-28,25.243667602539062,25.721868789768884,25.243667602539062,25.560222835533658,208436000
2015-09-29,24.484834671020508,25.483896002469564,24.215425836056493,25.3312305392274,293461600
2015-09-30,24.76322364807129,25.04161298237844,24.410746290912083,24.73403652296381,265892000
2015-10-01,24.60158348083496,24.610564005074895,24.091949435592834,24.487083937850628,255716400
2015-10-02,24.781187057495117,24.92262816309932,24.1458308568426,24.249104308937568,232079200
2015-10-05,24.87098503112793,25.00344558357738,24.48707672546084,24.66892757739279,208258800
2015-10-06,24.98997688293457,25.086515360355172,24.644234468750543,24.837311423591746,192787200
2015-10-07,24.87098503112793,25.093247373806907,24.56341030258716,25.086512410825627,187062400
2015-10-08,24.583614349365234,24.738525344065252,24.293998961076174,24.738525344065252,247918400
2015-10-09,25.171825408935547,25.207745780884906,24.581368558123327,24.69586806237676,211064400
2015-10-12,25.055082321166992,25.313266759288155,25.019161946386163,25.30877735476283,121868800
2015-10-13,25.097740173339844,25.245914507438194,24.848536249172213,24.879967220431244,132197200
2015-10-14,24.743022918701172,25.037127808320886,24.597092397100447,24.985491934943003,177849600
2015-10-15,25.113454818725586,25.167336237244093,24.80587836699943,24.904662394999534,150694000
2015-10-16,24.929357528686523,25.144884908069713,24.814858019593803,25.09549289579994,156930400
2015-10-19,25.084280014038086,25.088769420454877,24.720576431313255,24.875487502024594,119036800
2015-10-20,25.542264938354492,25.63206844763822,24.879967268998524,24.99671063206574,195871200
2015-10-21,25.54002571105957,25.94863012497534,25.526554068872166,25.593907141229842,167180800
2015-10-22,25.93067169189453,25.93067169189453,25.616360177299576,25.66799776636173,166616400
2015-10-23,26.73440933227539,26.768085870162935,26.117012418156563,26.200079270371326,237467600
2015-10-26,25.88127326965332,26.521120512088146,25.800450279781604,26.509896143575677,265335200
2015-10-27,25.71738052368164,26.164150763231532,25.59165493545775,25.908211895319788,279537600
2015-10-28,26.777061462402344,26.78379813945785,26.056391174832783,26.25171370081057,342205600
2015-10-29,27.0599365234375,27.095858609092918,26.55254819714031,26.649086661265095,204909200
2015-10-30,26.828699111938477,27.21485304685405,26.81747302967664,27.163215466453153,197461200
2015-11-02,27.205867767333984,27.246279258408084,26.85339042796631,27.120555380781713,128813200
2015-11-03,27.51793670654297,27.72448358951764,27.098106263941776,27.11831286817819,182076000
2015-11-04,27.38996696472168,27.79857132141872,27.304654569493785,27.64366030440483,179544400
2015-11-05,27.263700485229492,27.662781423640762,27.09685397164177,27.47338664265119,158210800
2015-11-06,27.295265197753906,27.464366877178666,27.19606004888809,27.306539331125386,132169200
2015-11-09,27.184785842895508,27.464366803810695,27.06754276902502,27.27271857834618,135485600
2015-11-10,26.328006744384766,26.62111704753071,26.167924007192934,26.357318806814234,236511600
2015-11-11,26.179197311401367,26.474561055984985,25.976274932599434,26.237819714208904,180872000
2015-11-12,26.091266632080078,26.33928212793578,26.075483874712667,26.213020068996485,130102400
2015-11-13,25.329177856445312,26.057443230948376,25.313395100722527,25.974019110590017,183249600
2015-11-16,25.74403953552246,25.75756711930547,25.02704835177215,25.112725916049918,152426800
2015-11-17,25.63357162475586,25.940209607925272,25.550147473975713,25.9108975364715,110467600
2015-11-18,26.445247650146484,26.490340742347474,26.041658110240164,26.100280506254414,186698800
2015-11-19,26.781198501586914,26.99990363296767,26.325752032261562,26.52416406599485,173183200
2015-11-20,26.89845085144043,27.03824052253177,26.796988775121513,26.87590257657499,137148400
2015-11-23,26.548965454101562,26.99539467467256,26.4565223707776,26.89167745721936,129930000
2015-11-24,26.803749084472656,26.909719769871206,26.40692495727556,26.454273231991408,171212800
2015-11-25,26.612102508544922,26.88266630724923,26.587300783992234,26.878155964498703,85553200
2015-11-27,26.56249237060547,26.697775095987275,26.51514410479836,26.67071820687265,52185600
2015-11-30,26.672975540161133,26.92324619414005,26.54896693857106,26.60307900099607,156721200
2015-12-01,26.456520080566406,26.787959641055217,26.348295971136103,26.77443205742423,139409600
2015-12-02,26.217527389526367,26.630135951895063,26.17243429076986,26.456523909280463,133546400
2015-12-03,25.974029541015625,26.332526165239944,25.753070872165964,26.27841408391644,166278000
2015-12-04,26.837570190429688,26.887173637150276,25.953732274909825,25.9943167567547,231108000
2015-12-07,26.66846466064453,27.024705981494215,26.562493988729248,26.826293943140787,128336800
2015-12-08,26.65719223022461,26.740614633024812,26.348299178252695,26.497107776880153,137238000
2015-12-09,26.068721771240234,26.535442449574763,25.946968326432316,26.524168313499498,185445600
2015-12-10,26.192716598510742,26.366328581002822,26.043908047994105,26.163406266488444,116850800
2015-12-11,25.518577575683594,26.016863782851292,25.44417240424712,25.971770677842837,187544800
2015-12-14,25.36074447631836,25.405837571526742,24.75423254067508,25.293103113314466,257274800
2015-12-15,24.912059783935547,25.432894144121875,24.880494273644413,25.23899074079559,213292400
2015-12-16,25.103710174560547,25.250265325049025,24.531020598508277,25.042834319534705,224954000
2015-12-17,24.57160758972168,25.30889031919613,24.57160758972168,25.257031702415023,179091200
2015-12-18,23.906471252441406,24.693357365445674,23.856867810785346,24.555822895660434,385813200
2015-12-21,24.1995792388916,24.208598201981307,23.802753463901215,24.18830510498164,190362400
2015-12-22,24.177030563354492,24.287509841144875,24.001163378870952,24.215359862968743,131157600
2015-12-23,24.488183975219727,24.54229604416937,24.17027191473331,24.186054673184938,130629600
2015-12-24,24.35740852355957,24.5761136635021,24.33937059609821,24.5761136635021,54281600
2015-12-28,24.08458709716797,24.280745653474778,23.9402871431691,24.25819738800715,106816800
2015-12-29,24.51749610900879,24.673070253801196,24.093615050970072,24.116161604660853,123724800
2015-12-30,24.19732093811035,24.50846738359693,24.165755431475095,24.481412218018765,100855200
2015-12-31,23.732858657836914,24.131937883584733,23.633651784009544,24.12742926213409,163649200
2016-01-04,23.75314712524414,23.757657466333654,22.99782669071477,23.135362850696097,270597600
2016-01-05,23.157915115356445,23.86588746445505,23.09027546402736,23.84334091401202,223164000
2016-01-06,22.704721450805664,23.081255885975757,22.517583538933,22.67315593698659,273829600
2016-01-07,21.74648094177246,22.576206800086034,21.74197231936601,22.24927748958022,324377600
2016-01-08,21.861474990844727,22.346233706109675,21.816381876946977,22.21997161104235,283192000
2016-01-11,22.215456008911133,22.33495428062653,21.947147400212437,22.31466290023333,198957600
2016-01-12,22.537874221801758,22.70246729894013,22.285348398855252,22.670901786095747,196616800
2016-01-13,21.958425521850586,22.815208400151928,21.938134137774238,22.61904975312089,249758400
2016-01-14,22.438661575317383,22.6551132080456,21.586389507142382,22.08693068246827,252680400
2016-01-15,21.899791717529297,22.030564080908896,21.500712556405194,21.690105590107198,319335600
2016-01-19,21.79383087158203,22.24251362799293,21.532286047822236,22.18840155832223,212350800
2016-01-20,21.823139190673828,22.138796054786017,21.063308233798463,21.442096126694782,289337600
2016-01-21,21.71265983581543,22.06889945737359,21.406021936612106,21.884014993459072,208646000
2016-01-22,22.86705780029297,22.876076763652687,22.179378615980323,22.237999297531434,263202000
2016-01-25,22.42063331604004,22.891862603783906,22.368774699782414,22.88960743259229,207178000
2016-01-26,22.544635772705078,22.74530296448651,22.111735879436683,22.53110818860021,300308000
2016-01-27,21.063312530517578,21.787067778474743,21.04527459855925,21.654041900713786,533478800
2016-01-28,21.21436882019043,21.31132051985927,20.831072363001763,21.14672917961133,222715200
2016-01-29,21.947141647338867,21.947141647338867,21.272990125762874,21.372196991080568,257666000
2016-02-01,21.741971969604492,21.805103003429338,21.509739215095234,21.750990934463992,163774000
2016-02-02,21.302309036254883,21.654040078890674,21.257214210153034,21.51424869826253,149428800
2016-02-03,21.72393035888672,21.834409649360104,21.212116661223543,21.419547657269064,183857200
2016-02-04,21.898487091064453,22.063973316124038,21.57885168310811,21.730735187098187,185886800
2016-02-05,21.31361961364746,21.97102794813434,21.238812432834692,21.880350638286867,185672400
2016-02-08,21.538049697875977,21.694466308951053,21.091465304208224,21.111866794099107,216085600
2016-02-09,21.53351402282715,21.748872874857327,21.29322059398766,21.374830009353154,177324800
2016-02-10,21.37029266357422,21.84181329000121,21.33175536907968,21.74433548482184,169374400
2016-02-11,21.241073608398438,21.472300785963785,20.989444948443747,21.26147682031325,200298800
2016-02-12,21.30681610107422,21.42242969799724,21.084658539407094,21.352155614340887,161405600
2016-02-16,21.907550811767578,21.95515600260538,21.44736557080993,21.540308544485956,196231600
2016-02-17,22.24306297302246,22.263464462576152,21.79647858673577,21.91435789527349,179452800
2016-02-18,21.821413040161133,22.417613487779054,21.7828740139564,22.406278174861324,156084000
2016-02-19,21.771535873413086,21.93475465991879,21.71713018775304,21.76246797088215,141496800
2016-02-22,21.96196174621582,21.966496563298843,21.744337223431817,21.83274713176513,137123200
2016-02-23,21.465505599975586,21.87581832284174,21.433768799838198,21.85314942696159,127770400
2016-02-24,21.785139083862305,21.848612678525644,21.154934494668073,21.304552307396584,145022800
2016-02-25,21.93475341796875,21.93475341796875,21.59244746729102,21.773802048590266,110330800
2016-02-26,21.96876335144043,22.220390347611303,21.89395443741686,22.03450263155408,115964400
2016-02-29,21.918886184692383,22.267992648023185,21.90981828219379,21.957423473167232,140865200
2016-03-01,22.78938865661621,22.843794353031356,22.084375093578036,22.136515111056735,201628400
2016-03-02,22.83926010131836,22.870996900069787,22.58763139012787,22.78485440767674,132678400
2016-03-03,23.009281158447266,23.056886360197492,22.77125342017019,22.800724542343627,147822800
2016-03-04,23.35158348083496,23.51933536446856,22.97980810114662,23.20650049020174,184220400
2016-03-07,23.093164443969727,23.310789025554723,22.886873449102627,23.211043777089188,143315600
2016-03-08,22.902729034423828,23.06821521951815,22.75991346912839,22.846055943977557,126247600
2016-03-09,22.923133850097656,23.027412136271312,22.730443945478886,22.96620422577282,108806800
2016-03-10,22.93447494506836,23.177035799435455,22.70324940510743,22.988882378786585,134054400
2016-03-11,23.181560516357422,23.186093602429043,23.009273843703955,23.1770257007604,109632800
2016-03-14,23.24050521850586,23.328916849974,23.07275331860583,23.102224438937156,100304400
2016-03-15,23.707490921020508,23.843506011179247,23.542004712818144,23.56694101445858,160270800
2016-03-16,24.022594451904297,24.099669039487516,23.709757825882104,23.71429264251982,153214000
2016-03-17,23.984054565429688,24.13593804538442,23.793632066323628,23.92057924604393,137682800
2016-03-18,24.01126480102539,24.14274684210625,23.845780274773798,24.106475218555858,176820800
2016-03-21,24.008991241455078,24.403435505706756,23.834437137081917,24.013524328147923,142010800
2016-03-22,24.192611694335938,24.32182628508781,23.850305707439503,23.85937361041647,129777600
2016-03-23,24.058868408203125,24.27195985856076,24.006730114728015,24.138212147056176,102814000
2016-03-24,23.954586029052734,24.086068039081677,23.77776622981937,23.909248239848313,104532000
2016-03-28,23.84577178955078,24.072464167496427,23.81630067352147,24.029392062238568,77645600
2016-03-29,24.410234451293945,24.43517075033608,23.775495123990456,23.777762531955794,124760400
2016-03-30,24.836421966552734,25.031377593845086,24.618797442266708,24.63013275552653,182404400
2016-03-31,24.707202911376953,24.913493814859084,24.68226661030712,24.8726891157926,103553600
2016-04-01,24.933902740478516,24.936170149304875,24.528123036869413,24.659605076379304,103496000
2016-04-04,25.19005584716797,25.432616604933102,24.99736595616047,25.03137015631035,149424800
2016-04-05,24.893091201782227,25.10164951845118,24.80468130659051,24.825084521379363,106314800
2016-04-06,25.153791427612305,25.158326244675166,24.754812272852305,24.988306924862925,105616400
2016-04-07,24.605192184448242,25.031373254435376,24.50998179586479,24.924827554557172,127207600
2016-04-08,24.63239288330078,24.88401981393905,24.521312380670523,24.68906597379666,94326800
2016-04-11,24.71400260925293,25.07444439430326,24.670932232951458,24.70266902792122,117630000
2016-04-12,25.035913467407227,25.04951446027216,24.632401203504386,24.786550401376438,108929200
2016-04-13,25.398616790771484,25.46662347328959,25.1175186980733,25.1175186980733,133029200
2016-04-14,25.412212371826172,25.477953361600637,25.2376600213753,25.30340101114977,101895600
2016-04-15,24.902156829833984,25.457554181436986,24.874954851968493,25.41448207711589,187756000
2016-04-18,24.364898681640625,24.698135039997922,24.242484584284085,24.684534050133532,243286000
2016-04-19,24.235681533813477,24.482775381098627,24.08153065667739,24.455571674712676,129539600
2016-04-20,24.285558700561523,24.503183219521382,24.042997876661126,24.174479897342895,122444000
2016-04-21,24.022594451904297,24.240218953318198,23.920581831865228,24.240218953318198,126210000
2016-04-22,23.956851959228516,24.13820656390819,23.716558578124786,23.80496847228656,134732400
2016-04-25,23.820833206176758,23.95004778003839,23.691618632315123,23.80269740259344,112126400
2016-04-26,23.65534782409668,23.87070660748999,23.5556043600705,23.5556043600705,224064800
2016-04-27,22.175050735473633,22.376806835264738,21.68992913265842,21.76247063225156,458408400
2016-04-28,21.49724006652832,22.188650828210754,21.365758063359937,22.12744464302586,328970800
2016-04-29,21.25014305114746,21.472302342805527,20.97131239445713,21.30681614570532,274126000
2016-05-02,21.22747230529785,21.32721749645648,20.946374265108137,21.302281198666822,192640400
2016-05-03,21.576580047607422,21.70352722254671,21.236541489426717,21.354420761938123,227325200
2016-05-04,21.352157592773438,21.73980138711214,21.268280782602496,21.581115670263795,164102000
2016-05-05,21.265483856201172,21.454784488368706,21.13776378633173,21.438819479635022,143562000
2016-05-06,21.146896362304688,21.313388422183426,20.94847253061062,21.295143932646955,174799600
2016-05-09,21.16285514831543,21.386365304832808,21.117239587761883,21.21075018185487,131745600
2016-05-10,21.306541442871094,21.340752680189393,21.007766899739963,21.286015744513602,134747200
2016-05-11,21.0989990234375,21.3407554490906,21.08759469616645,21.320229748069956,114876400
2016-05-12,20.60407257080078,21.16057012906534,20.405650573264623,21.146886333388476,305258800
2016-05-13,20.645132064819336,20.90741591653148,20.526535072248734,20.526535072248734,177571200
2016-05-16,21.41145896911621,21.5277765035595,20.902857952729107,21.071631220314156,245039200
2016-05-17,21.322505950927734,21.598473576008658,21.213032082163878,21.56426407955481,187667600
2016-05-18,21.566547393798828,21.714794951707475,21.413739148902632,21.47531973359912,168249600
2016-05-19,21.48443603515625,21.58478852575027,21.340750938214907,21.58478852575027,121768400
2016-05-20,21.717073440551758,21.7649684781644,21.557421575120426,21.58479091378016,128104000
2016-05-23,21.9930419921875,22.1663776641088,21.8197063202662,21.865321886590717,152074400
2016-05-24,22.328304290771484,22.371636894552335,22.08654619048236,22.173214878155196,140560800
2016-05-25,22.720600128173828,22.747967735077896,22.3762099074944,22.50393004653042,152675200
2016-05-26,22.900760650634766,22.973743781320685,22.49707134961022,22.73426695935324,225324800
2016-05-27,22.887086868286133,22.914456208866284,22.63620733649736,22.67954169073527,145364800
2016-05-31,22.775333404541016,22.898492835892128,22.53813765601918,22.71603403239653,169228800
2016-06-01,22.456026077270508,22.70234488193408,22.426377268212295,22.58374616558983,116693200
2016-06-02,22.287250518798828,22.314618111966887,22.038650527170688,22.259881185575253,160766400
2016-06-03,22.332862854003906,22.412687895546195,22.225668481051944,22.303214050018312,114019600
2016-06-06,22.49480438232422,23.23832169331068,22.248487247812207,22.34883802851851,93170000
2016-06-07,22.586030960083008,22.777612862996868,22.570065946511516,22.63620721418083,89638000
2016-06-08,22.565502166748047,22.706906056125884,22.506202807300966,22.58374665114614,83392400
2016-06-09,22.72743034362793,22.804974176725523,22.45602344767536,22.46514655863781,106405600
2016-06-10,22.540409088134766,22.65900604090231,22.460584048766677,22.471986631501913,126851600
2016-06-13,22.20058250427246,22.606553129102913,22.145845576227288,22.508481857158543,152082000
2016-06-14,22.227956771850586,22.46059181277351,22.066025424570018,22.19602674506602,127727600
2016-06-15,22.15497589111328,22.444629115477838,22.1298877617571,22.310065354380505,117780800
2016-06-16,22.248485565185547,22.29409939477904,21.9109373100031,21.997604282253157,125307200
2016-06-17,21.74216079711914,22.043216551506706,21.73531889771012,22.036374652097685,244032800
2016-06-20,21.6897029876709,22.02496997379226,21.67373797595349,21.894968666934567,137647600
2016-06-21,21.874448776245117,21.974799559371675,21.59391865010059,21.6532180265319,142185600
2016-06-22,21.792339324951172,22.097955797550195,21.746723757361476,21.951989461375142,116876400
2016-06-23,21.917774200439453,21.961108546687086,21.72391285889613,21.88128349311697,128960800
2016-06-24,21.301982879638672,21.58935486567502,21.13092841605494,21.190227783979644,301245600
2016-06-27,20.991796493530273,21.222150242888006,20.868637114865408,21.210745920027136,181958400
2016-06-28,21.345314025878906,21.3612807785024,21.01460944838268,21.187945113442538,161779600
2016-06-29,21.530054092407227,21.56426533090208,21.354437213493046,21.431982803418443,146124000
2016-06-30,21.803739547729492,21.842511470934888,21.507246220795786,21.539176244618556,143345600
2016-07-01,21.86988067626953,22.00216319705296,21.74216058175079,21.778651291589384,104106000
2016-07-05,21.664623260498047,21.758133893983512,21.543745019207233,21.75585267998092,110820800
2016-07-06,21.787778854370117,21.817429410979575,21.52321549882012,21.575671231188004,123796400
2016-07-07,21.88128089904785,22.009000969618565,21.808297752999522,21.82654223447001,100558400
2016-07-08,22.050060272216797,22.097955312091806,21.906375152591764,22.00672591897257,115648400
2016-07-11,22.11847496032715,22.27128313943949,22.06145682722057,22.066017512244752,95179600
2016-07-12,22.218833923339844,22.282693977670235,22.150413182295562,22.161815769108287,96670000
2016-07-13,22.09339141845703,22.275848438154696,22.086547779420336,22.216550820282194,103568800
2016-07-14,22.531291961669922,22.576905784835496,22.196024967229924,22.211989979343457,155676000
2016-07-15,22.529016494750977,22.6476152493206,22.465156430008687,22.560946527122123,120548000
2016-07-18,22.76848030090332,22.83690101350632,22.48795033307079,22.51075723727179,145975600
2016-07-19,22.777610778808594,22.80725958985531,22.656730841335474,22.706907090842087,95119600
2016-07-20,22.79813003540039,22.912166301127716,22.747953800071514,22.807253145465214,105104000
2016-07-21,22.677257537841797,23.035331432084845,22.60883506528855,22.76848692122754,130808000
2016-07-22,22.50164222717285,22.647608543379352,22.421815429825386,22.63848543110948,113254800
2016-07-25,22.20058250427246,22.542691349652046,22.104792445179516,22.408129372362747,161531600
2016-07-26,22.047779083251953,22.344274176203317,21.990760929996377,22.081990323216484,224959200
2016-07-27,23.480072021484375,23.79937398974331,23.434458200328418,23.781127765258628,369379200
2016-07-28,23.79709243774414,23.82218056103933,23.450422877751294,23.452704090793322,159479200
2016-07-29,23.76744842529297,23.844994023871223,23.64657021050481,23.762887738344162,110934800
2016-08-01,24.18709945678711,24.20990636833348,23.813060539248017,23.813060539248017,152671600
2016-08-02,23.82902717590332,24.19166179236429,23.719551556938992,24.187101105766413,135266400
2016-08-03,24.127798080444336,24.139200665237684,23.895163077947462,23.90428618981554,120810400
2016-08-04,24.27685546875,24.30666489966233,24.141562744954985,24.210355892577184,109634800
2016-08-05,24.646034240722656,24.685016196080177,24.34793302444092,24.368569912754236,162213600
2016-08-08,24.850120544433594,24.850120544433594,24.572657940892707,24.655207251081908,112148800
2016-08-09,24.951017379760742,24.98082855670486,24.76757192313929,24.81801999229191,105260800
2016-08-10,24.76527214050293,24.971649758236808,24.71023869226782,24.928080664081385,96034000
2016-08-11,24.749223709106445,24.97853181286932,24.730878640929735,24.884514650575184,109938000
2016-08-12,24.806550979614258,24.866171577035363,24.71482738730841,24.71482738730841,74641600
2016-08-15,25.104656219482422,25.118414148202916,24.7836244699733,24.797382398693795,103472800
2016-08-16,25.081722259521484,25.276635566731418,25.042740297872363,25.13904929117566,135177600
2016-08-17,25.045026779174805,25.079423338326666,24.843234565207442,25.01750918195698,101424000
2016-08-18,25.012928009033203,25.13216745145734,24.999168333362828,25.047324573986195,87938800
2016-08-19,25.077136993408203,25.1528090954496,24.847828865633428,24.941844288290355,101472400
2016-08-22,24.88222312927246,25.017514072372965,24.730878939212225,24.962480616661068,103280800
2016-08-23,24.960186004638672,25.06796109012888,24.886807483589457,24.90056540957308,85030800
2016-08-24,24.772157669067383,24.93725980701721,24.691900171309065,24.895984272529752,94700400
2016-08-25,24.666675567626953,24.73776052836212,24.46259147111189,24.6254000340912,100344800
2016-08-26,24.5222110748291,24.753811017933824,24.377745838605023,24.629986171859084,111065200
2016-08-29,24.49469566345215,24.636867341334742,24.37316262808455,24.448834734835717,99881200
2016-08-30,24.306659698486328,24.421313753667867,24.19200564330479,24.26079877620653,99455600
2016-08-31,24.329587936401367,24.43736301834071,24.22410642521104,24.228693566709076,118649600
2016-09-01,24.474056243896484,24.490107742203424,24.219524092542073,24.338763544324756,106806000
2016-09-02,24.703367233276367,24.765279662660802,24.49469598155244,24.696486519360487,107210000
2016-09-06,24.69648551940918,24.83407180043899,24.652918163266495,24.742348196246528,107521600
2016-09-07,24.847824096679688,24.939547680081855,24.552016458685664,24.7262910922016,169457200
2016-09-08,24.19659423828125,24.597883484529294,24.13238823879873,24.59329809148723,212008000
2016-09-09,23.648548126220703,24.242457125529008,23.648548126220703,23.994803911543716,186228000
2016-09-12,24.17824363708496,24.242449617236453,23.51095630876392,23.538473907178165,181171200
2016-09-13,24.75380516052246,24.946424846748226,24.590996642708312,24.652910800577267,248704800
2016-09-14,25.62976837158203,25.91869709905094,24.902862034921178,24.932673210851508,443554800
2016-09-15,26.50113868713379,26.537828825155824,26.024177389739744,26.10902202180415,359934400
2016-09-16,26.352087020874023,26.629549618135165,26.150296518179193,26.39794969158785,319547600
2016-09-19,26.04482078552246,26.64102164139004,25.969148674145867,26.41400705674264,188092000
2016-09-20,26.042522430419922,26.168642592880882,25.799456389475605,25.923282980942165,138057200
2016-09-21,26.037935256958008,26.138829630543682,25.783403127933372,26.106726636746156,144012800
2016-09-22,26.283294677734375,26.35667319871073,26.141123027944335,26.22138051190567,124296000
2016-09-23,25.845314025878906,26.3222752621018,25.57931755726196,26.237430640918873,209924800
2016-09-26,25.884302139282227,26.00124978020245,25.57932364356187,25.5999605363513,119477600
2016-09-27,25.932456970214844,25.953095612750452,25.76047586350802,25.911820077161522,98429600
2016-09-28,26.12965202331543,26.287875140226724,26.010412605145117,26.07003318897108,118564400
2016-09-29,25.723787307739258,26.095267125689546,25.63665084403934,25.94851005552006,143548000
2016-09-30,25.923282623291016,25.996661148760822,25.636647484818017,25.787989928201096,145516400
2016-10-03,25.801746368408203,25.92328112968327,25.746712914847194,25.845315466780058,86807200
2016-10-04,25.911815643310547,26.212208698456283,25.82697101537292,25.9255735696586,118947200
2016-10-05,25.923282623291016,26.063160710824405,25.840731563452227,26.003540112167048,85812400
2016-10-06,26.11590003967285,26.219087987529836,25.941625389342697,26.072330939719812,115117200
2016-10-07,26.154882431030273,26.269536485873623,26.02876402039181,26.212209458451948,97433600
2016-10-10,26.6112060546875,26.771721027005228,26.306225857801827,26.375017239017144,144944000
2016-10-11,26.668533325195312,27.216579556472453,26.645601115097758,26.989563272777065,256164000
2016-10-12,26.907014846801758,27.053773657956466,26.771723891299526,26.909308417932255,150347200
2016-10-13,26.824460983276367,26.929942494130234,26.53553230168768,26.780891886593427,140769600
2016-10-14,26.973514556884766,27.097341156356055,26.85886049250196,27.030841589076168,142608800
2016-10-17,26.95516586303711,27.021663667579364,26.778597659374086,26.904717804847675,94499600
2016-10-18,26.93682289123535,27.10651039603755,26.932235749507687,27.099631432928025,98214000
2016-10-19,26.856571197509766,27.003328273768098,26.095268208363795,26.886380627240182,80138400
2016-10-20,26.842803955078125,26.916182472530696,26.67541003220906,26.79694303772596,96503200
2016-10-21,26.737323760986328,26.80841046070586,26.66394523992373,26.785478251419725,92770800
2016-10-24,26.97810173034668,26.998738622207984,26.82905109658035,26.851981559586974,94154800
2016-10-25,27.11568260192871,27.14090663267976,26.90013242986774,27.046889472701864,192516000
2016-10-26,26.505718231201172,26.53094225815516,25.982896126121517,26.21220418971657,264536800
2016-10-27,26.251195907592773,26.567640502186865,26.16405769714522,26.459865399464192,138248000
2016-10-28,26.076915740966797,26.41858429821849,26.015001578224215,26.111312303659133,151446800
2016-10-31,26.03564453125,26.193867696172408,25.95767885959181,26.060868564773347,105677600
2016-11-01,25.56556510925293,26.088387410427927,25.345429495573054,26.017302443885708,175303200
2016-11-02,25.588491439819336,25.762766095213102,25.505942128824454,25.54492408808244,113326800
2016-11-03,25.31421661376953,25.689907252620134,25.249680971116852,25.579275224776794,107730400
2016-11-04,25.086030960083008,25.41101622939243,24.917777597000175,25.014581046318856,123348000
2016-11-07,25.44789695739746,25.47094514851172,25.22893474565132,25.37183634410256,130240000
2016-11-08,25.59770393371582,25.74982511784362,25.28424369835893,25.424839910914468,97016800
2016-11-09,25.556222915649414,25.657637063868663,24.90395050891112,25.325737494034183,236705600
2016-11-10,24.844026565551758,25.604627486259076,24.39227530004007,25.604627486259076,228538000
2016-11-11,24.991535186767578,25.092949338438874,24.55822321242851,24.689599836882564,136575600
2016-11-14,24.364614486694336,24.84863353586414,23.988923870500464,24.82558534465877,204702000
2016-11-15,24.68729019165039,24.818666793229063,24.468329775173924,24.562827870397335,129058000
2016-11-16,25.351093292236328,25.40641106445219,24.569747783947065,24.59279597647149,235362000
2016-11-17,25.341867446899414,25.434061952845173,25.083724940408022,25.30959963358799,110528000
2016-11-18,25.367219924926758,25.477853679152993,25.27502718127941,25.288855741133737,113715600
2016-11-21,25.752140045166016,25.81206499593885,25.35570479069008,25.381058330811058,117058400
2016-11-22,25.76827621459961,25.911176080389367,25.676081675031153,25.802847628281274,103862000
2016-11-23,25.63688850402832,25.701424126337557,25.42945131913162,25.6668509691108,109705600
2016-11-25,25.765966415405273,25.784405671825745,25.572357739918893,25.613845187632812,45903600
2016-11-28,25.715259552001953,25.92269679228589,25.67377210394517,25.682991732231596,108776000
2016-11-29,25.689908981323242,25.821285622267933,25.369534334835937,25.533178799278307,114115200
2016-11-30,25.473251342773438,25.86046697188614,25.41562997986062,25.722176052588267,144649200
2016-12-01,25.23584747314453,25.570052378346286,25.1298243937763,25.43867576277433,148347600
2016-12-02,25.330347061157227,25.374138093561744,25.088336675834014,25.16209193713356,106112000
2016-12-05,25.148265838623047,25.360312015822757,24.95004822475157,25.353397734158637,137298000
2016-12-06,25.341867446899414,25.4363672990714,25.166699819912807,25.2381497267504,104782000
2016-12-07,25.590803146362305,25.62768166806595,25.15979641435532,25.18284461118775,119994800
2016-12-08,25.842029571533203,25.913479499111155,25.491690698936363,25.551617408966116,108273200
2016-12-09,26.26381492614746,26.436679004446273,25.885818948944532,25.885818948944532,137610400
2016-12-12,26.113994598388672,26.505819046119658,25.927300242395322,26.11168925218868,105497600
2016-12-13,26.549612045288086,26.717865391499608,26.217712528374275,26.23845536894942,174935200
2016-12-14,26.549612045288086,26.78240101790753,26.501210325482145,26.515038885865575,136127200
2016-12-15,26.694822311401367,26.904564895814616,26.558836752379893,26.59340815995195,186098000
2016-12-16,26.729393005371094,26.85154999006606,26.65563774526484,26.84463570919112,177404400
2016-12-19,26.88382339477539,27.054382139512974,26.67869148001228,26.690216456175612,111117600
2016-12-20,26.955270767211914,27.082038459129734,26.893040473838635,26.90686903715174,85700000
2016-12-21,26.980623245239258,27.05898920401707,26.916087607695317,26.92069830092802,95132800
2016-12-22,26.80314826965332,26.853855340696292,26.653332402971124,26.816976831405366,104343600
2016-12-23,26.85616111755371,26.85616111755371,26.641809600606074,26.641809600606074,56998000
2016-12-27,27.026723861694336,27.151186213418192,26.84924908372231,26.85616336574068,73187600
2016-12-28,26.911479949951172,27.201890332679678,26.78240691027418,27.086647614892843,83623600
2016-12-29,26.90456771850586,26.992151557651038,26.8285070969389,26.84003031451712,60158000
2016-12-30,26.694822311401367,27.012891570314178,26.60493313478548,26.886125639466673,122345200
2017-01-03,26.77088737487793,26.812374829324764,26.450512716052494,26.690217813027022,115127600
2017-01-04,26.74091339111328,26.853852495000535,26.678683111359508,26.70173129799187,84472400
2017-01-05,26.876901626586914,26.934522974425672,26.692512610117298,26.71786614384347,88774400
2017-01-06,27.176538467407227,27.23415982612011,26.844638878512438,26.91608880060783,127007600
2017-01-09,27.42546272277832,27.52687688171069,27.183454059595714,27.185757647960976,134247600
2017-01-10,27.45311737060547,27.51534765768287,27.266424750909138,27.37475141667616,97848400
2017-01-11,27.600631713867188,27.642119163817423,27.335573103544274,27.367840924787302,110354400
2017-01-12,27.485380172729492,27.496905144531254,27.245675178656068,27.404710645508583,108344800
2017-01-13,27.436986923217773,27.57066890013058,27.383974498419818,27.453120833640746,104447600
2017-01-17,27.65825080871582,27.71356681796327,27.24798703640748,27.27564416179909,137759200
2017-01-18,27.65594482421875,27.773492879814494,27.591409188507892,27.658250170769623,94852000
2017-01-19,27.60753631591797,27.678986215266292,27.51303823211507,27.519952511605066,102389200
2017-01-20,27.65825080871582,27.761968545862814,27.596020518120472,27.761968545862814,130391600
2017-01-23,27.67669105529785,27.84494443566681,27.605239375728736,27.658251798733932,88200800
2017-01-24,27.651334762573242,27.681297232656597,27.54300633913202,27.554531312952452,92844000
2017-01-25,28.091562271118164,28.142269344718223,27.72278595193256,27.75505376995729,129510400
2017-01-26,28.105396270751953,28.220638995485604,28.027030303531564,28.0431642146557,105350400
2017-01-27,28.107694625854492,28.199889140168846,28.02702508525347,28.151487415808234,82251600
2017-01-30,28.033937454223633,28.033937454223633,27.810368102223347,27.87259838402467,121510000
2017-01-31,27.96941375732422,27.978633387906207,27.80116033498097,27.923317362879015,196804000
2017-02-01,29.67499351501465,30.076039353661123,29.273949434832126,29.278558368838475,447940000
2017-02-02,29.62429428100586,29.822511906500797,29.451430195408953,29.49752833998011,134841600
2017-02-03,29.75105857849121,29.776412115490093,29.53901241310441,29.573583819499053,98029200
2017-02-06,30.02994155883789,30.078345040834744,29.70956698988467,29.762581164673637,107383600
2017-02-07,30.315750122070312,30.44482140780631,30.06682542089571,30.0875682667614,152735200
2017-02-08,30.43330192565918,30.47479114180842,30.244305656553134,30.27426989505373,92016400
2017-02-09,30.653200149536133,30.660144407191652,30.35226936648553,30.474955961300836,113399600
2017-02-10,30.58376121520996,30.773580388124593,30.567559120938295,30.66246870739561,80262000
2017-02-13,30.854597091674805,30.977287244137845,30.729596895748088,30.805987277994184,92141600
2017-02-14,31.25506019592285,31.271262285606003,30.845331353290227,30.896258261738378,132904800
2017-02-15,31.368497848510742,31.544428522736045,31.162476558044563,31.370814956651838,142492400
2017-02-16,31.33146858215332,31.45878239433586,31.213409075483998,31.40554188021347,90338400
2017-02-17,31.417110443115234,31.4425739068136,31.273591028911895,31.273591028911895,88792800
2017-02-21,31.64396095275879,31.65553589535328,31.477291669492494,31.535162850288387,98028800
2017-02-22,31.738874435424805,31.741188011357252,31.50738968380831,31.581462967593552,83347600
2017-02-23,31.604598999023438,31.824508710207315,31.55135851850376,31.80136236450006,83152800
2017-02-24,31.634702682495117,31.634702682495117,31.315252638602946,31.46108914249746,87106400
2017-02-27,31.69721031188965,31.81526981431298,31.546746612624776,31.745823671507058,81029600
2017-02-28,31.711103439331055,31.815270890976304,31.64397087054839,31.731936223224572,93931600
2017-03-01,32.359249114990234,32.442583759753184,31.852300519207052,31.919429537293766,145658400
2017-03-02,32.16712951660156,32.47268761733621,32.12082973063708,32.40787215559923,104844000
2017-03-03,32.356937408447266,32.36851235214514,32.08146999645166,32.125452663197436,84432400
2017-03-06,32.25506591796875,32.35460614072849,32.0837695607438,32.2620101739549,87000000
2017-03-07,32.2967414855957,32.40322245359531,32.12775513679197,32.19025698542041,69785200
2017-03-08,32.17636489868164,32.36155331676379,32.13469935900518,32.16478996026864,74828800
2017-03-09,32.10230255126953,32.12776601435599,31.724984821031658,32.116194602915954,88623600
2017-03-10,32.208797454833984,32.25972439739922,32.09305504576355,32.234260926116605,78451200
2017-03-13,32.2226676940918,32.27590818304316,32.134705914993035,32.14165017302251,69686800
2017-03-14,32.174049377441406,32.3268265458545,32.139324564303145,32.24580904621537,61236400
2017-03-15,32.514339447021484,32.58146844952742,32.18331452053639,32.271279828529444,102767200
2017-03-16,32.56758117675781,32.64397154732326,32.468040924623686,32.574525434793216,76928000
2017-03-17,32.40553665161133,32.639334870947756,32.38238677429371,32.639334870947756,175540000
2017-03-20,32.74582290649414,32.75508073911819,32.46109421980029,32.50044618976005,86168000
2017-03-21,32.37081527709961,33.05601145174801,32.345351822213246,32.896286464931364,158119600
2017-03-22,32.73656463623047,32.77823371741696,32.35229920075717,32.373135507438455,103440800
2017-03-23,32.620819091796875,32.77359982087255,32.549059409642595,32.69952303143862,81385200
2017-03-24,32.556007385253906,32.810641962794406,32.488878377816576,32.75508436437389,89582400
2017-03-27,32.61157989501953,32.69028387963649,32.0884219841683,32.26666626994721,94300400
2017-03-28,33.287498474121094,33.343052538036424,32.55137533765912,32.61850787445812,133499200
2017-03-29,33.361568450927734,33.447220177987944,33.14628941010686,33.25971463421331,116760000
2017-03-30,33.31758117675781,33.44952911160406,33.21804448107393,33.37776944128775,84829200
2017-03-31,33.25509262084961,33.39629842816483,33.10462544757945,33.26898113760583,78646800
2017-04-03,33.26435089111328,33.361574041858745,33.11388724804497,33.266667998720514,79942800
2017-04-04,33.51204299926758,33.53982003462168,33.141666044389595,33.16018524535114,79565600
2017-04-05,33.33843231201172,33.67177089344331,33.28981896381265,33.38472855228239,110871600
2017-04-06,33.25509262084961,33.45416960276654,33.20647928002665,33.40092557896612,84596000
2017-04-07,33.1810188293457,33.37546514590922,33.16481673572033,33.27129772861994,66688800
2017-04-10,33.141666412353516,33.30602211510173,33.07916454993642,33.24120667710491,75733600
2017-04-11,32.78518295288086,33.18333696513687,32.421750236738085,33.0884273795252,121517600
2017-04-12,32.82453155517578,32.90554908182955,32.64165666199132,32.77823532106274,81400000
2017-04-13,32.65092468261719,32.9587998238717,32.65092468261719,32.85000170883526,71291600
2017-04-17,32.831478118896484,32.84305306128152,32.6092512345038,32.7504570543777,66328400
2017-04-18,32.6856575012207,32.88010391195708,32.66482471410857,32.73427086999391,58790000
2017-04-19,32.565269470214844,32.87083100315372,32.512028972388194,32.84305396640531,69313600
2017-04-20,32.97268295288086,33.08379462566669,32.67638280400104,32.69027132157722,93278400
2017-04-21,32.93333435058594,33.028240407807615,32.83611118541318,32.9726863318099,69283600
2017-04-24,33.250465393066406,33.32222509188119,33.143980866576484,33.218057673208875,68537200
2017-04-25,33.45649337768555,33.54214161191035,33.30371258243812,33.31297395121647,75486000
2017-04-26,33.25972366333008,33.47269271909866,33.19028107142358,33.442598574488116,80164800
2017-04-27,33.285186767578125,33.37083851697221,33.174075089542335,33.31528091186604,56985200
2017-04-28,33.25278091430664,33.403248112016215,33.16481911650478,33.3546347632973,83441600
2017-05-01,33.9310302734375,34.074549667815184,33.55602616184344,33.588433880966676,134411600
2017-05-02,34.14632034301758,34.280581946029244,33.99122595648107,34.15326460419253,181408800
2017-05-03,34.042144775390625,34.141685048790784,33.396303914887014,33.70186193025296,182788000
2017-05-04,33.91944885253906,34.060654644357854,33.75277960540292,33.91713527739232,93487600
2017-05-05,34.48196792602539,34.48659507759118,33.97269867964683,33.97269867964683,109310800
2017-05-08,35.41947555541992,35.579200576555564,34.4981673635165,34.4981673635165,195009600
2017-05-09,35.64632797241211,35.85234920110843,35.521324264291295,35.61854740828749,156521600
2017-05-10,35.477352142333984,35.63476361185649,35.211146087985654,35.5630039032327,103222800
2017-05-11,35.78416061401367,35.81205584398719,35.40295890742453,35.43550038676426,109020400
2017-05-12,36.28392028808594,36.35829931525376,35.95152892434139,35.95850184730224,130108000
2017-05-15,36.19094467163086,36.41176219035875,36.0398599342793,36.26300057857565,104038800
2017-05-16,36.13748550415039,36.2746243987321,35.96315531880719,36.24673270403933,80194000
2017-05-17,34.924129486083984,35.92827254879178,34.79861337662297,35.70280533925105,203070800
2017-05-18,35.456417083740234,35.642369903458686,35.12867918475144,35.16122066219554,134272800
2017-05-19,35.57730484008789,35.791149448940445,35.477357232945025,35.65168742408364,107843200
2017-05-22,35.793460845947266,35.930599686561685,35.54242505223062,35.79578397067189,91865600
2017-05-23,35.749298095703125,36.00498014921674,35.635401137991366,36.00498014921674,79675600
2017-05-24,35.64238357543945,35.83530938956026,35.48664904887947,35.75860368899971,76712000
2017-05-25,35.765567779541016,35.87714161466961,35.57031888819925,35.733026297650724,76942400
2017-05-26,35.70514678955078,35.85158528137797,35.635414005501794,35.79579834478744,87710400
2017-05-30,35.71908187866211,35.89573513785693,35.64005306902935,35.660971833916435,80507600
2017-05-31,35.50756072998047,35.83530223601727,35.419235873100675,35.78881490922437,97804800
2017-06-01,35.60518264770508,35.640050800386376,35.38204207626871,35.602859522895166,65616400
2017-06-02,36.13282775878906,36.13282775878906,35.53778142451099,35.698165727231675,111082800
2017-06-05,35.779518127441406,35.90038802400569,35.670274496933565,35.87481946024702,101326800
2017-06-06,35.90038299560547,36.21650176381911,35.74464850970871,35.77254019471844,106499600
2017-06-07,36.11423873901367,36.25602742644051,35.9073670685145,36.03288678355155,84278400
2017-06-08,36.025909423828125,36.15374870192001,35.888767004396904,36.0863426015944,85003200
2017-06-09,34.62894058227539,36.07239580899807,33.940919564947656,36.07239580899807,259530800
2017-06-12,33.80145263671875,33.95718714132232,33.12505081993979,33.875835201353475,289229200
2017-06-13,34.07340621948242,34.273304922515116,33.73869178214807,34.20589882874218,136661600
2017-06-14,33.74101257324219,34.28492166573498,33.43418987690974,34.28492166573498,126124800
2017-06-15,33.538787841796875,33.58295203798691,33.055315448651314,33.31332415824368,128661600
2017-06-16,33.06926727294922,33.58760791058845,33.0529947569857,33.42025068777792,201444400
2017-06-19,34.01528549194336,34.10826366576127,33.39234768775938,33.39234768775938,130165600
2017-06-20,33.70615768432617,34.1384966695021,33.68988871195604,34.1384966695021,99600400
2017-06-21,33.906044006347656,33.95253487438368,33.61317069019916,33.82469208079515,85063200
2017-06-22,33.85026168823242,34.09897081550515,33.73171493652523,33.88280316881265,76425200
2017-06-23,34.00135803222656,34.205906578441414,33.72940337696723,33.73405317486027,141757600
2017-06-26,33.8944206237793,34.46622134330561,33.792146401618865,34.20821266349355,102769600
2017-06-27,33.40863037109375,33.97346192538377,33.38306180613813,33.706153555983036,99047600
2017-06-28,33.89675521850586,33.96183819158504,33.27614030230056,33.58528619780466,88329600
2017-06-29,33.397010803222656,33.734051976744304,33.07159589739899,33.63642750499721,125997600
2017-06-30,33.476036071777344,33.694530410775855,33.420249151153556,33.57598364779478,92096400
2017-07-03,33.35516357421875,33.77355657927432,33.26218892720882,33.675932135887265,57111200
2017-07-05,33.492313385009766,33.65502084392385,33.173871390652444,33.399338707560744,86278400
2017-07-06,33.176185607910156,33.355165538035095,33.10180659527416,33.24359524570328,96515200
2017-07-07,33.51322937011719,33.64572199856492,33.21570617089974,33.21570617089974,76806800
2017-07-10,33.7177734375,33.92464506499715,33.32494894841133,33.496955966065755,84362400
2017-07-11,33.82701110839844,33.901393650842714,33.55970638334335,33.641058299042584,79127200
2017-07-12,33.875831604003906,33.978102299382456,33.66198707352154,33.906046414266775,99538000
2017-07-13,34.34768295288086,34.5150401494659,33.80609696209252,33.82004280401538,100797600
2017-07-14,34.64287567138672,34.71028529576908,34.245405032323575,34.39416657475594,80528400
2017-07-17,34.76375961303711,35.07522866447601,34.533646059353856,34.59175611582035,95174000
2017-07-18,34.88462448120117,34.896247200165746,34.5568829588818,34.6800759770434,71475200
2017-07-19,35.103118896484375,35.1960935548669,34.85440618783953,34.97759920623651,83692000
2017-07-20,34.94506072998047,35.270479155850346,34.91019611677407,35.21469222796392,68974800
2017-07-21,34.92879104614258,34.96830545588833,34.60569929892158,34.86370807164886,105010400
2017-07-24,35.351837158203125,35.433192665296254,34.842792437650566,35.00085365369405,85972800
2017-07-25,35.5029182434082,35.75860034124977,35.28442388288951,35.28442388288951,75415600
2017-07-26,35.67027282714844,35.779516452542396,35.577294623853,35.644704264586665,63124000
2017-07-27,34.99619674682617,35.79346849541717,34.2384429542864,35.737681569306076,129905200
2017-07-28,34.74981689453125,34.91949728159327,34.67776098550861,34.840468448907586,68854800
2017-07-31,34.570831298828125,34.94273705200964,34.43136930145214,34.84278591780521,79383600
2017-08-01,34.877647399902344,34.91716180226499,34.49644567191249,34.65682995293205,141474400
2017-08-02,36.52565002441406,37.132319040752925,36.29785963935268,37.02307187157176,279747200
2017-08-03,36.16073226928711,36.54193414663406,36.0328894193446,36.50474285451318,108389200
2017-08-04,36.35131072998047,36.58607397761046,36.18860335307083,36.27693173485955,82239600
2017-08-07,36.91383361816406,36.939402186206614,36.41641165086437,36.507063201786764,87481200
2017-08-08,37.20903015136719,37.61580052880393,36.78831392847075,36.865019625255286,144823600
2017-08-09,37.436824798583984,37.48563880996327,36.983567036161894,37.0184316537495,104526000
2017-08-10,36.2443733215332,37.3364631598306,36.08335925444722,37.31312644608266,163217200
2017-08-11,36.748435974121094,37.00279349544676,36.41941089176514,36.54308771889085,105028400
2017-08-14,37.30147933959961,37.38548656397579,37.0447896093712,37.17780253158527,88490800
2017-08-15,37.709842681884766,37.849852332322016,37.36914576718812,37.49049031278083,117862000
2017-08-16,37.55815505981445,37.922185077270356,37.37147199528537,37.78917575274607,110686400
2017-08-17,36.83710861206055,37.502166156557706,36.83244055457607,37.45782851216662,111762400
2017-08-18,36.753082275390625,37.21978808206225,36.57106729564331,36.83708946301883,109712400
2017-08-21,36.68543243408203,36.84411078976995,36.1953896331686,36.75310324796429,105474000
2017-08-22,37.28514099121094,37.33647893460074,36.87444100477661,36.923443139395175,86418400
2017-08-23,37.33181381225586,37.446158069827526,37.07512763581381,37.119465277743316,77596400
2017-08-24,37.1661376953125,37.50916693066976,36.998123230619775,37.43682450115333,79275600
2017-08-25,37.30379867553711,37.4671450106492,37.16612130456286,37.254792994661955,101920400
2017-08-28,37.679508209228516,37.80318501113862,37.3201426046457,37.36914830006485,103864000
2017-08-29,38.01554489135742,38.06454703614824,37.33648668520588,37.35982341365807,118067600
2017-08-30,38.11821365356445,38.244222705803224,37.94553115317101,38.22322179054412,109078400
2017-08-31,38.26988220214844,38.391226728073406,38.14853767622348,38.18587500122859,107140400
2017-09-01,38.28154754638672,38.48923150443171,38.1835397464795,38.456562237795964,66364400
2017-09-05,37.82184982299805,38.328225340858545,37.467152311436706,38.211548855802654,117874000
2017-09-06,37.78218460083008,38.03420626488549,37.45782407741031,37.968867710576774,86606800
2017-09-07,37.63051223754883,37.8592007943526,37.420495913047844,37.824195699812414,87714000
2017-09-08,37.01677322387695,37.60481999292714,36.993436508622004,37.53714921578031,114446000
2017-09-11,37.6865119934082,37.81485686403658,37.31081349612394,37.453158977969146,126323200
2017-09-12,37.53716278076172,38.26055848688814,37.04945587756065,37.945530520517316,286856000
2017-09-13,37.25480651855469,37.32714894242823,36.84877456112257,37.30614446546657,179629600
2017-09-14,36.93511199951172,37.19646621616109,36.89077436046924,37.100794193720326,95042800
2017-09-15,37.30847930908203,37.562833228128845,36.869774523434856,36.979450719846646,196458400
2017-09-18,37.02611541748047,37.4531517809566,36.86976935446195,37.362144264850784,113077600
2017-09-19,37.04011535644531,37.282804435462985,36.97244456289605,37.22213038536672,83242400
2017-09-20,36.41940689086914,36.93044700457808,35.896694853547,36.846439776449245,211805600
2017-09-21,35.79400634765625,36.3563877722776,35.64466061255797,36.3563877722776,150046800
2017-09-22,35.443992614746094,35.53266790814327,35.133632648540754,35.36231762759767,186581600
2017-09-25,35.131282806396484,35.42997425904203,34.80692239013219,35.00060574094943,177549200
2017-09-26,35.73567581176758,35.91769085435358,35.39731469725175,35.41831561123845,146640000
2017-09-27,35.99002456665039,36.10436879426694,35.82901046106013,35.88968450704107,102016800
2017-09-28,35.76833724975586,36.00169018252341,35.632992121468696,35.910682681171394,88022000
2017-09-29,35.964351654052734,35.966687462139404,35.46964459257487,35.75200319846631,105199200
2017-10-02,35.89201354980469,36.04135928239517,35.63765971097894,35.997021656039955,74795200
2017-10-03,36.04836654663086,36.190712003672466,35.91535720256329,35.93869036363075,64921200
2017-10-04,35.81501007080078,35.9036853319667,35.57699262348722,35.85001515000581,80655200
2017-10-05,36.260719299316406,36.272387660414424,35.94802716171929,35.978360627753474,85135200
2017-10-06,36.23971176147461,36.28404938913225,36.067029306566766,36.16270486512448,69630400
2017-10-09,36.36573791503906,36.57342198401405,36.284066485168175,36.35873760849827,65051600
2017-10-10,36.37972640991211,36.86976906864224,36.193046883427996,36.41706373948242,62468000
2017-10-11,36.531402587890625,36.63174264054214,36.344719528257315,36.39605745867355,67622400
2017-10-12,36.4030647277832,36.722757169627585,36.34005842645517,36.484739694715245,64500400
2017-10-13,36.634098052978516,36.7017688734586,36.49875285133324,36.57342397873592,65576800
2017-10-16,37.30847930908203,37.33648053006061,36.78809954800165,36.84643779882987,96486000
2017-10-17,37.446144104003906,37.539483849592095,37.15678519558765,37.285130016283695,75989200
2017-10-18,37.28047561645508,37.50216382462566,37.24314184095446,37.43448945770484,65496800
2017-10-19,36.39839553833008,36.65508523154097,36.174378679422176,36.57807832357771,170336800
2017-10-20,36.46140670776367,36.811436212158206,36.39373590361513,36.545413931245726,95896400
2017-10-23,36.4427375793457,36.79743513630446,36.286391496642274,36.61075202418489,87937200
2017-10-24,36.659759521484375,36.73443063358927,36.449739674777824,36.470740591243164,71028800
2017-10-25,36.49874496459961,36.764767252230676,36.23272267696854,36.6154214690112,84828400
2017-10-26,36.73210144042969,36.830109286103905,36.58508789157602,36.69009604332092,68002000
2017-10-27,38.04820251464844,38.176547360433645,37.03311566970075,37.17079306759591,177816800
2017-10-30,38.90460205078125,39.21962994088949,38.20454323781472,38.24421280993417,178803200
2017-10-31,39.44599533081055,39.58834082408674,38.9559560954468,39.179973014274594,144187200
2017-11-01,38.94428253173828,39.656009903089014,38.64559097272621,39.63967348374911,134551200
2017-11-02,39.228981018066406,39.31998856430416,38.56859146534219,38.87661919764533,165573600
2017-11-03,40.253395080566406,40.66409510504927,39.931366780502856,40.60342460300612,237594400
2017-11-06,40.661766052246094,40.83444857873341,40.07138316285592,40.223061210226,140105200
2017-11-07,40.79243469238281,40.895110575377075,40.51007957483256,40.58241843039198,97446000
2017-11-08,41.12613296508789,41.12613296508789,40.680427891759564,40.75743480710038,97638000
2017-11-09,41.0421257019043,41.09346364541121,40.40273721684441,40.86244289963009,117930400
2017-11-10,40.906288146972656,41.072565925229945,40.81261284063416,41.00933312803533,100582000
2017-11-13,40.74236297607422,40.86648439063693,40.60887188485511,40.6322925030115,67928400
2017-11-14,40.126426696777344,40.627597062571766,40.08895514689948,40.524552087149495,99130000
2017-11-15,39.597164154052734,39.887563376509604,39.433230550038594,39.805594787760256,116632400
2017-11-16,40.070228576660156,40.25055373550721,39.88287437442496,40.08896078074791,94550000
2017-11-17,39.847740173339844,40.13813934158887,39.72830362131391,40.056170768140326,87598000
2017-11-20,39.807926177978516,39.94375786790705,39.70956603840621,39.88052507336638,65049600
2017-11-21,40.5479736328125,40.67912048692099,39.99528076658117,39.99528076658117,100525200
2017-11-22,40.97420883178711,40.983574933724654,40.526901527731404,40.599500431570824,102355600
2017-11-24,40.97654342651367,41.100664806432185,40.9016003281187,41.00698950692208,56106800
2017-11-27,40.77045822143555,41.00230943889262,40.5948143343122,40.995283969286405,82867200
2017-11-28,40.531585693359375,40.95312816975762,40.24821197904056,40.819640671827266,105715200
2017-11-29,39.690834045410156,40.49645458741891,39.14751080740588,40.4285405227249,166665600
2017-11-30,40.245872497558594,40.31378656450264,39.447277398767646,39.91331691229435,166108800
2017-12-01,40.05851364135742,40.20371143391119,39.46132375412056,39.800901196358375,159037200
2017-12-04,39.765769958496094,40.42618900292025,39.725957779708416,40.39340229253726,130169600
2017-12-05,39.72829818725586,40.16857993004411,39.43789905872778,39.592466509725796,109400800
2017-12-06,39.580772399902344,39.85946133735878,38.98358590362124,39.22714391139447,114240000
2017-12-07,39.653358459472656,39.915652139685264,39.5573389610079,39.58544083432115,102693200
2017-12-08,39.665077209472656,40.046811113897945,39.53627453543775,39.92737454264423,93420800
2017-12-11,40.43790817260742,40.48943066785845,39.52924260925388,39.625262129811176,141095200
2017-12-12,40.21073532104492,40.37232825077936,40.15453157051721,40.31612092676802,77636800
2017-12-13,40.344242095947266,40.64166325433846,40.28100927848082,40.398105235685705,95273600
2017-12-14,40.33251953125,40.54563496624817,40.19902846532238,40.37467234776361,81906000
2017-12-15,40.74236297607422,40.78920063890238,40.388734512214285,40.66273859191788,160677200
2017-12-18,41.316123962402344,41.49879331162822,40.95078526395058,40.95547010132362,117684400
2017-12-19,40.8758430480957,41.074907545710694,40.77045743255763,40.990598338583446,109745600
2017-12-20,40.83134460449219,41.08192798974136,40.57373217714863,40.95312177606957,93902400
2017-12-21,40.98591995239258,41.222456040069694,40.772808055776665,40.789199629292725,83799600
2017-12-22,40.98591995239258,41.081939481578644,40.86648337911435,40.90863620257095,65397600
2017-12-26,39.94610595703125,40.156877194680966,39.7376717779659,39.9999690824779,132742000
2017-12-27,39.953121185302734,39.99527399263377,39.74469063314968,39.83602528918342,85992800
2017-12-28,40.0655403137207,40.24586903063577,39.92502378068592,40.046804537750475,65920800
2017-12-29,39.632286071777344,39.95078713310234,39.629945439714064,39.93439556169126,103999600
2018-01-02,40.34188461303711,40.3512542876815,39.63930910102925,39.85008389872191,102223600
2018-01-03,40.33485412597656,40.87818083627618,40.27162491067019,40.405112383133705,118071600
2018-01-04,40.522216796875,40.625261785880404,40.299735247059225,40.407461500303675,89738400
2018-01-05,40.98358154296875,41.0702314004302,40.526908063329756,40.618242759257555,94640000
2018-01-08,40.83134460449219,41.1264250065992,40.73298089697299,40.83134460449219,82271200
2018-01-09,40.82666778564453,40.997626844556606,40.61121170113573,40.87819028123188,86336000
2018-01-10,40.81730270385742,40.81964690977428,40.51519673980712,40.55266829963054,95839600
2018-01-11,41.04915237426758,41.09833424132138,40.864142361699365,40.887559405570876,74670800
2018-01-12,41.4730339050293,41.536266705175215,41.13579706889646,41.2599184636559,101672400
2018-01-16,41.26225280761719,42.01166583464682,41.25054250320608,41.66271877470158,118263600
2018-01-17,41.94376754760742,41.97889490055717,40.99997454785581,41.252898636063065,137547200
2018-01-18,41.98124694824219,42.17797089870651,41.744714369266624,42.00700820523838,124773600
2018-01-19,41.79387283325195,42.056166522261215,41.54797071306402,41.82900017607158,129700400
2018-01-22,41.45195388793945,41.634623229363534,41.3582785853828,41.52221215159881,108434400
2018-01-23,41.461326599121094,42.023389224523754,41.40980767593971,41.52221877162652,130756400
2018-01-24,40.800907135009766,41.52221851030546,40.5620304313799,41.510508202321624,204420400
2018-01-25,40.07257080078125,40.9718667190559,39.93673908810159,40.86882172505862,166116000
2018-01-26,40.1662483215332,40.28100362995669,39.82667080795431,40.28100362995669,156572000
2018-01-29,39.334869384765625,39.8500908014533,39.12643875637216,39.8500908014533,202561600
2018-01-30,39.10302734375,39.19670268756752,38.57141065519802,38.765790388430425,184192800
2018-01-31,39.21074676513672,39.44728286310411,38.99295002083354,39.07959987736474,129915600
2018-02-01,39.2927131652832,39.48943348596959,39.05383644817289,39.149855976180945,188923200
2018-02-02,37.587791442871094,39.063200793643205,37.49411613346626,38.875846601349544,346375200
2018-02-05,36.648677825927734,38.379355167982396,36.53392255197071,37.25991859617889,290954000
2018-02-06,38.180294036865234,38.341886972498564,36.065542082454556,36.259921731587134,272975200
2018-02-07,37.362979888916016,38.266960904617264,37.25291296662667,38.19436197623084,206434400
2018-02-08,36.334861755371094,37.70488541893073,36.30675987869789,37.53860764381872,217562000
2018-02-09,36.77928924560547,37.12730529106897,35.32843481182689,36.93448689935861,282690400
2018-02-12,38.260711669921875,38.53818298500872,37.03794626199481,37.270742729099624,243278000
2018-02-13,38.64400863647461,38.74041964665234,38.01146342597023,38.0820081550772,130196800
2018-02-14,39.356510162353516,39.39648467904627,38.300703557565605,38.33832431041755,162579600
2018-02-15,40.67803192138672,40.70154444028651,39.73979522756888,39.925559555510134,204588800
2018-02-16,40.54633331298828,41.108337225733806,40.3911392578911,40.529874914016396,160704400
2018-02-20,40.40995788574219,40.97665865050468,40.30884294882415,40.456986503540875,135722000
2018-02-21,40.22655487060547,40.94374956316199,40.21244305212163,40.64041184476822,149886400
2018-02-22,40.562808990478516,40.903771015106486,40.3770446613819,40.398207004939586,123967600
2018-02-23,41.26824951171875,41.30352008462674,40.80736036008049,40.83793058197022,135249600
2018-02-26,42.084205627441406,42.18296681191079,41.43520202033378,41.468122415156905,152648800
2018-02-27,41.94782638549805,42.43928220604922,41.893743640494264,42.114782147972065,155712400
2018-02-28,41.88432312011719,42.4721897868067,41.867864719237645,42.15239017660547,151128400
2018-03-01,41.15067672729492,42.27467778171612,40.600434253902975,41.983094552063186,195208000
2018-03-02,41.43519973754883,41.45636207847196,40.55104588863155,40.633348665182034,153816000
2018-03-05,41.57864761352539,41.794982180244,41.037809402701654,41.200061224754215,113605600
2018-03-06,41.543357849121094,41.91488998332649,41.41638023801315,41.83494098418248,95154000
2018-03-07,41.1577262878418,41.35054830257984,40.97901608895721,41.13656394614241,126814000
2018-03-08,41.60685348510742,41.64917816458234,41.16713034853489,41.26353775891226,95096400
2018-03-09,42.32170486450195,42.3264088034686,41.71267573229615,41.846711082439775,128740800
2018-03-12,42.73086166381836,42.88840953350741,42.375791413150864,42.39459999300716,128828400
2018-03-13,42.319358825683594,43.149426525755956,42.147702711190064,42.9354421325333,126774000
2018-03-14,41.95956802368164,42.44867347719776,41.81142448874584,42.40164486567859,117473600
2018-03-15,42.00896072387695,42.38284674121502,41.87257878171579,41.973690150568764,90975200
2018-03-16,41.860809326171875,42.119468498773394,41.76674850954591,42.00894928177119,157618800
2018-03-19,41.221221923828125,41.731489890395046,40.83558143541535,41.696219316598324,133787200
2018-03-20,41.20709991455078,41.573928111585595,41.13655520249337,41.20709991455078,78597600
2018-03-21,40.2735710144043,41.17182942442222,40.271217251359516,41.16007137335858,148219600
2018-03-22,39.70452117919922,40.60512987021308,39.645734505015064,39.974938445224794,165963200
2018-03-23,38.78508758544922,39.95611685432764,38.78508758544922,39.59634278022612,164115200
2018-03-26,40.62628936767578,40.70388819587947,39.137810582430205,39.52110078560363,150164800
2018-03-27,39.584590911865234,41.18593921489509,39.2506830596845,40.8402733112041,163690400
2018-03-28,39.14722442626953,39.979645813435894,38.84388674020141,39.328288402944224,166674000
2018-03-29,39.452911376953125,40.386444023671224,39.24598114149307,39.45996549061165,153594000
2018-04-02,39.19423294067383,39.72566654455216,38.67456097227077,39.18482865556685,150347200
2018-04-03,39.596351623535156,39.681004576821195,38.77098802003664,39.41999160319373,121112000
2018-04-04,40.35352325439453,40.44758049433387,38.74512077027734,38.770987049468715,138422000
2018-04-05,40.63335418701172,40.9696122764427,40.46404826051155,40.581621621244764,107732800
2018-04-06,39.59400939941406,40.55810888472169,39.55168112024394,40.20303859749646,140021200
2018-04-09,39.9866943359375,40.70153867662767,39.93966571674338,39.94671983021981,116070800
2018-04-10,40.739158630371094,40.915518624441965,40.33470609025764,40.680371965680806,113634400
2018-04-11,40.548702239990234,40.89671839182734,40.37469237004453,40.49931984850081,89726400
2018-04-12,40.948448181152344,41.150674496485806,40.689785363381375,40.77679208647928,91557200
2018-04-13,41.08718490600586,41.348197905710904,40.88025823467464,41.09894295948079,100497200
2018-04-16,41.34349060058594,41.430493723168546,41.1106940979349,41.15772271587,86313600
2018-04-17,41.91254806518555,42.07715003351195,41.4822291842405,41.50104135034263,106421600
2018-04-18,41.81848907470703,42.04893542855754,41.59275024765644,41.811434960615074,83018000
2018-04-19,40.63335418701172,41.242383334476784,40.60043378952859,40.85909303030914,139235200
2018-04-20,38.9685173034668,40.26182434902752,38.90032274084493,40.11603452115991,261964400
2018-04-23,38.85564422607422,39.25068898244387,38.585223352747136,39.22952663936423,146062000
2018-04-24,38.31481170654297,39.1119590390182,37.91035901279784,38.95676132415108,134768000
2018-04-25,38.48175048828125,38.897961092108815,38.190170918548375,38.23954970914032,113528400
2018-04-26,38.61579132080078,38.97086154573134,38.41591519078752,38.59227521560373,111852000
2018-04-27,38.16900634765625,38.641649827377975,37.771607930930294,38.56405100150369,142623200
2018-04-30,38.8603401184082,39.33063349139752,38.05613888116291,38.12433342955642,169709600
2018-05-01,39.763309478759766,39.786821996562225,38.862697162878376,39.13076426459355,214277600
2018-05-02,41.51985168457031,41.797323049213546,40.86849436573064,41.204752401329166,266157600
2018-05-03,41.5950927734375,41.73853238035126,41.01898417086866,41.35759593722596,136272800
2018-05-04,43.227012634277344,43.32577380478561,41.896081625328584,41.91489378943303,224805200
2018-05-07,43.53976821899414,44.12998520374865,43.4433572011495,43.544468570068815,169805600
2018-05-08,43.74904251098633,43.7890170178285,43.18939223908844,43.49978759299765,113611200
2018-05-09,44.05708312988281,44.066487418557294,43.55386936653684,43.86661488875496,92844800
2018-05-10,44.6872673034668,44.764866127693075,44.1252669595732,44.14643288476444,111957200
2018-05-11,44.51731491088867,44.86431373655376,44.24821414832079,44.72976515621455,104848800
2018-05-14,44.41344451904297,44.73919935447773,44.34499061980107,44.61645058140408,83115200
2018-05-15,44.009803771972656,44.15851859124368,43.69349302796125,44.090061076831134,94780800
2018-05-16,44.420536041259766,44.48663432032754,43.905941254389596,43.92246672462898,76732400
2018-05-17,44.13962936401367,44.59285148855085,43.99091455997095,44.37804201646454,69176000
2018-05-18,43.9791145324707,44.33319468202338,43.93662664343136,44.186842706146265,73190800
2018-05-21,44.290706634521484,44.67783411923844,44.12074787519311,44.378045251827345,73603200
2018-05-22,44.17975616455078,44.585768309488444,44.09005471800505,44.46774160693422,60962800
2018-05-23,44.463016510009766,44.49606384040454,43.84927625766243,43.9885504946515,80233600
2018-05-24,44.41344451904297,44.57632193676035,43.95550396152041,44.55980007220773,92936000
2018-05-25,44.51496124267578,44.76753656805543,44.29542965522852,44.43234109217511,69844000
2018-05-29,44.35444259643555,44.555089473229884,44.11130782679905,44.2836294416986,90056400
2018-05-30,44.260009765625,44.378036458333334,44.09005103997389,44.31194179856777,74762000
2018-05-31,44.1113166809082,44.432349587083564,43.938998633310504,44.19393684720481,109931200
2018-06-01,44.906803131103516,44.91152160606056,44.319028828916046,44.37568294540412,93770000
2018-06-04,45.282135009765625,45.657459141289145,45.168830359131896,45.23728427671126,105064800
2018-06-05,45.63149642944336,45.78021127049485,45.40724634978281,45.574845900959104,86264000
2018-06-06,45.789642333984375,45.81324911722004,45.303372855200706,45.707025796438366,83734400
2018-06-07,45.666900634765625,45.84157787725058,45.402518329510784,45.82741524698312,85388800
2018-06-08,45.251441955566406,45.32225870517114,44.7958605631141,45.12633392541683,106627200
2018-06-11,45.14051055908203,45.31519144871372,44.8997385783756,45.168839428846205,73234000
2018-06-12,45.38833999633789,45.46623803774841,45.121598545619,45.178252648978045,67644400
2018-06-13,45.015384674072266,45.52998298208297,44.95401208400588,45.42139682839254,86553600
2018-06-14,45.03900146484375,45.22076363989936,44.90209002406459,45.21604156210974,86440400
2018-06-15,44.576332092285156,44.8879243714088,44.439420660720806,44.85723627067669,246876800
2018-06-18,44.55272674560547,44.666031386199435,44.18920243761086,44.34972064685109,73939600
2018-06-19,43.832763671875,43.98383772878582,43.304002671742296,43.70293356002438,134314000
2018-06-20,44.02395248413086,44.189189118921476,43.842190384916925,43.98854592020733,82514800
2018-06-21,43.77846145629883,44.46065558068301,43.65571269012325,44.20099542182866,102847600
2018-06-22,43.651004791259766,43.94134953454159,43.599072742622056,43.93426821899007,108801600
2018-06-25,43.00184631347656,43.65099314638365,42.6619288501248,43.29219097930246,126652400
2018-06-26,43.53533172607422,44.0310453625436,43.08919089400755,43.19541781745774,98276800
2018-06-27,43.47160339355469,44.208088991008594,43.44091529303086,43.72417870729085,101141200
2018-06-28,43.78791427612305,43.95551380777959,43.3866241379058,43.45744089215349,69460800
2018-06-29,43.69585037231445,44.186841936704425,43.176533549058156,43.97439168953857,90950800
2018-07-02,44.18447494506836,44.21280380316202,43.29691543239838,43.39133895622868,70925200
2018-07-03,43.41495132446289,44.36624646682203,43.325249858311246,44.328477049296076,55819200
2018-07-05,43.76429748535156,44.002713716749085,43.49991883861816,43.73125015450989,66416800
2018-07-06,44.37095642089844,44.47953896425488,43.71708751596208,43.76901955039826,69940800
2018-07-09,44.987060546875,45.010663727390416,44.68491246191905,44.732122424839176,79026400
2018-07-10,44.93276596069336,45.15229389295575,44.892633713182896,45.01774532844729,63756400
2018-07-11,44.34971618652344,44.79821622843991,44.285980756772624,44.49606814931717,75326000
2018-07-12,45.09329605102539,45.18299752613924,44.68728377678097,44.73921583059528,72164400
2018-07-13,45.16410827636719,45.2844942425338,45.06260341706248,45.10509491222652,50055600
2018-07-16,45.06496810913086,45.475698835222566,44.949300613980526,45.20896086762819,60172400
2018-07-17,45.192420959472656,45.29156295140653,44.66130083004114,44.791130915391065,62138000
2018-07-18,44.9445686340332,45.27504557512844,44.83362324118064,45.270323498314276,65573600
2018-07-19,45.29393005371094,45.452085408245445,44.776972502771265,44.776972502771265,81147200
2018-07-20,45.1900749206543,45.42376554064797,44.89028601817752,45.270332232533136,82704800
2018-07-23,45.230194091796875,45.312814226157805,44.746283880302556,45.01066254723482,63957600
2018-07-24,45.55830764770508,45.71410376110917,45.3340576309569,45.42847755320166,74791600
2018-07-25,45.987937927246094,45.99501924306753,45.42376668627782,45.572481522308124,66839600
2018-07-26,45.84395217895508,46.25704580719109,45.70231863708935,45.9383721389385,76304000
2018-07-27,45.081485748291016,46.075272332840846,44.873761166756026,46.028062364396064,96096000
2018-07-30,44.82890319824219,45.36946391315494,44.63061920165413,45.298647170976594,84118000
2018-07-31,44.91860580444336,45.35530609259082,44.69435576534987,44.92096864396287,157492000
2018-08-01,47.56477355957031,47.62614616425708,46.575708957389,47.00532799586654,271742800
2018-08-02,48.95511245727539,49.18880661029049,47.29329817483464,47.347589446060375,249616000
2018-08-03,49.09675979614258,49.273799888813365,48.504263314128146,48.87014689269242,133789600
2018-08-06,49.35169982910156,49.39418772404298,48.87959289745002,49.09912089176076,101701600
2018-08-07,48.88902282714844,49.45319034379685,48.80640269130763,49.4107024580885,102349600
2018-08-08,48.922080993652344,49.054270358756185,48.27765603782609,48.638817553874105,90102000
2018-08-09,49.30683517456055,49.51928179307227,48.9102635909459,49.46026844327579,93970400
2018-08-10,49.15998077392578,49.531886186769725,48.95626269114678,49.11971138267579,98444800
2018-08-13,49.47740173339844,49.97011532849168,49.200251013881406,49.581630095853846,103563600
2018-08-14,49.685848236083984,49.87772149361861,49.33289382938896,49.78297042789235,82992000
2018-08-15,49.80192947387695,49.92037013258283,49.34948529013519,49.56030951805078,115230400
2018-08-16,50.53152084350586,50.64759036765416,50.09328899102739,50.15961546611837,114001600
2018-08-17,51.5406379699707,51.628282901605665,50.493622970722605,50.55994945107156,141708000
2018-08-20,51.03844451904297,51.919639595681524,50.95553462143338,51.66381098233199,121150800
2018-08-21,50.93895721435547,51.44825421858862,50.699708383548476,51.35587064881938,104639200
2018-08-22,50.941322326660156,51.25163623938956,50.65469437430576,50.71628582322843,76072400
2018-08-23,51.04555892944336,51.41509322466389,50.834734691040765,50.84657586588272,75532800
2018-08-24,51.20427322387695,51.37956310869379,50.955547084733496,51.30850159567212,73905600
2018-08-27,51.62591552734375,51.81542130649859,51.2445364570589,51.43877726016409,82100400
2018-08-28,52.042816162109375,52.241795568558736,51.85804905404619,51.87936750162545,91107200
2018-08-29,52.81978988647461,52.940601659622544,51.97412554704755,52.14941539118895,109019200
2018-08-30,53.305381774902344,54.070507119619776,52.682382996478694,52.88373348354569,195175200
2018-08-31,53.92129135131836,54.215021849347146,53.535173676561676,53.65598183805528,173360400
2018-09-04,54.094207763671875,54.2884485284002,53.68440417256293,54.106052550251725,109560400
2018-09-05,53.741268157958984,54.404536629269586,53.32199079088694,54.24345905391312,133332000
2018-09-06,52.84821701049805,53.85496248853449,52.42182996748417,53.58965298703606,137160000
2018-09-07,52.42182540893555,53.38593029157221,52.28206632809369,52.55211082943275,150479200
2018-09-10,51.71828842163086,52.55211150907524,51.27768911221937,52.33891619608954,158066000
2018-09-11,53.02587127685547,53.13246712050907,51.299004874486705,51.642481977157715,142996000
2018-09-12,52.367347717285156,53.29828943782888,52.07598113256949,53.284077138968904,197114800
2018-09-13,53.63228988647461,54.09184013440997,52.722666665655694,52.94770315209747,166825600
2018-09-14,53.023502349853516,53.7341461563761,52.71082095453466,53.47594644082468,127997200
2018-09-17,51.6116943359375,52.812680543493926,51.46719661085651,52.62317479698291,148780400
2018-09-18,51.69696807861328,52.55210958163604,51.431658606485406,51.590368618769475,126286800
2018-09-19,51.7277717590332,52.023873403694104,51.000547999297495,51.75856748672499,108495200
2018-09-20,52.12099075317383,52.65397366389171,51.91253405811278,52.17073741523038,106435200
2018-09-21,51.5595817565918,52.43604179491919,51.47193322259395,52.29865021482136,384986800
2018-09-24,52.301021575927734,52.412356078089026,51.31559809726625,51.36060612339808,110773600
2018-09-25,52.63265609741211,52.78189247156223,52.04282036510038,52.05466515288594,98217600
2018-09-26,52.213375091552734,53.00219024491804,52.057032567926086,52.350766677662065,95938800
2018-09-27,53.28644561767578,53.63940004203078,52.95244213031854,53.018772217071486,120724800
2018-09-28,53.473575592041016,53.49726154873405,53.06613954590139,53.24853550907005,91717600
2018-10-01,53.83363723754883,54.345301658865516,53.61807802440607,53.99708589556844,94403200
2018-10-02,54.312156677246094,54.48271154166878,53.68442253355331,53.831287816714045,99152800
2018-10-03,54.973052978515625,55.30468540068172,54.430592698909706,54.49455167122827,114619200
2018-10-04,54.006568908691406,55.03937152166361,53.708096157284366,54.66746614555223,128168000
2018-10-05,53.13010787963867,54.10606134298205,52.25128023622536,53.99946547548334,134322000
2018-10-08,53.00693130493164,53.25091876301774,52.16126330037392,52.637397042763254,118655600
2018-10-09,53.741268157958984,53.836022862159,52.64687752973604,52.97614244597104,107564000
2018-10-10,51.251644134521484,53.618089896183506,51.178211501360096,53.40726565940441,167962400
2018-10-11,50.799190521240234,51.995441725762305,50.29463584528402,50.815773946054776,212497600
2018-10-12,52.61370849609375,52.79610811889631,51.36534296639006,52.2133784994007,161351600
2018-10-15,51.488525390625,52.54738521166853,51.46720693867647,52.38867515629245,123164000
2018-10-16,52.6231803894043,52.8221634323742,51.3463903017466,51.860422299164966,116736000
2018-10-17,52.395782470703125,52.739259679639844,51.95755056013133,52.658720894141744,91541600
2018-10-18,51.17110061645508,52.05229936190943,50.45571806191486,51.60696135100703,130325200
2018-10-19,51.950435638427734,52.41235343553008,51.5050976522359,51.654334023038835,132314800
2018-10-22,52.26786422729492,52.90981422454677,51.862799175510744,52.06414613810099,115168400
2018-10-23,52.76057052612305,52.88374981323003,50.858413991095595,51.12609101465835,155071200
2018-10-24,50.950809478759766,53.11590490610076,50.82052401137417,52.729790757604945,163702000
2018-10-25,52.06650924682617,52.44078212582718,51.344020575796435,51.571428208874636,119423200
2018-10-26,51.237422943115234,52.15889100212485,50.37754271730806,51.142668259894265,189033600
2018-10-29,50.27568817138672,52.04045312499331,48.8188660146814,51.92201247556305,183742000
2018-10-30,50.52678298950195,50.9721173842347,49.57215162121228,50.017486015945025,146640000
2018-10-31,51.843841552734375,52.2204819529041,51.313226138583815,51.374817589984865,153435600
2018-11-01,52.639766693115234,52.672929933002685,51.35823789724641,51.88885334996772,233292800
2018-11-02,49.148136138916016,50.60969347566478,48.66252870134263,49.63848221504018,365314800
2018-11-05,47.75290298461914,48.41617138342954,46.94276932850515,48.3948529327607,264654800
2018-11-06,48.26931381225586,48.4943503723674,47.77660016938328,47.831081867941904,127531600
2018-11-07,49.73322677612305,49.759283862951555,48.35457952948075,48.7904402414107,133697600
2018-11-08,49.5597038269043,49.947165100246615,49.146090921602585,49.9138861511166,101450400
2018-11-09,48.6041145324707,48.97018295136626,48.076402922214434,48.860839393714286,137463200
2018-11-12,46.15573501586914,47.50591755482119,46.06540486784818,47.303864421764025,204542000
2018-11-13,45.69457244873047,46.871225412365966,45.50916064244286,45.55194993542723,187531600
2018-11-14,44.403831481933594,46.2294262088426,44.197023165599184,46.091555206997754,243204000
2018-11-15,45.4996452331543,45.632761004325936,44.42758086656958,44.781766750469835,185915200
2018-11-16,46.00358200073242,46.34588175173916,45.0361133141964,45.28332778596097,147713200
2018-11-19,44.18037796020508,45.33088300072915,43.97357330630078,45.16448824315479,167701200
2018-11-20,42.06953048706055,43.136839943167296,41.72009968887252,42.39994422370587,271300800
2018-11-21,42.0219841003418,42.85158561836727,41.96731232258113,42.723221376680144,124496800
2018-11-23,40.95467758178711,41.97920130450926,40.90951614402539,41.58460546368542,94496000
2018-11-26,41.508541107177734,41.58698512821086,40.47213479849216,41.41821459606718,179994000
2018-11-27,41.4182243347168,41.54420922708358,40.619525673921665,40.76927917916573,165549600
2018-11-28,43.010860443115234,43.09405601720492,41.582233893965245,42.01010876415271,184250000
2018-11-29,42.68043899536133,43.45298939568039,42.2406780858648,43.41971044659814,167080000
2018-11-30,42.449859619140625,42.865848271687376,42.081411801458295,42.85633792843457,158126000
2018-12-03,43.93316650390625,43.961690285175266,43.075041021768605,43.84759153296526,163210000
2018-12-04,42.00059127807617,43.3555249970272,41.90075443848327,43.013225188632596,165377200
2018-12-06,41.532310485839844,41.54657237465909,40.510166137236766,40.828693744644816,172393600
2018-12-07,40.051387786865234,41.47763456048138,40.00622272535943,41.23992676487869,169126400
2018-12-10,40.31525421142578,40.431728740606445,38.824824924550015,39.22179661258494,248104000
2018-12-11,40.08467102050781,40.83582497833246,39.69720611155068,40.8049254280497,189126800
2018-12-12,40.1963996887207,40.86673395300004,40.17738262508479,40.50541699818574,142510800
2018-12-13,40.63615417480469,41.02124333876003,40.30336465250625,40.526810600535384,127594400
2018-12-14,39.33589553833008,40.191645282597655,39.288354691900565,40.17262821859903,162814800
2018-12-17,38.96982192993164,40.018114322657276,38.68219386191158,39.32875944469472,177151600
2018-12-18,39.476139068603516,39.82319045162126,39.07678804833182,39.31212009387407,135366000
2018-12-19,38.24481964111328,39.80418271169766,37.81694474317627,39.45950702038024,196189200
2018-12-20,37.27971267700195,38.53480950241136,36.916020052998824,38.128327590631585,259092000
2018-12-21,35.829708099365234,37.59587955174711,35.56823160499998,37.28685857919323,382978400
2018-12-24,34.90264892578125,36.02463042466466,34.84559772804441,35.21642144549776,148676800
2018-12-26,37.36053466796875,37.37479655569509,34.876488871611976,35.25206763264957,234330000
2018-12-27,37.118072509765625,37.265453816149545,35.672812239071256,37.044383670140306,212468400
2018-12-28,37.13709259033203,37.68144554233319,36.73774518421436,37.43898254454257,169165600
2018-12-31,37.49604415893555,37.881129782975,37.19652989389635,37.68383179752151,140014000
2019-01-02,37.538822174072266,37.75989235442373,36.661679652061515,36.81856769913238,148158800
2019-01-03,33.799678802490234,34.63878719875447,33.75451373194411,34.225174245848386,365248800
2019-01-04,35.2425537109375,35.311490997459316,34.18237905675144,34.35590471835777,234428400
2019-01-07,35.16411209106445,35.37805128112703,34.681565561258495,35.3471481073425,219111200
2019-01-08,35.83445358276367,36.08880268918446,35.30436616393607,35.55158069885025,164101200
2019-01-09,36.442989349365234,36.732993212129,35.568226215682564,35.96281848406448,180396400
2019-01-10,36.5594596862793,36.59986957627264,35.8605981869204,36.25043882659319,143122800
2019-01-11,36.20050811767578,36.53567688296846,36.015096380946225,36.34075843310521,108092800
2019-01-14,35.65616989135742,35.95805981203487,35.470758098093015,35.85822297159505,129756800
2019-01-15,36.38593292236328,36.461997528565014,35.668054385581975,35.72035038921636,114843600
2019-01-16,36.830448150634766,37.05389406927528,36.36929442529299,36.38831148508509,122278800
2019-01-17,37.049137115478516,37.47701187238664,36.43109539692976,36.65454130482251,119284800
2019-01-18,37.27734375,37.52931347019117,37.07766641559792,37.43898333384579,135004000
2019-01-22,36.440616607666016,37.255952847568416,36.27897337256783,37.17988821650718,121576000
2019-01-23,36.58799362182617,36.877997503145814,36.060281878909066,36.642665414396035,92522400
2019-01-24,36.2979850769043,36.72110472601421,36.06978759028488,36.63315398920607,101766000
2019-01-25,37.50078201293945,37.58873636724454,36.683070210489795,36.95880850768255,134142000
2019-01-28,37.153724670410156,37.16085561324242,36.52617631124238,37.03249138799635,104768400
2019-01-29,36.768638610839844,37.58873337454473,36.633147058879665,37.14184157601951,166348800
2019-01-30,39.28121566772461,39.495151246226506,38.087921443945866,38.805800046935204,244439200
2019-01-31,39.564083099365234,40.172614429915,39.11719131662213,39.485639097471,162958400
2019-02-01,39.583106994628906,40.16786619757071,39.4428566249422,39.68769901522233,130672400
2019-02-04,40.707462310791016,40.8049233830398,39.76376201843734,39.79466519430484,125982000
2019-02-05,41.4039421081543,41.61788130053395,40.96894003396188,41.09016970398383,144406400
2019-02-06,41.4182243347168,41.73437626577472,41.08781051050559,41.51568181364244,112958400
2019-02-07,40.63377380371094,41.34689723690451,40.491147666218886,40.980825176670464,126966800
2019-02-08,40.6815299987793,40.74121183834935,40.20646124443309,40.34253758714422,95280000
2019-02-11,40.44755554199219,40.872493391153164,40.40458638620201,40.834296157547215,83973600
2019-02-12,40.79611587524414,40.82237602892357,40.51202975162763,40.60752287532111,89134000
2019-02-13,40.6265983581543,41.17567171711438,40.56453058956135,40.91545990998552,89960800
2019-02-14,40.77461624145508,40.88442873981595,40.43562397349377,40.514404405459885,87342800
2019-02-15,40.683902740478516,40.989473368364685,40.52395589952944,40.882046820585664,98507200
2019-02-19,40.80565643310547,40.92740968979166,40.46189217428749,40.51441247272279,75891200
2019-02-20,41.06825637817383,41.376216629460316,40.81998159348772,40.867726324078575,104457600
2019-02-21,40.83669662475586,41.149428845280646,40.655265164712084,41.01335616092031,68998800
2019-02-22,41.29266357421875,41.29982510218546,40.913088021224546,40.96083275523248,75652800
2019-02-25,41.59346389770508,41.98497659401641,41.52662053316584,41.57675487791535,87493600
2019-02-26,41.61732864379883,41.84889440507273,41.34040411487695,41.469318890580624,68280800
2019-02-27,41.74623489379883,41.77727060333604,41.235358701842735,41.349950409662185,111341600
2019-02-28,41.33562469482422,41.75578701475242,41.280718443538696,41.614938801907854,112861600
2019-03-01,41.770111083984375,41.81308024446465,41.273557920974135,41.60538868343181,103544800
2019-03-04,41.980201721191406,42.43378218337515,41.53139318278945,41.94200447479764,109744800
2019-03-05,41.903804779052734,42.016006907094805,41.667463428832036,42.001683851206835,78949600
2019-03-06,41.66269302368164,41.894258816148955,41.52423074056893,41.69850066470656,83241600
2019-03-07,41.18046569824219,41.64359731559196,41.06587759625248,41.50752098479349,99185600
2019-03-08,41.27833938598633,41.31653662922078,40.464278397663925,40.660036537223284,95997600
2019-03-11,42.708309173583984,42.76082946689261,41.860830238999526,41.894251912678726,128044000
2019-03-12,43.18815994262695,43.60831871063706,42.820517833264546,42.97091720915733,129870400
2019-03-13,43.37914276123047,43.758718324395794,43.19054613921437,43.508053910775175,124130000
2019-03-14,43.861366271972656,43.9496978509338,43.58205576514747,43.90194947627824,94318000
2019-03-15,44.431922912597656,44.7207845418945,43.86375442838504,44.12874187114219,156171600
2019-03-18,44.88551330566406,44.97384125151117,44.35314874059598,44.35553834520154,104879200
2019-03-19,44.5297966003418,45.117067277020425,44.384172822489425,44.96428197260884,126585600
2019-03-20,44.91893768310547,45.236445486064724,44.10010100332841,44.45819201742965,124140800
2019-03-21,46.57330322265625,46.86932635513335,45.31282350160718,45.36295783215886,204136800
2019-03-22,45.608856201171875,47.194005494555036,45.54439880342435,46.63299482334304,169630800
2019-03-25,45.05739212036133,45.83086624459337,44.54651584172195,45.718664121662755,175381200
2019-03-26,44.59187698364258,46.0457292118618,44.06429161696405,45.754481573825046,199202000
2019-03-27,44.99293899536133,45.30089564019327,44.53458297091688,45.059782354591356,119393600
2019-03-28,45.05261993408203,45.253150007800876,44.768533841635445,45.10752619750009,83121600
2019-03-29,45.34624481201172,45.37728052318564,45.009638482582474,45.31759870489063,94256000
2019-04-01,45.65422439575195,45.7592613806373,44.9714639591986,45.749713888444326,111448000
2019-04-02,46.31787109375,46.42291168705589,45.60885073162473,45.61839822070278,91062800
2019-04-03,46.63539123535156,46.90992624228878,46.11018812917359,46.134062322250934,93087200
2019-04-04,46.71654510498047,46.87887791765802,46.107789772060734,46.50168835311438,76457200
2019-04-05,47.02928161621094,47.05315580507173,46.773841637621636,46.897980862856144,74106400
2019-04-08,47.76933670043945,47.80036877404332,46.87171967389042,46.890818296018026,103526800
2019-04-09,47.626094818115234,48.42583270446762,47.56163742923543,47.821852946309676,143072800
2019-04-10,47.89346694946289,47.9221167008103,47.310971788819316,47.430335431813845,86781200
2019-04-11,47.49479293823242,47.984184604276585,47.373043333440464,47.948376968364045,83603200
2019-04-12,47.475704193115234,47.7788889300979,46.84069224715156,47.55448465119845,111042800
2019-04-15,47.561649322509766,47.70966275779008,47.270401661633095,47.40647800077446,70146400
2019-04-16,47.566410064697266,48.072510727579555,47.401687660312966,47.616544395779556,102785600
2019-04-17,48.49268341064453,48.552365242777874,47.4136348657205,47.63564953276536,115627200
2019-04-18,48.66695022583008,48.73617954389049,48.34705650031418,48.49029070265323,96783200
2019-04-22,48.82689666748047,48.92477573931631,48.30408327313111,48.42106096698539,77758000
2019-04-23,49.53114700317383,49.59560440430232,48.67650269713452,48.80302789469298,93292000
2019-04-24,49.45474624633789,49.76986437478454,49.42848609874323,49.50249097577655,70162400
2019-04-25,49.00593566894531,49.59797830244953,48.967738429960725,49.3759636808939,74172800
2019-04-26,48.771976470947266,48.93908481250101,48.25154918703575,48.91521063112677,74596400
2019-04-29,48.845985412597656,49.170654635881924,48.666939965404616,48.795851084600464,88818800
2019-04-30,47.90541076660156,48.55713532887878,47.532996731014585,48.47596891449491,186139600
2019-05-01,50.256858825683594,51.400360685229394,49.94889865082935,50.104073540098774,259309200
2019-05-02,49.9298095703125,50.765355057263776,49.686310365422955,50.094531977713174,127985200
2019-05-03,50.550498962402344,50.57198354226143,50.187632495352126,50.345193366363425,83569600
2019-05-06,49.76986312866211,49.85580509657565,48.581002274765794,48.76959522626785,129772400
2019-05-07,48.42822265625,49.51681861609969,47.943606504322965,49.149180158416655,155054800
2019-05-08,48.43777084350586,49.02026607598343,48.1632358878382,48.19904352807667,105358000
2019-05-09,47.91734313964844,48.146519303878975,46.948110900817596,47.84094865644529,139634400
2019-05-10,47.253509521484375,47.65372251641135,46.19667091337783,47.31102601543762,164834800
2019-05-13,44.50718307495117,45.408253303125946,43.81939825228641,44.98408129927952,229722400
2019-05-14,45.21173095703125,45.46096182598622,44.43287946356092,44.67252607693641,146118800
2019-05-15,45.75334930419922,45.95225651173944,44.57908189122812,44.63899356855764,106178800
2019-05-16,45.552040100097656,46.12479550302131,45.254876908784375,45.51130060444244,132125600
2019-05-17,45.29322052001953,45.748547729226715,44.75641066410453,44.79715015909945,131516400
2019-05-20,43.87691116333008,44.1788683300626,43.203504556122255,43.979961140510966,154449200
2019-05-21,44.71806335449219,45.05356717931072,44.26273255598997,44.387349829515756,113459200
2019-05-22,43.802608489990234,44.5047749813333,43.7474907918009,44.25314530140876,118994400
2019-05-23,43.05491256713867,43.26579910587868,42.61156485806626,43.08846294762348,146118800
2019-05-24,42.889556884765625,43.64923624926381,42.80567910310189,43.18432121043186,94858800
2019-05-28,42.71221923828125,43.27778544985154,42.63553421566566,42.877576003465414,111792800
2019-05-29,42.50851821899414,42.98062234841405,42.17780471640916,42.27845585703999,113924800
2019-05-30,42.72899627685547,42.9518658949195,42.33837108685627,42.64511849088788,84873600
2019-05-31,41.95494842529297,42.65471633215764,41.93577625098894,42.23293581090559,108174400
2019-06-03,41.530757904052734,42.637924063031484,40.80462897423978,42.08194583387988,161584400
2019-06-04,43.05010986328125,43.09564329684071,41.823120590049896,42.04359499653888,123872000
2019-06-05,43.745094299316406,44.33223146910396,43.40959047948128,44.16208075258354,119093600
2019-06-06,44.387351989746094,44.44726365114498,43.65163503254328,43.87450831444031,90105200
2019-06-07,45.56880569458008,45.99298125786859,44.519155931088335,44.69649209879013,122737600
2019-06-10,46.151145935058594,46.8197583874518,45.92108357381099,45.966617016110206,104883600
2019-06-11,46.685569763183594,46.970749901230256,46.39559932431063,46.69755282868571,107731600
2019-06-12,46.53697967529297,46.963550384251995,46.34526163990616,46.47946316766171,73012800
2019-06-13,46.52738952636719,47.16005645303748,46.39558681154533,46.659195897906244,86698400
2019-06-14,46.18948745727539,46.39318487526,45.60474916241707,45.90430741537999,75046000
2019-06-17,46.465087890625,46.7215115562083,46.05289536835188,46.22783639546343,58676400
2019-06-18,47.55786895751953,47.99881784169886,46.78141628249008,46.982718557000155,106204000
2019-06-19,47.418880462646484,47.9005725592601,47.284678926559096,47.852640304899516,84496800
2019-06-20,47.79991149902344,48.07550362088287,47.45721496631241,48.01798712160299,86056000
2019-06-21,47.63695526123047,48.133025524334315,47.4859767191176,47.64174921755458,191202400
2019-06-24,47.58903503417969,47.967677202569334,47.49077902420712,47.57944711984593,72881600
2019-06-25,46.86769104003906,47.751983992638394,46.80058662252923,47.55307686003269,84281200
2019-06-26,47.88139724731445,48.16657732114802,47.29426373709572,47.394914882557444,104270000
2019-06-27,47.867027282714844,48.30558112854174,47.82628778753547,47.99883002611717,83598800
2019-06-28,47.43085861206055,47.80950071063,47.222367222720095,47.61298872692093,124442400
2019-07-01,48.300777435302734,49.00533908963892,48.08509328129439,48.68900379311359,109012000
2019-07-02,48.58356857299805,48.67942943539934,48.25525380397884,48.26723686886875,67740800
2019-07-03,48.986167907714844,48.993357013988195,48.573975416695106,48.71536604902747,45448000
2019-07-05,48.943031311035156,49.14673241375876,48.62430084723059,48.732144758506294,69062000
2019-07-08,47.93411636352539,48.26482620156885,47.548285171877104,48.12343557807911,101354400
2019-07-09,48.22649383544922,48.29119579901545,47.64415056632906,47.73761261486467,82312000
2019-07-10,48.70337677001953,48.82320006823805,48.3031673927757,48.37266695350388,71588400
2019-07-11,48.34871292114258,48.98137994767097,48.339128663843894,48.722561119993294,80767200
2019-07-12,48.72016143798828,48.88791335049453,48.45654867782315,48.51646033634091,70380800
2019-07-15,49.177886962890625,49.336050960909304,48.8879129292078,48.90948024847616,67789600
2019-07-16,49.00772476196289,49.39355589535508,48.76807818610977,49.0292920761777,67467200
2019-07-17,48.73213577270508,49.14911850100448,48.7129636066072,48.89988765516557,56430000
2019-07-18,49.285728454589844,49.33845100749355,48.816019435097935,48.88791415785004,74162400
2019-07-19,48.55001449584961,49.487033785576166,48.4948967896062,49.31688305319296,83717200
2019-07-22,49.65957260131836,49.66196775108629,48.79444816186031,48.804032417649225,89111600
2019-07-23,50.04780197143555,50.064578990974375,49.67634895884314,49.956738737439146,73420800
2019-07-24,50.00706481933594,50.12209418470075,49.647594852943,49.76741817507398,59966400
2019-07-25,49.61164474487305,50.14366053862095,49.54214517668298,50.05978275817563,55638400
2019-07-26,49.78419494628906,50.26108942568483,49.640405497764334,49.72188447879348,70475600
2019-07-29,50.24910354614258,50.47916591954553,49.95194406569725,49.95673802217077,86693600
2019-07-30,50.033424377441406,50.36413790530998,49.681143529942474,50.028630420839946,135742800
2019-07-31,51.0543212890625,53.05057834512591,50.63733845360822,51.86432814544622,277125600
2019-08-01,49.94953918457031,52.25014801194559,49.544539501387156,51.26040638177914,216071600
2019-08-02,48.892704010009766,49.47024958006934,48.31994873947202,49.25456908663664,163448400
2019-08-05,46.333274841308594,47.605797759220664,46.15114473357044,47.447633775242544,209572000
2019-08-06,47.21038818359375,47.46681184418083,46.5010325186815,47.04503141655611,143299200
2019-08-07,47.699256896972656,47.82387415087288,46.44830502903327,46.82934223936549,133457600
2019-08-08,48.751312255859375,48.775278381580826,47.78314147822122,47.97725466372589,108038000
2019-08-09,48.34959030151367,48.775373879354945,47.94064014742092,48.424162442131816,98478800
2019-08-12,48.226890563964844,48.60456700562151,47.90694915273637,48.020011293193434,89927600
2019-08-13,50.269222259521484,51.03178789854202,48.22689096494646,48.356793866837386,188874000
2019-08-14,48.77296829223633,49.66062487459382,48.73447826245235,48.87159761707856,146189600
2019-08-15,48.530006408691406,49.34789934560565,48.03205128836314,48.94376504847943,108909600
2019-08-16,49.675048828125,49.833817419611805,49.035165962273794,49.14101168993166,110481600
2019-08-19,50.601200103759766,51.17372364887826,50.5242200506216,50.66614789415775,97654400
2019-08-20,50.603607177734375,51.32287444811057,50.59398650586073,50.728697935758746,107537200
2019-08-21,51.15207290649414,51.39503430979136,50.90189508225022,51.23626937835333,86141600
2019-08-22,51.10878372192383,51.58508594451301,50.697429299725314,51.284389448073355,89014800
2019-08-23,48.74650573730469,51.010149632314025,48.3519921175975,50.379887338546645,187272000
2019-08-26,49.672637939453125,49.841027178853416,49.328639370540266,49.5210857886878,104174400
2019-08-27,49.112152099609375,50.16819791599971,48.96059990979167,50.00221288345861,103493200
2019-08-28,49.44171142578125,49.48741787220754,48.910082172512254,49.09771645844376,63755200
2019-08-29,50.278865814208984,50.353441639554816,49.71355852052949,50.15618294712557,83962000
2019-08-30,50.21390914916992,50.625259888422256,49.843449021122325,50.55549991840913,84573600
2019-09-03,49.48259735107422,49.79051016169886,49.1265738520289,49.65820301558431,80092000
2019-09-04,50.3221549987793,50.391914963036996,49.87231426530339,50.12970852858372,76752400
2019-09-05,51.3060302734375,51.47201529946035,50.88024307676292,50.99811740539344,95654800
2019-09-06,51.30122756958008,51.58027480480596,51.120809668106524,51.491269814674716,77449200
2019-09-09,51.52012634277344,52.06619212190076,50.774401351657886,51.681299198955934,109237600
2019-09-10,52.12874221801758,52.14798723364633,50.92836419189196,51.44556068094827,127111600
2019-09-11,53.78617858886719,53.81504794626473,52.37651337789359,52.45830560814016,177158400
2019-09-12,53.665889739990234,54.46694543066619,53.61056262735679,54.077244051108906,128906800
2019-09-13,52.62188720703125,53.112622277230024,52.20572428111945,52.92258370535714,159053200
2019-09-16,52.89851379394531,52.95384457916928,52.335610965417004,52.376505238879936,84632400
2019-09-17,53.09096908569336,53.11983844341441,52.71088829943247,52.91295912103472,73274800
2019-09-18,53.588924407958984,53.60816942297296,52.78786855223211,53.17757001208415,101360000
2019-09-19,53.15351104736328,53.82706815074794,53.01157953501138,53.40609312582707,88242400
2019-09-20,52.37651062011719,53.53840217003478,52.3139670785029,53.254546476618714,221652400
2019-09-23,52.61466979980469,52.88409268266555,52.35727184016252,52.66999692668973,76662000
2019-09-24,52.364479064941406,53.52156204892097,52.246608409698545,53.17034699206987,124763200
2019-09-25,53.170352935791016,53.283415103474375,52.234585657096204,52.573772160146284,87613600
2019-09-26,52.8961181640625,53.14870393718803,52.641128140556994,52.92257960068729,75334000
2019-09-27,52.63871765136719,53.153509808735585,52.26825758252748,53.052472574971425,101408000
2019-09-30,53.87759017944336,54.0243302013865,53.112616462729726,53.13907789851,103909600
2019-10-01,54.026729583740234,54.89995321519849,53.932912441810814,54.14219965889246,139223200
2019-10-02,52.67240905761719,53.78378220885523,52.42463175086889,53.658691430124286,138449200
2019-10-03,53.11983871459961,53.15351657327003,51.751067761117135,52.54490352557878,114426000
2019-10-04,54.60888671875,54.724356813505494,53.858349455896516,54.27932454100421,138478800
2019-10-07,54.620906829833984,55.31130468759633,54.3274268081445,54.430868293138765,122306000
2019-10-08,53.98102569580078,54.86146578985083,53.96418860317499,54.32262009604962,111820000
2019-10-09,54.61368942260742,54.79651153502603,54.27931513122723,54.61368942260742,74770400
2019-10-10,55.349796295166016,55.433992769762874,54.67864343102517,54.830191946444145,113013600
2019-10-11,56.8220100402832,57.1660050272492,55.88383488648209,56.03779132655972,166795600
2019-10-14,56.74021530151367,57.283876824130715,56.45154744797599,56.506874566173074,96427600
2019-10-15,56.6079216003418,57.16841664159402,56.50207584591443,56.86531589350693,87360000
2019-10-16,56.37937545776367,56.58866266457872,56.09792404578203,56.13881831891331,73903200
2019-10-17,56.598289489746094,56.80757304870868,56.17491020074965,56.552583041096554,67585200
2019-10-18,56.870121002197266,57.15157244845404,56.36013730971351,56.432305194279344,97433600
2019-10-21,57.85640335083008,57.971873434702374,57.089029065616195,57.13713976525744,87247200
2019-10-22,57.724098205566406,58.26294389922715,57.64230598082633,58.01276606582909,82293600
2019-10-23,58.498695373535156,58.513131888167614,58.027205339327395,58.23889683993331,75828800
2019-10-24,58.594913482666016,58.88839351156194,58.16912628162669,58.818629879608615,69275200
2019-10-25,59.31658172607422,59.35266382986674,58.42652101662137,58.49387672410792,73477200
2019-10-28,59.9107666015625,59.95887730359158,59.35026792992619,59.51865722233358,96572800
2019-10-29,58.525150299072266,60.07915117989535,58.351952519479724,59.89151688727669,142839600
2019-10-30,58.51793670654297,59.00867539604496,58.02479743733707,58.878772466807476,124522000
2019-10-31,59.84100341796875,59.93963274377457,57.074595818262324,59.475359143282475,139162000
2019-11-01,61.539329528808594,61.56578729051356,59.93721808993983,60.02862730743966,151125200
2019-11-04,61.94346237182617,62.027658837469005,61.43348241932148,61.90256442866668,103272000
2019-11-05,61.854454040527344,62.1094440029045,61.65960335873386,61.835205359656925,79897600
2019-11-06,61.880924224853516,61.94106351751216,61.43108349036237,61.76786206100636,75864400
2019-11-07,62.5951042175293,62.81708447430913,62.2766136869042,62.428620865759896,94940400
2019-11-08,62.76641845703125,62.8387993222777,61.97260727293929,62.41656042739546,69986400
2019-11-11,63.263458251953125,63.32860103570491,62.31763981455063,62.322462751518806,81821200
2019-11-12,63.20553970336914,63.40580569755852,62.95461446805824,63.10661428120815,87388800
2019-11-13,63.81117248535156,63.88596852115963,62.9908238787939,63.00530005583649,102734400
2019-11-14,63.3696403503418,63.9101039797344,63.23934738137583,63.637457014214654,89182800
2019-11-15,64.12240600585938,64.12722894235556,63.45888775617379,63.62054080630693,100206400
2019-11-18,64.44573974609375,64.52535872127152,63.75326893303377,64.13207205686805,86703200
2019-11-19,64.25028991699219,64.66287560634905,64.03313994171292,64.63874619503746,76167200
2019-11-20,63.502323150634766,64.1996167578222,62.82915159180207,64.06933118896113,106234400
2019-11-21,63.21760559082031,63.70016429647717,63.01733960454627,63.62295313638931,121395200
2019-11-22,63.162113189697266,63.499902835074955,62.935309992816094,63.35754889035371,65325200
2019-11-25,64.26958465576172,64.28647597885696,63.34065760793023,63.38650127732471,84020400
2019-11-26,63.76772689819336,64.46019751348283,63.33583476323734,64.40711575743649,105207600
2019-11-27,64.624267578125,64.65805022533677,64.01383104765496,64.0789738287976,65235600
2019-11-29,64.48191833496094,64.66287788127046,64.15618967895124,64.3250882008119,46617600
2019-12-02,63.73634338378906,64.7231748776426,63.56503713548094,64.48671850317801,94487200
2019-12-03,62.59993362426758,62.619232733456535,61.837489954222036,62.324871616307696,114430400
2019-12-04,63.1524658203125,63.531276233622215,62.896710253389905,62.990812750806576,67181600
2019-12-05,64.07897186279297,64.15377524171508,63.391331548709125,63.64708709192012,74424400
2019-12-06,65.31673431396484,65.38670739096737,64.49397080231735,64.53740668374826,106075600
2019-12-09,64.40229797363281,65.33845582103804,63.917324043827655,65.14543525447796,128042400
2019-12-10,64.7787094116211,65.1623428536765,64.14655106723649,64.80766176750988,90420400
2019-12-11,65.33122253417969,65.41084886210179,64.7835209297938,64.85831695707625,78756800
2019-12-12,65.49768829345703,65.76309704302184,64.49879564379098,64.60978207969583,137310400
2019-12-13,66.38802337646484,66.4242138126888,65.36982404554227,65.49770182904206,133587600
2019-12-16,67.52444458007812,67.7488400023079,66.82956614230139,66.83438907918607,128186000
2019-12-17,67.65715789794922,67.98529434981573,67.26869423240927,67.45448408416172,114158400
2019-12-18,67.49549102783203,68.01665536931156,67.34589899118984,67.50996720149017,116028400
2019-12-19,67.56303405761719,67.84291895871341,67.30487077547953,67.43757145916467,98369200
2019-12-20,67.42310333251953,68.19760799785504,67.21077632268339,68.09627479250878,275978000
2019-12-23,68.52334594726562,68.58366579405019,67.64750059383174,67.68610617936537,98572000
2019-12-24,68.58847045898438,68.73806982429723,68.2627492637302,68.68981101442074,48478800
2019-12-26,69.94928741455078,69.96617873386037,68.69222423937535,68.72117657918585,93121200
2019-12-27,69.9227523803711,70.9288905053271,69.51740484131803,70.24124288816766,146266000
2019-12-30,70.33775329589844,70.62005337456992,68.81769633977586,69.84071842512762,144114400
2019-12-31,70.85167694091797,70.85891502661026,69.85519208546589,69.95411749876797,100805600
2020-01-02,72.46826171875,72.52858156247073,71.22325926076245,71.4765996590847,135480400
2020-01-03,71.76372528076172,72.52375386627762,71.53933722124737,71.69616734789946,146322800
2020-01-06,72.3355484008789,72.37415398165305,70.6345318765685,70.88546446996966,118387200
2020-01-07,71.99534606933594,72.6009522080095,71.77578098551396,72.34519669570282,108872000
2020-01-08,73.15350341796875,73.4551026743299,71.69858889981313,71.69858889981313,132079200
2020-01-09,74.70734405517578,74.90036463569696,73.87975745537804,74.13068273740295,170108400
2020-01-10,74.87621307373047,75.44081319943417,74.37435529486838,74.94136320691373,140644800
2020-01-13,76.47592163085938,76.5024661955154,75.07408881301154,75.19232073386635,121532000
2020-01-14,75.4432373046875,76.62309704687446,75.3201898237738,76.41318515734736,161954400
2020-01-15,75.11994171142578,76.12366508873906,74.68804944207676,75.2429965849295,121923600
2020-01-16,76.06092834472656,76.17192218872837,75.30089958102596,75.66281874119426,108829200
2020-01-17,76.9029769897461,76.90538477645106,76.00300228022495,76.30942443229468,137816400
2020-01-21,76.38179779052734,76.97292771965752,76.24426680790016,76.53138979411735,110843200
2020-01-22,76.65445709228516,77.20698153576836,76.56035460570881,76.86677674803076,101832400
2020-01-23,77.02361297607422,77.1032319252794,76.15982874124028,76.70753760258107,104472000
2020-01-24,76.80164337158203,78.01286327957854,76.61103058846822,77.26972598534742,146537600
2020-01-27,74.54327392578125,75.22367624090043,73.56126499598109,74.81109052667422,161940000
2020-01-28,76.65203857421875,76.82334485387435,75.32500212699546,75.42392754574348,162234000
2020-01-29,78.25653839111328,79.10343121061821,77.5423536234093,78.28308294677784,216229200
2020-01-30,78.14314270019531,78.196224452265,76.90779359376785,77.33968569636842,126743200
2020-01-31,74.67838287353516,77.85602816826189,74.38402173692818,77.43378925544725,199588400
2020-02-03,74.47329711914062,75.63867332859459,72.91945726436026,73.42131515382538,173788400
2020-02-04,76.93192291259766,77.1225356625265,75.67244439973094,76.07779194419663,136616400
2020-02-05,77.55928039550781,78.3579147679031,76.95608178413589,78.0587232496429,118826800
2020-02-06,78.46647644042969,78.46889159082244,77.27214775489887,77.8295026141326,105425600
2020-02-07,77.39988708496094,78.21492705790754,76.9089278720762,77.9658198194633,117684000
2020-02-10,77.76752471923828,77.76752471923828,75.905268338878,75.98507626887303,109348800
2020-02-11,77.2983169555664,78.33586413946524,77.08065162389036,78.26331148915241,94323200
2020-02-12,79.13397979736328,79.13881418044723,77.74816513747918,77.74816513747918,113730400
2020-02-13,78.57047271728516,78.89697445434517,78.20286026576835,78.4060150979807,94747600
2020-02-14,78.58980560302734,78.83891285274403,78.08191495757227,78.53901137196604,80113600
2020-02-18,77.1507797241211,77.3321687046637,76.08904601525819,76.2704349958008,152531200
2020-02-19,78.26815032958984,78.49791270322793,77.39264718918032,77.39264718918032,93984000
2020-02-20,77.46520233154297,78.517260139207,76.95973247404322,78.02872169520079,100566000
2020-02-21,75.71176147460938,77.5014720805536,75.09504186089677,77.05887881173565,129554000
2020-02-24,72.11541748046875,73.56652927707171,69.95084681231108,71.8929178048686,222195200
2020-02-25,69.67271423339844,73.1674782506727,69.20110730705076,72.7853553748288,230673600
2020-02-26,70.77799224853516,72.04288097148186,69.29060380017634,69.29785906555418,198054800
2020-02-27,66.1513671875,69.16968329754985,66.015930635838,67.98460978013814,320605600
2020-02-28,66.11266326904297,67.3340203730767,62.00359989656375,62.21885173263986,426510000
2020-03-02,72.2677993774414,72.90387135222704,67.16714131154524,68.26998589980724,341397200
2020-03-03,69.9726333618164,73.52301950606079,69.12130946491573,73.44321158109558,319475600
2020-03-04,73.2182846069336,73.37790783984885,70.89409003325196,71.69461969933852,219178400
2020-03-05,70.84329223632812,72.4467648225109,70.47809334857007,71.47210154193513,187572800
2020-03-06,69.90248107910156,70.33539821217181,68.01603849038064,68.2022618674925,226176800
2020-03-09,64.37374877929688,67.25662042749718,63.6070747073531,63.78846370366684,286744800
2020-03-10,69.01006317138672,69.27610190295883,65.14768563149643,67.02688078666671,285290000
2020-03-11,66.61331176757812,68.01363727531553,65.74989813353481,67.08734712395831,255598800
2020-03-12,60.03492736816406,65.30004700639003,59.979302435498994,61.89960811199781,418474000
2020-03-13,67.22760009765625,67.69921444547847,61.17646208174082,64.06417921518192,370732000
2020-03-16,58.57897186279297,62.65901004477626,58.044477343492844,58.51608798383502,322423600
2020-03-17,61.15470504760742,62.30349851090025,57.65752303606562,59.86079519838787,324056000
2020-03-18,59.65763473510742,60.4630023695136,57.34794730651824,57.98885734585637,300233600
2020-03-19,59.20052719116211,61.1498535536418,58.67570883898437,59.8317610046788,271857200
2020-03-20,55.44215393066406,60.90558973701077,55.142256121470716,59.78097572031221,401693200
2020-03-23,54.264339447021484,55.26318952393012,51.420160868327166,55.16161211294488,336752800
2020-03-24,59.70841979980469,59.904319319039914,56.66592135701882,57.164135860349994,287531200
2020-03-25,59.37950897216797,62.45828415286656,59.08444921259577,60.644394003218935,303602000
2020-03-26,62.50422668457031,62.56226879829015,59.58265430542807,59.62135150815354,252087200
2020-03-27,59.916419982910156,61.88267437044843,59.74954150082475,61.12809725879501,204216800
2020-03-30,61.62630844116211,61.79802498746447,60.31788821611853,60.6419727055928,167976400
2020-03-31,61.500553131103516,63.483739105011665,60.9467135877393,61.8173824008547,197002000
2020-04-01,58.26456832885742,60.15343192722889,57.83407204839957,59.61652017243426,176218400
2020-04-02,59.2368049621582,59.290012694130326,57.29473381628088,58.12670523580675,165934000
2020-04-03,58.385494232177734,59.423037724427395,57.79537474123642,58.721668376231186,129880000
2020-04-06,63.4788932800293,63.63367471849766,60.313051558292024,60.68066393279939,201820400
2020-04-07,62.7436637878418,65.71119260823201,62.6396691972311,65.49351989948178,202887200
2020-04-08,64.34957122802734,64.6639759139237,63.17900829152558,63.54419983698464,168895200
2020-04-09,64.81391906738281,65.31697539124775,64.0182312530311,64.98563931197687,161834800
2020-04-13,66.0860595703125,66.19489592354667,64.29151446730144,64.89131008954301,131022800
2020-04-14,69.42359161376953,69.7138168739516,67.24692430460885,67.71853850722098,194994800
2020-04-15,68.78997802734375,69.24949545432703,67.8709431733772,68.29901865238591,131154400
2020-04-16,69.3365478515625,69.70174671960459,68.28691109689659,69.50342631571836,157125200
2020-04-17,68.3957290649414,69.39942057020734,66.95912787977822,68.8528327969187,215250000
2020-04-20,66.97607421875,68.12487124671051,66.95672930580358,67.22276798842614,130015200
2020-04-21,64.90582275390625,67.05346978399236,64.19477725392538,66.81887303902265,180991600
2020-04-22,66.77534484863281,67.21067553657838,65.8321234375921,66.1731282940646,116862400
2020-04-23,66.51653289794922,68.14177808667445,66.47783570527304,66.71968762394802,124814400
2020-04-24,68.43683624267578,68.44651238581928,66.99298002418155,67.04135335916435,126161200
2020-04-27,68.4852294921875,68.81656552903699,67.7064658092128,68.1538860746012,117087600
2020-04-28,67.3750991821289,69.12852546045103,67.28320165977156,68.94713653510736,112004800
2020-04-29,69.58808135986328,70.05727484881541,68.65937052894684,68.86252533126566,137280800
2020-04-30,71.05613708496094,71.23269175777668,69.73804769719284,70.12742599739215,183064000
2020-05-01,69.91215515136719,72.31374359365245,69.13339146359068,69.23013078154854,240616800
2020-05-04,70.90132904052734,71.02951029776773,69.24706234339718,69.9363419790523,133568000
2020-05-05,71.96549987792969,72.79747157206963,71.21575700020902,71.36086971537097,147751200
2020-05-06,72.70799255371094,73.3392229446384,72.28233052778174,72.6668744522674,142333600
2020-05-07,73.46012878417969,73.80598277550787,73.03205337405477,73.33436839325711,115215200
2020-05-08,75.20861053466797,75.26196230929314,73.79237217273885,74.119757726088,133838400
2020-05-11,76.39202880859375,76.88673708897407,74.50774723825187,74.71630682370795,145946400
2020-05-12,75.51899719238281,77.52695196972876,75.39774386669593,77.07588574980144,162301200
2020-05-13,74.60718536376953,76.61999543008798,73.53045501521297,75.69846552238357,200622400
2020-05-14,75.06552124023438,75.12614791139806,73.12304032792042,73.84571291244961,158929200
2020-05-15,74.62171936035156,74.66779621600826,72.80291948142614,72.83687396484294,166348400
2020-05-18,76.37992858886719,76.75339107895668,75.2547010482795,75.94584680828123,135178400
2020-05-19,75.93855285644531,77.24323270759544,75.90702580080492,76.39688667871405,101729600
2020-05-20,77.41539764404297,77.4857192413937,76.7581993186441,76.79700126927659,111504800
2020-05-21,76.83827209472656,77.81800152461432,76.60061279419715,77.27720875945423,102688800
2020-05-22,77.33297729492188,77.41542869782153,76.47450136951518,76.57635005515425,81803200
2020-05-26,76.80915832519531,78.63037881290926,76.75337911371359,78.45092620311642,125522000
2020-05-27,77.143798828125,77.28930432080578,75.92641792081989,76.66606775831522,112945200
2020-05-28,77.1777572631836,78.43636762804827,76.54239089339562,76.81884468298037,133560800
2020-05-29,77.10258483886719,77.88102931454405,76.74609967511876,77.42026804049199,153532400
2020-06-01,78.05077362060547,78.17202695622836,76.92553911368113,77.05649478835441,80791200
2020-06-02,78.41210174560547,78.43635389149792,77.34264649797673,77.78401039078527,87642800
2020-06-03,78.84375762939453,79.10566894505062,78.15988712827792,78.73220664717118,104491200
2020-06-04,78.16475677490234,78.96502587807994,77.79129440641832,78.66674739088378,87560400
2020-06-05,80.3909683227539,80.45159499569716,78.38544064604918,78.41454026494723,137250400
2020-06-08,80.86627960205078,80.90023409134206,79.37729235859877,80.08783519139197,95654400
2020-06-09,83.41988372802734,83.81274342787988,80.51465797687612,80.54618503439575,147712400
2020-06-10,85.5660629272461,86.0340990809107,83.92914270631454,84.36807924016622,166651600
2020-06-11,81.4580078125,85.134410668066,81.35615913194549,84.71002389741363,201662400
2020-06-12,82.16126251220703,84.34382269299937,81.05058514318586,83.59690535411025,200146000
2020-06-15,83.17738342285156,83.82972713796804,80.65288740054817,80.81537017078598,138808800
2020-06-16,85.38175201416016,85.65336572310193,83.59690633112962,85.2313990507297,165428800
2020-06-17,85.26292419433594,86.18687406891311,85.14167085225792,86.12624739787411,114406400
2020-06-18,85.296875,85.71398677476938,84.68818088081773,85.2192710882484,96820400
2020-06-19,84.80945587158203,86.4682010550296,83.70119831369777,86.00259226707146,264476000
2020-06-22,87.02836608886719,87.17144413379616,85.15621433033841,85.20229118895983,135445200
2020-06-23,88.88597869873047,90.3046443458434,87.85289780891296,88.27243705588172,212155600
2020-06-24,87.31697082519531,89.43405719903721,86.94350839643548,88.51495463894143,192623200
2020-06-25,88.47613525390625,88.51493721035841,86.71311437427568,87.47216145830379,137522400
2020-06-26,85.75764465332031,88.59254854021978,85.60971171941675,88.37186655732566,205256800
2020-06-29,87.73405456542969,87.82863571022152,85.187734768743,85.6654731599595,130646000
2020-06-30,88.4664306640625,88.75259416052774,87.30240160297599,87.32179888035039,140223200
2020-07-01,88.2990951538086,89.08724178750444,88.25059826293374,88.54402924512468,110737200
2020-07-02,88.2990951538086,89.84144133765948,88.18512412993056,89.20607508168689,114041600
2020-07-06,90.6611328125,91.12916897526445,89.6959534658751,89.72748052152446,118655600
2020-07-07,90.37982940673828,91.81789246963082,90.26827838855647,91.03944797633464,112424400
2020-07-08,92.48477935791016,92.51630641314865,91.26981841791165,91.35712467862727,117092000
2020-07-09,92.88247680664062,93.43053681744466,91.83484627515189,93.37718505702489,125642800
2020-07-10,93.04496002197266,93.10316665691907,91.86638112451729,92.47749528608121,90257200
2020-07-13,92.61573028564453,96.95902596441493,92.40232321566707,94.34965162813619,191649200
2020-07-14,94.14838409423828,94.33995906948405,91.063698400921,91.99734332779671,170989200
2020-07-15,94.79584503173828,96.27270959583294,93.59786162625385,96.02292805019556,153198000
2020-07-16,93.62940979003906,94.4854581347257,93.03041795220673,93.66821174965895,110577600
2020-07-17,93.44025421142578,94.23567587629981,92.96736319511449,94.08047543961847,92186800
2020-07-20,95.40941619873047,95.54764680403545,93.18320630571225,93.527569101271,90318000
2020-07-21,94.09260559082031,96.27516602978264,93.84282396994556,96.19998954005356,103433200
2020-07-22,94.35693359375,95.03837684731691,93.70701739615949,93.79431625820118,89001600
2020-07-23,90.06214904785156,94.16778614112043,89.25217747144076,94.09018221266099,197004400
2020-07-24,89.83904266357422,90.18340548239307,86.47304800936116,88.26032885670101,185438800
2020-07-27,91.96823120117188,92.06038492393321,90.67810128466274,90.90120328645872,121214000
2020-07-28,90.45744323730469,91.7160538347521,90.4525883659493,91.5390212468066,103625600
2020-07-29,92.19134521484375,92.37565266958501,90.9036352682461,90.94000979201954,90329200
2020-07-30,93.30687713623047,93.41115323756709,90.95698669984957,91.36439616603701,158130000
2020-07-31,103.07502746582031,103.22538040306863,97.80292791974138,99.80118772646902,374336800
2020-08-03,105.67229461669922,108.2913640186851,104.6586183859917,104.95689689079155,308151200
2020-08-04,106.37799072265625,107.46927088099201,105.13877762781757,105.8614502635959,173071600
2020-08-05,106.76358032226562,107.08369095937002,105.6334981524038,106.09911429734815,121776800
2020-08-06,110.48848724365234,110.98320304299686,106.50653089800755,107.09582047328551,202428800
2020-08-07,107.9764404296875,110.46661589150919,107.179584578467,110.00988008396922,198045600
2020-08-10,109.54585266113281,110.56378836086954,106.89533339122227,109.4219488794754,212403600
2020-08-11,106.2879867553711,109.30777851969748,106.02803492838889,108.80974634738266,187902400
2020-08-12,109.82037353515625,110.07789350159867,107.18443047564186,107.37878264931382,165598000
2020-08-13,111.7639389038086,112.7672986221406,110.71198742895228,111.20030714999548,210082000
2020-08-14,111.66433715820312,111.75422524008118,109.85440163162504,111.58902512127496,165565200
2020-08-17,111.37281036376953,112.81104203135664,110.74601813846846,112.78674614980434,119561600
2020-08-18,112.30083465576172,112.72598654466942,110.78972307405309,111.12498689269856,105633600
2020-08-19,112.44171142578125,113.85564657050325,112.34696716898087,112.7089511735213,145538000
2020-08-20,114.93678283691406,115.05096678859472,112.46603963312674,112.48304748879555,126907200
2020-08-21,120.85977172851562,121.34322786777174,115.88427643595575,115.89642066911888,338054800
2020-08-24,122.30525207519531,125.15013062833738,120.43944460680316,125.06509136210123,345937600
2020-08-25,121.3019027709961,121.64688641801345,119.57943117585931,121.1780064067377,211495600
2020-08-26,122.95148468017578,123.40822042524167,121.55212536151603,122.6186527038837,163022400
2020-08-27,121.48170471191406,123.88684852967005,120.33743327624663,123.5540164773564,155552400
2020-08-28,121.28491973876953,122.87376795038361,121.06140802616056,122.45590402911932,187630000
2020-08-31,125.39794921875,127.30263641002203,122.44375715773111,123.97916478082978,225702700
2020-09-01,130.39285278320312,130.99536378403553,126.84587750534726,129.01293310588505,151948100
2020-09-02,127.69131469726562,134.0856002645823,123.41550776119645,133.70660835355852,200119000
2020-09-03,117.46825408935547,125.20358843955071,117.09898196053354,123.3280682941128,257599600
2020-09-04,117.5459976196289,120.20866118452791,107.76021579822826,116.68111776737273,332607200
2020-09-08,109.63573455810547,115.63158886854931,109.49968655275791,110.73383843385653,231366600
2020-09-09,114.00873565673828,115.77736730217215,112.0068798970881,113.95043148169943,176940500
2020-09-10,110.2868423461914,117.0989933286325,109.32478630266519,116.96294529880299,182274400
2020-09-11,108.83889770507812,111.97773703500987,106.89534596034459,111.33636140049826,180860300
2020-09-14,112.10405731201172,112.6579692235783,109.61631362694925,111.4821213907461,140150100
2020-09-15,112.27896881103516,115.47611185461919,110.40344135428404,114.99022398928534,184642000
2020-09-16,108.96522521972656,112.72600049138936,108.87776895050861,111.97773633652149,154679000
2020-09-17,107.22573852539062,109.03324211177724,105.64174663584149,106.62324227263575,178011000
2020-09-18,103.82453918457031,107.7505149215342,103.0957072203482,107.28406661630684,287104900
2020-09-21,106.97306060791016,107.07995651781488,100.19006360823141,101.58942285494095,195713800
2020-09-22,108.65423583984375,109.67460326412942,106.07903623256472,109.49968334608216,183055400
2020-09-23,104.09662628173828,108.94578544391972,103.75649882076176,108.46961737823794,150718700
2020-09-24,105.16556549072266,107.13826893890365,102.03644660847966,102.2016466950428,167743300
2020-09-25,109.1109848022461,109.26647248780473,104.63109780542541,105.36964948370711,149981400
2020-09-28,111.71533203125,112.06517187151762,109.59686073810057,111.76392378119944,137672400
2020-09-29,110.86990356445312,112.05547129194501,110.36458338283204,111.3169269814266,99382200
2020-09-30,112.54135131835938,113.95043065542163,110.41316739020328,110.57836749432273,142675200
2020-10-01,113.4936752319336,114.39742685256729,112.56077152903099,114.31968302381051,116120400
2020-10-02,109.83008575439453,112.11376456822066,109.0526696470594,109.70375758314337,144712000
2020-10-05,113.21186828613281,113.35763612296132,110.34513295609943,110.6949727988638,106243800
2020-10-06,109.96614074707031,112.84259590260606,109.08182130955358,112.43444447771981,161498200
2020-10-07,111.83194732666016,112.28868308370595,110.9087559798063,111.38493140237664,96849000
2020-10-08,111.72504425048828,113.11468368405912,111.3557647697816,112.96891585820435,83477200
2020-10-09,113.66860961914062,113.69776170512303,111.67646638432409,112.02630624423392,100506900
2020-10-12,120.88890838623047,121.64689230757452,115.91341372886069,116.67139765020474,240226800
2020-10-13,117.68205261230469,121.85097185102632,116.27298061147238,121.73435608129198,262330500
2020-10-14,117.76950073242188,119.55756448106015,116.24381316344193,117.58486097492064,150712000
2020-10-15,117.30303955078125,117.7792075503629,114.81529622261273,115.36920805471462,112559200
2020-10-16,115.6607437133789,118.11934252939484,115.45667170048786,117.85695893134891,115393800
2020-10-19,112.70654296875,117.02122180628177,112.39557505781023,116.5742058976846,120639300
2020-10-20,114.19336700439453,115.62187849993559,112.36642390465587,112.9203357688391,124423700
2020-10-21,113.5714340209961,115.35949783357893,113.16328257328865,113.37707442350195,89946000
2020-10-22,112.48304748535156,114.70841493004065,111.35578401227829,114.13506335968486,101988000
2020-10-23,111.7930908203125,113.26047437917072,111.05453912383231,113.10498668978074,82572600
2020-10-26,111.80281066894531,113.26047439389082,109.69405151217103,110.79216292996242,111850700
2020-10-27,113.3090591430664,113.9698669973098,111.30720332612077,112.2303873896094,92276800
2020-10-28,108.06147003173828,112.17208508150478,107.96429393091981,111.80281293277008,143937800
2020-10-29,112.065185546875,113.62974518620118,109.03324236591982,109.19844988747217,146129200
2020-10-30,105.78750610351562,108.8291614562022,104.67968236923052,107.92540973464747,190272600
2020-11-02,105.70002746582031,107.55612239802188,104.29095582856081,106.03043502111758,122866900
2020-11-03,107.32292938232422,108.34328959669351,105.66119353544151,106.56494539048946,107624400
2020-11-04,111.70561218261719,112.32754802876923,109.17899688086699,110.91847624915665,138235500
2020-11-05,115.67046356201172,116.24381509607197,113.57143184766637,114.62094399780884,126387100
2020-11-06,115.53907012939453,116.03552551635951,113.04702688343866,115.1788900602559,114457900
2020-11-09,113.23197174072266,118.75144452373826,112.96914288637264,117.30100266982897,154515300
2020-11-10,112.8912582397461,114.46824612623837,111.10010224382926,112.48241007857042,138023400
2020-11-11,116.31781005859375,116.45409278270938,113.34878508110145,114.07887428608585,112295000
2020-11-12,116.04523468017578,117.33019127391833,115.4222258727158,116.44435364296932,103162300
2020-11-13,116.09393310546875,116.49304471994897,114.74083488923566,116.26915483122531,81581900
2020-11-16,117.10630798339844,117.77798498184063,115.01338417236556,115.7629391328116,91183000
2020-11-17,116.22048950195312,117.46650747207035,115.80190464384941,116.37624546164425,74271000
2020-11-18,114.89656066894531,116.63904097831926,114.86735829157409,115.46116472095827,76322100
2020-11-19,115.4903793334961,115.89922751370858,113.70895985661822,114.4682514561133,74113000
2020-11-20,114.22490692138672,115.61694422200075,114.176238754997,115.49039807716413,73604300
2020-11-23,110.82756042480469,114.4974803361599,110.73021666475569,114.0691588797209,127959300
2020-11-24,112.11248779296875,112.77443558427984,109.60097934121339,110.88594337156803,113874200
2020-11-25,112.94966888427734,113.6505557267342,112.11249931432629,112.48241594054053,76499200
2020-11-27,113.49480438232422,114.3709129708123,113.1346317708944,113.47533860340312,46691300
2020-11-30,115.8895034790039,117.75853018018704,113.70896490077166,113.86472083929621,169410200
2020-12-01,119.46206665039062,120.19215587053868,116.82401182614447,117.79746411967523,127728200
2020-12-02,119.8125,120.09480203261869,117.68063727975765,118.78063560532624,89004200
2020-12-03,119.67622375488281,120.493920092042,118.96560033409804,120.24082042379452,78967600
2020-12-04,119.0045394897461,119.59834596601074,118.29391606792319,119.3452462973935,78260400
2020-12-07,120.46472930908203,121.26295994561156,119.00455077200225,119.06295553689276,86712000
2020-12-08,121.07801055908203,121.66208795851276,119.82225603327018,121.0682813821168,82225500
2020-12-09,118.54702758789062,122.60632215950014,117.78773593298261,121.2240215863675,115089200
2020-12-10,119.96826171875,120.58154143292921,116.96029761781081,117.30100444410381,81312200
2020-12-11,119.1603012084961,119.50100803270227,117.34967931202699,119.17976698694284,86939800
2020-12-14,118.54702758789062,120.07534750085607,118.31340110026942,119.34525822854418,79184500
2020-12-15,124.48507690429688,124.50455010924838,120.83463079530905,121.03905488619017,157243700
2020-12-16,124.41693878173828,124.9620697049553,123.20012338037756,124.0275637947843,98208600
2020-12-17,125.28329467773438,126.13993736355808,124.6408126633666,125.4779821462302,94359800
2020-12-18,123.29747009277344,125.67269604688084,122.7718049671832,125.53641332100761,192541500
2020-12-21,124.8257827758789,124.90366074139115,120.17268202586978,121.70100182150271,121251600
2020-12-22,128.37890625,130.8417396142282,126.20809672049869,128.1160699450411,168904800
2020-12-23,127.48332977294922,128.9142911011182,127.30810062123794,128.651469654108,88223700
2020-12-24,128.46649169921875,129.91694086606563,127.61959301416368,127.83375369258947,54930100
2020-12-28,133.06118774414062,133.693925752392,129.96560192767902,130.43286969291617,124486200
2020-12-29,131.28952026367188,135.10545188425303,130.7735916806408,134.38510661556313,121047300
2020-12-30,130.17002868652344,132.37976932791838,129.85851685438772,131.98065036313264,96452100
2020-12-31,129.16738891601562,131.16296911492586,128.2231389904879,130.5204870277971,99116600
2021-01-04,125.97445678710938,130.06295318684514,123.39480688941487,129.97534605093776,143301900
2021-01-05,127.53199768066406,128.24262865019975,125.02048862539876,125.46828327943898,97664900
2021-01-06,123.23906707763672,127.57093452826126,123.02490637051051,124.32933639261917,155088000
2021-01-07,127.44437408447266,128.1355317571745,124.46561240551398,124.95233855838183,109578200
2021-01-08,128.54437255859375,129.1089766459298,126.77268233415623,128.9142743130051,105158200
2021-01-11,125.55589294433594,126.71430373737336,125.08863992699253,125.76032449463308,100384500
2021-01-12,125.38065338134766,126.24702529391881,123.4921536305582,125.08861473418492,91951100
2021-01-13,127.41517639160156,127.96030732627808,125.07889671335819,125.34171815091041,88636800
2021-01-14,125.48776245117188,127.52227456444804,125.34173566730958,127.327587039671,90221800
2021-01-15,123.76470947265625,126.76294396711677,123.62842676171266,125.36117045243897,111598500
2021-01-19,124.4364013671875,125.29304408982054,123.57002946950722,124.38772578454656,90757300
2021-01-20,128.52488708496094,128.9726816127556,125.13727773804456,125.24435806944973,104319500
2021-01-21,133.23643493652344,135.96210482573608,130.0435120203248,130.24794357484075,120150900
2021-01-22,135.37802124023438,136.13731286135894,131.43553637442392,132.66208095000118,114459400
2021-01-25,139.1258087158203,141.23819854253642,132.9151779412319,139.2718354812106,157611700
2021-01-26,139.3594207763672,140.46915569228537,137.6169330170498,139.787742121757,98390600
2021-01-27,138.2886505126953,140.46918931400648,136.68245993673887,139.62227559520105,140843800
2021-01-28,133.45057678222656,138.22050212672593,133.07093096645877,135.81607367562873,142621100
2021-01-29,128.45677185058594,133.10987264929705,126.753230328146,132.22402749273948,177523800
2021-02-01,130.57891845703125,131.7860049108473,127.45412937962104,130.19927257414088,106239800
2021-02-02,131.4063262939453,132.69127555683025,131.0364096809211,132.12667146199954,83305400
2021-02-03,130.38421630859375,132.165635975879,130.0629752354402,132.15589194554707,89880900
2021-02-04,133.74258422851562,133.75231340224198,131.01691536139694,132.68152499802775,84183100
2021-02-05,133.32826232910156,133.97170445351236,132.45085206919504,133.90346870595903,75693800
2021-02-08,133.47454833984375,133.52329667503085,131.53447765626234,132.61662524344138,71297200
2021-02-09,132.59706115722656,134.4201468877061,132.44108738356064,133.1917548672735,76774200
2021-02-10,131.99266052246094,133.5525177010359,131.02749721967888,133.0553056014661,73046600
2021-02-11,131.73916625976562,132.9675435248031,130.41329236021338,132.4898338171174,64280000
2021-02-12,131.97317504882812,132.12916376176068,130.33533819074378,130.97878047466367,60145100
2021-02-16,129.8478546142578,132.5970843838598,129.4578829220419,132.0901434978276,80576300
2021-02-17,127.55681610107422,128.90219239259375,126.22119839919687,127.95653150303275,97918500
2021-02-18,126.45518493652344,126.7379014019475,124.21289601346298,125.95797287967874,96856700
2021-02-19,126.61114501953125,127.43007806091106,125.5680024488118,126.97187066157987,87668800
2021-02-22,122.8382797241211,126.46493488700048,122.44831544375612,124.79783740249141,103916400
2021-02-23,122.70178985595703,123.53045927947294,115.41923371769597,120.65448673963841,158273000
2021-02-24,122.20457458496094,122.40930413496974,119.16286991288813,121.80486663626253,111039900
2021-02-25,117.95399475097656,123.28673718148006,117.51528958023444,121.55140392768223,148199500
2021-02-26,118.21720886230469,121.71712094720249,118.15870939243611,119.51382934353043,164560400
2021-03-01,124.5833740234375,124.71986041672858,119.70883872604007,120.6447486105863,116307900
2021-03-02,121.98036193847656,125.49002551913253,121.87312157746639,125.18780674062197,102260900
2021-03-03,118.99714660644531,122.55555866097826,118.78266587535208,121.67814086921052,112966300
2021-03-04,117.1155776977539,120.49850624904042,115.64347345208853,118.6949297486631,178155000
2021-03-05,118.37320709228516,118.8801629015518,114.61981660015222,117.94425306669439,153766600
2021-03-08,113.44017791748047,117.96374575469044,113.29394038143423,117.89550256292887,154376600
2021-03-09,118.05146789550781,118.99712873808402,115.80918658429786,116.04316214765258,129525800
2021-03-10,116.96934509277344,119.10438636423861,116.4526381350717,118.6364351696504,111943300
2021-03-11,118.899658203125,120.11829196722469,118.21722627040926,119.4651060547753,103026500
2021-03-12,117.99298095703125,118.12946732804168,116.16990981369923,117.37879228748427,88105100
2021-03-15,120.87870025634766,120.88845140763532,117.39828304156515,118.36344619441722,92403800
2021-03-16,122.4190673828125,124.02766536377307,121.59039794957519,122.54580261068884,115227900
2021-03-17,121.62939453125,122.70179070070945,119.27011403289939,120.93721148152662,111932600
2021-03-18,117.50552368164062,120.08902837100626,117.30079413178964,119.79655333524822,121229700
2021-03-19,116.97908782958984,118.38295627751944,116.67686904236336,116.89134977056929,185549500
2021-03-22,120.29377746582031,120.76173611147584,117.24232114898952,117.31056434336112,111912300
2021-03-23,119.46509552001953,121.1224343178664,119.07513126230569,120.23527288356823,95467100
2021-03-24,117.0765609741211,119.816054302137,117.05706610966415,119.73805996841114,88530500
2021-03-25,117.56403350830078,118.6071911560223,116.01393492282537,116.54038560410483,98844700
2021-03-26,118.16845703125,118.43168604296147,115.9359194779791,117.33003655489678,94071200
2021-03-29,118.34395599365234,119.50409766319855,117.70052126390267,118.59743388740822,80819200
2021-03-30,116.8913345336914,117.37878796591035,115.87743050212212,117.09606408266947,85671900
2021-03-31,119.08488464355469,120.42050239594532,118.10997769999379,118.59743117177423,118323800
2021-04-01,119.91355895996094,121.06394949790783,119.41635431579364,120.5570011392304,75089100
2021-04-05,122.74079895019531,122.99427686554803,119.98181021656318,120.7617388309021,88651200
2021-04-06,123.04302215576172,123.93993488776351,122.49707656896946,123.32574610262222,80171300
2021-04-07,124.69062042236328,124.71011529179697,121.99987472550735,122.67256300920909,83466700
2021-04-08,127.08887481689453,127.11812083629366,125.29504953954824,125.71425240153569,88844600
2021-04-09,129.66262817382812,129.70161790758218,126.22120772891054,126.54292881700623,106686700
2021-04-12,127.94679260253906,129.5163933763926,127.35209877205047,129.19467229997423,91420000
2021-04-13,131.05673217773438,131.28097148351077,128.61946483937675,129.11667689697725,91266500
2021-04-14,128.71693420410156,131.61240837850028,128.35622347475837,131.55391635491986,87222800
2021-04-15,131.12498474121094,131.61243821608534,130.286564169391,130.46205515581354,89347100
2021-04-16,130.79351806640625,131.29071524829968,129.9355952026849,130.93000444237106,84922400
2021-04-19,131.45643615722656,132.07063223335706,129.99407588140957,130.1598082608944,94264200
2021-04-20,129.76986694335938,132.12914001786334,128.5024849113631,131.63194282012853,94812300
2021-04-21,130.15005493164062,130.39378162626917,128.00526299408884,129.03866179917034,68847100
2021-04-22,128.6292266845703,130.78376273570044,128.11252718583415,129.7016154150474,84566500
2021-04-23,130.9495086669922,131.72942232628785,128.84370608473515,128.84370608473515,78657500
2021-04-26,131.3394317626953,131.67089647035067,130.2085364209227,131.44667209468918,66905100
2021-04-27,131.01773071289062,132.01213986314156,130.74475798551163,131.6221681983873,66015800
2021-04-28,130.22804260253906,131.63191067198548,129.7405892381977,130.9397203492265,107760100
2021-04-29,130.1305694580078,133.630496551131,129.12641653636294,133.0455464580238,151101000
2021-04-30,128.16127014160156,130.20856574635297,127.78105703815494,128.47323262027362,109839500
2021-05-03,129.21414184570312,130.7057629484472,128.52196634221076,128.7266884414814,75135100
2021-05-04,124.64185333251953,128.19052150938094,123.52070884107249,127.89804644623831,137564700
2021-05-05,124.88558197021484,127.17660429874773,124.75883931076572,125.9579706529646,84000900
2021-05-06,126.48444366455078,126.49418737954478,123.93992827849607,124.68085970531065,78128300
2021-05-07,127.15825653076172,128.1836356126159,126.44535491426944,127.78325616498553,78973300
2021-05-10,123.87698364257812,126.50393237994196,123.83792023841514,126.37698935493167,88071200
2021-05-11,122.95905303955078,123.31060887111242,119.89263831181255,120.60553259243801,126142800
2021-05-12,119.89262390136719,121.7187992057643,119.38481447185008,120.50786329646682,112172300
2021-05-13,122.04107666015625,123.19342127323375,121.34771783923617,121.66021769444781,105861300
2021-05-14,124.46293640136719,124.892626453878,122.90043727939631,123.29106392253492,81918000
2021-05-17,123.31059265136719,123.95512773405065,122.23637496414497,123.84770522027007,74244600
2021-05-18,121.92388153076172,124.01372562566158,121.85552242300645,123.59380326356951,63342900
2021-05-19,121.76763153076172,121.99223682754793,119.9805196188087,120.27349147179841,92612000
2021-05-20,124.32623291015625,124.72662731567783,122.16802957831719,122.29498753645058,76857100
2021-05-21,122.49028015136719,125.00004641017311,122.27543512950636,124.82426479688547,79295400
2021-05-24,124.12115478515625,124.94147157268773,122.98834558881246,123.05670470022471,63092900
2021-05-25,123.92581939697266,125.31254421960261,123.35941119129158,124.82425537458776,72009500
2021-05-26,123.87698364257812,124.40432842290467,123.45706136105417,123.98440614138072,56575900
2021-05-27,122.34378051757812,124.64846921096527,122.14847094718905,123.4765968874658,94625600
2021-05-28,121.68949890136719,122.85161109201668,121.63090751379944,122.62699835536803,71311100
2021-06-01,121.36723327636719,122.4121552577231,121.03520547415292,122.1484865589402,67637100
2021-06-02,122.12895965576172,122.30474128408406,121.14263644461568,121.3672417498929,59278900
2021-06-03,120.64457702636719,121.92387199310579,120.24418267613345,121.7578580944845,76229200
2021-06-04,122.93949890136719,123.20317504815017,120.94730975584969,121.16215477898149,75169300
2021-06-07,122.94927978515625,123.35943444565716,121.90435770211774,123.21294850959707,71057600
2021-06-08,123.76959228515625,125.44928928445928,123.25201508828968,123.6328740614777,74403800
2021-06-09,124.15043640136719,124.75590806990476,123.55473244780471,124.22856322000109,56877900
2021-06-10,123.15435028076172,125.18560293992083,122.98833637271277,124.04301866252895,71186400
2021-06-11,124.36529541015625,124.45318995364758,123.14459167144136,123.56451405558266,53522400
2021-06-14,127.42192077636719,127.4805121651489,124.09184522029778,124.82426738240325,96906500
2021-06-15,126.60160827636719,127.53911517627388,126.35746756194183,126.89458011391095,62746300
2021-06-16,127.09967041015625,127.82233240549729,125.44929143219892,127.31451546549631,91815000
2021-06-17,128.7012176513672,129.44341498990488,126.61137364763495,126.75786702289925,96721700
2021-06-18,127.40240478515625,128.4277839276905,127.18755975119329,127.64654551455347,108953300
2021-06-21,129.1992645263672,129.3066870329964,126.18168897810015,127.24613887941126,79663300
2021-06-22,130.83987426757812,130.93753650393603,128.5351855604838,129.03324210427792,74783600
2021-06-23,130.56646728515625,131.17194646480604,130.10748149302736,130.63483384623305,60214200
2021-06-24,130.28323364257812,131.4844015936428,129.81447281680693,131.2988522960872,68711000
2021-06-25,129.99029541015625,130.7520133222248,129.69732354370646,130.33209840454234,70783700
2021-06-28,131.6211395263672,132.08012525724726,130.22466180559726,130.28325319231956,62111300
2021-06-29,133.1348114013672,133.29106502927266,131.20122118482706,131.6406714747908,64556100
2021-06-30,133.75006103515625,134.1895113589195,132.68559615169934,132.9785680012639,63261400
2021-07-01,134.0527801513672,134.11137153536558,132.5781607819675,133.39848486144226,52485800
2021-07-02,136.67974853515625,136.7188044942125,134.52153799341264,134.66801646633246,78852600
2021-07-06,138.69146728515625,139.79497322979873,136.78717260963688,136.78717260963688,108181800
2021-07-07,141.18173217773438,141.4942246159424,139.31649311139282,140.17585849234243,104911600
2021-07-08,139.8828582763672,140.6836320091057,137.37308477373998,138.26176048175577,105575500
2021-07-09,141.7090606689453,142.2363981441266,139.3067090791504,139.40437134178396,99890800
2021-07-12,141.11334228515625,142.89069395646402,140.62506082396192,142.78327143895456,76299700
2021-07-13,142.2266082763672,144.00395975842287,140.26372237579417,140.6543415426895,100827100
2021-07-14,145.65432739257812,146.06449685832388,144.2187789659628,144.62894843170855,127050800
2021-07-15,145.00006103515625,146.48444087501676,143.64263914576114,145.74225840567044,106820300
2021-07-16,142.95907592773438,146.25008890568898,142.46103409612383,144.9805687583087,93251400
2021-07-19,139.11138916015625,140.69343127095988,138.34967125172668,140.38092397459488,121434600
2021-07-20,142.7246551513672,143.65240178359875,139.60943216409294,140.09771359109203,96350000
2021-07-21,141.99220275878906,142.7051042191608,141.24026025025515,142.1191606711332,74993500
2021-07-22,143.3594512939453,144.7266335326549,142.39264856010647,142.51960651840406,77338200
2021-07-23,145.07815551757812,145.23440912929303,143.47659325041192,144.09183253331145,71447400
2021-07-26,145.49810791015625,146.31841714774572,144.2383334584889,144.7949814490319,72434100
2021-07-27,143.3301544189453,145.71297050212902,142.13874637735347,145.62506850801552,104818600
2021-07-28,141.58204650878906,143.5254115149199,139.19923129757908,141.4160326491442,118931200
2021-07-29,142.2266082763672,143.11528401739503,141.19145407304512,141.29887657911624,56699500
2021-07-30,142.4414520263672,142.90043773904355,140.73246710930246,140.99614324026174,70440600
2021-08-02,142.10943603515625,143.50591381637727,141.8457598823253,142.92974528711127,62880000
2021-08-03,143.9063262939453,144.57038199069586,141.7774111754852,142.39265064248633,64786600
2021-08-04,143.5059051513672,144.32621435379124,142.85160984220758,143.81841241009994,56368300
2021-08-05,143.61334228515625,144.37506017943633,142.74420187239215,143.53521546251628,46397700
2021-08-06,142.9287109375,143.8773972975789,142.42992307824377,143.13410295218878,54126800
2021-08-09,142.87982177734375,143.47641826359128,142.3223546901742,142.9874052395685,48908700
2021-08-10,142.40060424804688,144.46423988872255,142.10719343722454,143.22214257955443,69023100
2021-08-11,142.6548614501953,143.49596433929045,142.33211110540972,142.84068876296502,48493500
2021-08-12,145.61831665039062,145.77480442008488,142.63533383088497,142.97764896165427,72282600
2021-08-13,145.82371520996094,146.1562405427538,145.01195165744014,145.69656702598306,59375000
2021-08-16,147.7992706298828,147.8677396068058,143.25145612128088,145.27596199320675,103296000
2021-08-17,146.8897705078125,148.3470201251538,145.81393562216064,146.92888499297402,92229700
2021-08-18,143.1438751220703,147.40806875624398,142.9384831112802,146.50828669516952,86326000
2021-08-19,143.4764404296875,144.74787747327346,141.32478577627037,141.8431384679369,86960300
2021-08-20,144.93368530273438,145.23687099584217,143.55466496618592,144.2001657522503,60549600
2021-08-23,146.42030334472656,146.8897517241176,144.64028856581433,145.05105776321832,60131800
2021-08-24,146.33224487304688,147.54500248159704,145.8725714606484,146.1659822444016,48606400
2021-08-25,145.09994506835938,147.0168826886461,144.5522528692755,146.51807985316438,58991300
2021-08-26,144.29794311523438,145.8432259179612,144.2686035304066,145.09015667605945,48597200
2021-08-27,145.3346710205078,145.48136895257556,143.60356080464544,144.23927174159581,55802400
2021-08-30,149.75535583496094,150.11723565003402,145.3444633733459,145.7258929660488,90956700
2021-08-31,148.4936981201172,149.4423845898935,147.9655556918431,149.30546153876566,86453100
2021-09-01,149.1587371826172,151.57446255268852,148.99247455645138,149.4717126602179,80313700
2021-09-02,150.27369689941406,151.32019193818465,149.05116433458483,150.48886382470346,71115500
2021-09-03,150.90940856933594,151.2321589268622,149.72599059173956,150.38126619393228,57808700
2021-09-07,153.2469024658203,153.8043695479327,150.99743959102315,151.56469648456283,82278300
2021-09-08,151.70162963867188,153.58921285674052,150.59645536526742,153.53053367824012,74420200
2021-09-09,150.6844940185547,152.67966077073964,150.56712073419473,152.07328934160887,57305700
2021-09-10,145.696533203125,152.0634770377577,145.4324620067416,151.59402874023678,140893200
2021-09-13,146.26382446289062,148.09272872223804,145.48140050070867,147.3200945733119,102404300
2021-09-14,144.86520385742188,147.7503924466826,143.6818007748944,147.04621254489265,109296300
2021-09-15,145.7552032470703,146.15619746026422,143.15365068997156,145.29552986579753,83281300
2021-09-16,145.52047729492188,145.69652972947753,143.98498428450677,145.1781771600229,68034100
2021-09-17,142.85047912597656,145.54984051172312,142.55706833315722,145.54984051172312,129868800
2021-09-20,139.79904174804688,141.6572852174671,138.16574008474763,140.64014472255653,123478900
2021-09-21,140.2782745361328,141.42257819093177,139.64256354879453,140.76728757977574,75834000
2021-09-22,142.6450958251953,143.21233776359767,140.54233100418216,141.27585049264187,76404300
2021-09-23,143.60357666015625,143.84808318959392,142.43972319227385,143.42752419874412,64838200
2021-09-24,143.6915740966797,144.22949136628228,142.36145817706782,142.45926674371992,53477900
2021-09-27,142.17564392089844,142.75269063959104,140.65971546291632,142.27345249653945,74150700
2021-09-28,138.79165649414062,141.5692464173405,138.57648960622467,140.10220759436288,108972300
2021-09-29,139.69143676757812,141.27583390106034,138.909013087078,139.33934685752757,74602000
2021-09-30,138.39068603515625,141.20740583386313,138.17551911033874,140.5032258841864,89056700
2021-10-01,139.515380859375,139.77945201617703,136.05317593342988,138.78186147541723,94639600
2021-10-04,136.08255004882812,139.08509731906585,135.23167212302508,138.6449736382081,98322000
2021-10-05,138.0092315673828,139.11440557964133,136.29768628924325,136.42483442827913,80861100
2021-10-06,138.87969970703125,139.02639764577518,135.32946035449564,136.4052949835953,83221100
2021-10-07,140.14132690429688,141.05089876617805,139.58385989252358,139.91638512224736,61732700
2021-10-08,139.7599334716797,141.01180577314355,139.42740815611788,140.86510781730598,58773200
2021-10-11,139.67189025878906,141.62794225299882,138.69386426168418,139.14376278668908,64452200
2021-10-12,138.4004364013672,140.10220679881462,137.94076304556515,140.08264210270863,73035900
2021-10-13,137.81362915039062,138.29285227644627,136.14119834359943,138.1363794788412,78762700
2021-10-14,140.6010284423828,140.7184017237602,138.40046969110713,138.98729132751163,69907100
2021-10-15,141.6573028564453,141.71598203721894,140.3565262964831,140.61082264449493,67940300
2021-10-18,143.32974243164062,143.61336346297995,140.0142342143523,140.29785524569164,85589200
2021-10-19,145.49114990234375,145.8921441646938,143.32972068785898,143.77960431394027,76378900
2021-10-20,145.98016357421875,146.45940171355207,144.86521446863128,145.43247137126255,58418800
2021-10-21,146.19532775878906,146.35181550626882,144.62070524306984,145.54005210514717,61421000
2021-10-22,145.42266845703125,146.87991744687585,145.3737641790151,146.40069432339263,58883400
2021-10-25,145.373779296875,146.08773407498782,144.3761886308666,145.4128937692613,50720600
2021-10-26,146.03887939453125,147.5254684740955,145.73567873669694,146.04865428407604,60893400
2021-10-27,145.57916259765625,146.4398152500375,145.22707267329858,146.07795043904167,56094900
2021-10-28,149.21743774414062,149.804244404835,146.43005760449074,146.5278661763529,100077900
2021-10-29,146.50831604003906,146.64523910016035,143.1928080838573,143.9850068548087,124953200
2021-11-01,145.68678283691406,146.4105126416791,144.55226891374826,145.71612242772915,74588300
2021-11-02,146.7234649658203,148.23940825327995,145.38355919540496,145.39334900645795,69122000
2021-11-03,148.16114807128906,148.63059632188478,146.52784661894307,147.08531361837095,54511500
2021-11-04,147.64280700683594,149.08049145321388,147.32983153314007,148.24917833275668,60394600
2021-11-05,148.1717071533203,149.07280247570614,146.9767728258522,148.76917431705436,65463900
2021-11-08,147.34898376464844,148.45577097835087,147.07473798616405,148.29905483485294,55020900
2021-11-09,147.71139526367188,148.3186517141658,146.97680506248372,147.11392796889447,56787900
2021-11-10,144.8807373046875,147.0453357776248,144.8121833419343,146.93759531163658,65187100
2021-11-11,144.83180236816406,146.35974762793103,144.6457037886557,145.8994181750369,41000000
2021-11-12,146.9082489013672,147.30981351364665,144.44981083290466,145.38028875154347,63804000
2021-11-15,146.9180145263672,148.7593917575851,146.3597188974358,147.28040751304476,59222800
2021-11-16,147.89747619628906,148.37741378411212,146.27157982474884,146.85925789370467,59256200
2021-11-17,150.33631896972656,151.8152883338415,147.88768528692268,147.89747444135526,88807000
2021-11-18,154.62631225585938,155.40987800940817,149.90535437132496,150.55179723889825,137827700
2021-11-19,157.25128173828125,157.7116261354738,153.313873999746,154.4108572720638,117305600
2021-11-22,157.7115936279297,162.29542845267346,157.69200037488366,158.3580215257173,117467900
2021-11-23,158.0935821533203,158.47556839424874,155.79186060844827,157.8095322884944,96041900
2021-11-24,158.6126708984375,158.80855857074818,156.35992530368637,157.44711907207267,69463600
2021-11-26,153.5880889892578,157.15329885394945,153.14733793761846,156.2913900038225,76959800
2021-11-29,156.94766235351562,157.878140356251,155.5274425677186,156.095527492982,88748200
2021-11-30,161.90365600585938,162.11913695746247,156.6341917361946,156.7027606504653,174048100
2021-12-01,161.384521484375,166.80089693903759,161.14944731636166,164.03883150964717,152052500
2021-12-02,160.39527893066406,160.82624080588923,154.55774519881157,155.47843376037946,136739200
2021-12-03,158.51475524902344,161.57066041655554,156.43831855392804,160.64997170977935,118023100
2021-12-06,161.9232635498047,164.43066217672398,160.90462351682206,160.91441267175034,107497000
2021-12-07,167.66282653808594,168.05461686688494,164.88118245734097,165.60598335666447,120405400
2021-12-08,171.4827117919922,172.3446356103418,167.19270089919112,168.59332710400926,116998900
2021-12-09,170.97337341308594,173.11837862863902,170.3465238704593,171.3161880617465,108923700
2021-12-10,175.76290893554688,175.93921831838114,171.1007161505561,171.61003610118843,115402700
2021-12-13,172.12916564941406,178.38787299583686,171.92347383588933,177.3986153833375,153237000
2021-12-14,170.7481231689453,174.08806304841983,168.67168661995763,171.64921855709608,139380400
2021-12-15,175.61599731445312,175.81188500506997,168.76961267963995,171.5120851840939,131063300
2021-12-16,168.72067260742188,177.4182254018164,167.2417030442552,175.59644109880878,150185800
2021-12-17,167.6236572265625,169.90578548213614,166.20345276063674,166.43851201579665,195432700
2021-12-20,166.26222229003906,167.07517044282818,164.01928047689202,164.82242453025603,107499100
2021-12-21,169.43565368652344,169.6413305368034,165.64515876193008,168.03502751462352,91185900
2021-12-22,172.0312042236328,172.24668517933623,168.6129062856775,169.48461926274177,92135300
2021-12-23,172.6580810546875,173.21637678573038,171.66883828957722,172.2369231764139,68356600
2021-12-27,176.6248321533203,176.71297937182496,173.4318194724349,173.4513977796986,74919600
2021-12-28,175.606201171875,177.6042945644057,174.86182193569553,176.45833582983963,79144300
2021-12-29,175.69435119628906,176.91866791508298,174.4798236309474,175.6453755384828,62348900
2021-12-30,174.53863525390625,176.85995053810737,174.43089475594522,175.78254555849702,59773000
2021-12-31,173.92152404785156,175.54740511503024,173.6178809806125,174.43082898683727,64062300
2022-01-03,178.27029418945312,179.12242874444533,174.0586568508519,174.1761864672901,104487900
2022-01-04,176.00775146484375,179.1811854730246,175.4396667688889,178.8775573474026,99310400
2022-01-05,171.3260040283203,176.46813489136744,171.05175824457976,175.9196433238863,94537600
2022-01-06,168.46597290039062,171.6981718811385,168.11336910348592,169.15158724290762,96904000
2022-01-07,168.6324920654297,170.5620164817169,167.5159157741246,169.3376997173353,86709100
2022-01-10,168.65213012695312,168.95575837394605,164.71472218190883,165.60602861005236,106765600
2022-01-11,171.4827117919922,171.58064816981238,167.31024547595837,168.77942565072325,76138300
2022-01-12,171.92344665527344,173.5395387171234,171.22804314076478,172.5013205493631,74805200
2022-01-13,168.65213012695312,172.99110271899747,168.26033969109375,172.16836522160818,84505800
2022-01-14,169.5139923095703,170.20939579349408,167.57466398631828,167.81952731493655,80440800
2022-01-18,166.31121826171875,168.99491146380436,165.92923196932753,167.98607548786666,90956700
2022-01-19,162.81454467773438,167.56489994287205,162.53050974989438,166.50708841129685,94815000
2022-01-20,161.12991333007812,166.19368686782633,160.80669183465463,163.54916502241554,91420500
2022-01-21,159.07302856445312,162.9124840575923,158.96528809380473,161.0417244969125,122848900
2022-01-24,158.29925537109375,158.9652914615593,151.5214395660685,156.73213888196668,162294600
2022-01-25,156.4970703125,159.41583739515477,153.79378418345803,155.71350456711474,115798400
2022-01-26,156.40887451171875,161.01230128637113,154.57730192013446,160.14058858850134,108275300
2022-01-27,155.94859313964844,160.4736636918006,155.02790442490624,159.112223875077,121954600
2022-01-28,166.83029174804688,166.8498849998228,159.45500918063075,162.30522203050273,179935700
2022-01-31,171.1888885498047,171.40436952425716,166.0271642085972,166.66381797685227,115541600
2022-02-01,171.02235412597656,171.2476242171807,168.769608378118,170.43467612383174,86213900
2022-02-02,172.22706604003906,172.26625254169926,169.7686436179964,171.15946552150538,84914300
2022-02-03,169.34747314453125,172.61885859356588,168.58350075012603,170.89501118442868,89418100
2022-02-04,169.0631103515625,170.7401162961765,167.38610440694853,168.3668057872498,82465400
2022-02-07,168.34718322753906,170.5929825465771,167.65087874308003,169.52402175607514,77251200
2022-02-08,171.4559783935547,171.96594716533207,168.12158561108603,168.41579893958496,74829200
2022-02-09,172.87806701660156,173.24092179937838,171.52469409700683,172.65250985144178,71285000
2022-02-10,168.79830932617188,172.09346641687537,168.23931734555768,170.77933021680633,90865900
2022-02-11,165.38546752929688,169.73978371917386,164.79704076038374,169.00425774018962,98670700
2022-02-14,165.62081909179688,166.30730692089233,163.3455851847236,164.13995074155633,86185500
2022-02-15,169.4553680419922,169.61228383864895,166.96439336840055,167.670499489042,62527400
2022-02-16,169.21998596191406,169.99473328399495,166.76823309362874,168.53349815165654,61177400
2022-02-17,165.62081909179688,168.5923424525554,165.21872801892943,167.72932063065696,69589300
2022-02-18,164.0713348388672,167.24879755806595,162.98275576839345,166.54270637048876,82772700
2022-02-22,161.14883422851562,163.47309136847835,159.0206993785114,161.79608567118115,91162800
2022-02-23,156.98086547851562,162.94351625967545,156.6670338772365,162.34528786351217,90009200
2022-02-24,159.59933471679688,159.70721245821238,149.06659738297807,149.63540593186767,141147500
2022-02-25,161.66859436035156,161.93337290276583,157.76539291737205,160.6780765984275,91974200
2022-02-28,161.93338012695312,162.2275934848512,159.29529145951147,159.91313801466617,95056600
2022-03-01,160.0504608154297,163.38485445669167,158.84420231864755,161.5215128724912,83474400
2022-03-02,163.34561157226562,164.13017563125035,159.80527916281847,161.21749147612806,79724800
2022-03-03,163.02195739746094,165.65024441282299,162.3550877597844,165.21873348759095,76678400
2022-03-04,160.02105712890625,162.3551314170317,158.97171433702658,161.31559025270195,83737200
2022-03-07,156.2257080078125,161.8353202073776,155.9707161123603,160.2073525837716,96418800
2022-03-08,154.40159606933594,159.73661287922712,152.79324673379338,155.754968485403,131148300
2022-03-09,159.8052520751953,160.25638119604568,156.33357653036765,158.36362016341366,91454900
2022-03-10,155.46078491210938,157.29469168011647,152.96979505950804,157.10835602606574,105342000
2022-03-11,151.74391174316406,156.2061057623046,151.51835462854714,155.86285431301891,96970100
2022-03-14,147.71324157714844,151.14569651195163,147.20328761828517,148.52722554311967,108732100
2022-03-15,152.09698486328125,152.5677323353664,147.4778893963599,147.9878433779772,92964300
2022-03-16,156.51011657714844,156.9122077008172,151.47912909347468,154.01914186419623,102300200
2022-03-17,157.5202178955078,157.8928891304827,154.58793096024448,155.54901392146604,75615400
2022-03-18,160.8153839111328,161.30573452736996,156.67682351294607,157.41234943730183,123511700
2022-03-21,162.18836975097656,163.13965111509174,159.86409772398687,160.3544483255179,95811400
2022-03-22,165.56199645996094,166.1504082464849,161.72745088254396,162.31586266906788,81532000
2022-03-23,166.9251708984375,169.30826781804822,164.41456305995604,164.74801286692667,98062700
2022-03-24,170.71066284179688,170.77930414345957,166.92515566056534,167.7587426911126,90131400
2022-03-25,171.34812927246094,171.89731959636083,169.4161465488256,170.52434378661113,80546200
2022-03-28,172.21115112304688,172.33863211398676,168.68062052174977,168.84733794398963,90371900
2022-03-29,175.50631713867188,175.55534023387025,172.93686947046768,173.28012092274494,100589400
2022-03-30,174.33926391601562,176.14375060919454,173.28990640459241,175.1042096873483,92633200
2022-03-31,171.24024963378906,174.59424618696573,171.0342957824536,174.40791055107027,103049300
2022-04-01,170.946044921875,171.5050518578882,168.62178757896973,170.67144974905557,78751300
2022-04-04,174.99632263183594,175.04536068416874,171.0735178742133,171.20101381741605,76468400
2022-04-05,171.68157958984375,174.85905741860927,171.0539313110609,174.07449332905188,73401800
2022-04-06,168.51393127441406,170.27919687020847,166.84674180895354,169.03370184368734,89058800
2022-04-07,168.81796264648438,170.01441972348906,166.57216270219604,167.85687932644254,77594700
2022-04-08,166.80746459960938,168.46485203266047,165.93464112451483,168.46485203266047,76575500
2022-04-11,162.55123901367188,165.76793805160875,162.306063690876,165.4541214198734,72246700
2022-04-12,164.42440795898438,166.5917497737201,163.4240882944744,164.7774610779693,79265200
2022-04-13,167.1114959716797,167.73914420674996,163.55156041909547,164.1595904381064,70618900
2022-04-14,162.10011291503906,167.96471752203973,161.85493758758528,167.32725269207126,75329400
2022-04-18,161.8843536376953,163.3848252707186,160.41330184341265,160.75653828349098,69023900
2022-04-19,164.1693878173828,164.58129552240263,160.7467499371193,161.8353289533827,67723800
2022-04-20,164.002685546875,165.62085178233113,162.89450317699752,165.50315744246095,67929800
2022-04-21,163.2082977294922,168.21968163880754,162.70814548680565,165.65024919174274,87227800
2022-04-22,158.66766357421875,164.63032953066207,158.38326676927218,163.24755201100473,84882400
2022-04-25,159.7366180419922,160.0210148088947,155.40192048493418,158.01057433340998,96046400
2022-04-26,153.7739715576172,159.207050342252,153.69551365548884,159.1187908139756,95623200
2022-04-27,153.5484161376953,156.70626068843154,152.38137914765707,152.90114966122312,88063200
2022-04-28,160.48196411132812,161.3449860653006,155.862854289535,156.17668589618484,130216800
2022-04-29,154.60751342773438,162.9925103374063,154.2152389962978,158.7166531917823,131747600
2022-05-02,154.91159057617188,155.17636916422146,150.31209888761785,153.68571389859628,123055300
2022-05-03,156.4022674560547,157.6085410477987,153.303262159751,155.09793269514185,88966500
2022-05-04,162.81602478027344,163.267138972668,156.18647479117334,156.58856589280018,108256500
2022-05-05,153.7445526123047,160.91347698312873,151.9596689981739,160.68791986588977,130525300
2022-05-06,154.47132873535156,156.59275954886184,151.42668182783396,153.22400390708842,116124600
2022-05-09,149.34457397460938,153.0472550938576,148.78476058813538,152.16331792415085,131577900
2022-05-10,151.75079345703125,153.9409814618481,150.19900690567323,152.74276671948687,115366700
2022-05-11,143.8838348388672,152.67400468671187,143.20615431110124,150.75883036017825,142689800
2022-05-12,140.01419067382812,143.58918770892123,136.32134136947613,140.22044713133192,182602000
2022-05-13,144.48294067382812,145.45526685384394,140.55437184575726,142.00793811597927,113990900
2022-05-16,142.9409637451172,144.88561601712348,141.60524980458257,142.95079475797485,86643800
2022-05-17,146.57492065429688,147.09545486873625,144.06062380512492,146.2017017887358,78336300
2022-05-18,138.3052520751953,144.728454553279,137.40166819210114,144.22756749777338,109742900
2022-05-19,134.89724731445312,139.13027811714653,134.1606406090294,137.3820660685117,136095600
2022-05-20,135.13296508789062,138.18742845795921,130.24190028158935,136.60617864285032,137426100
2022-05-23,140.5543670654297,140.70168239695178,135.19186420352216,135.3293635083762,117726300
2022-05-24,137.85348510742188,139.43473470985077,134.87759532556828,138.29544611720485,104132700
2022-05-25,138.0106201171875,139.25792986661668,135.8695424217508,135.95793161918118,92482700
2022-05-26,141.21240234375,141.76239957025606,134.69097882633443,134.93651437290322,90601500
2022-05-27,146.96778869628906,147.00706779846502,142.66600017228808,142.79368348039156,90978500
2022-05-31,146.1820526123047,147.9695587462053,144.21776806233134,146.40795612568894,103718400
2022-06-01,146.0543670654297,149.03025660842948,145.04274685421817,147.2231036462002,74286600
2022-06-02,148.50975036621094,148.56867650901708,144.237425177131,145.19010444930467,72348100
2022-06-03,142.7838592529297,145.32760433584582,141.88029009172675,144.2767048307591,88570300
2022-06-06,143.53024291992188,145.9168559663355,142.31238134609404,144.4043487713543,71598400
2022-06-07,146.0543670654297,146.33918169758047,141.52669111278408,141.77222665254513,67808200
2022-06-08,145.31777954101562,147.1936599216941,144.8267083969664,145.92670296402,53950200
2022-06-09,140.09275817871094,145.30793069054988,139.98472194082933,144.45347180040457,69473000
2022-06-10,134.68116760253906,138.2463336751748,134.61241045362357,137.7749096051149,91437900
2022-06-13,129.52490234375,132.78560625742455,129.0927574306163,130.49721341200203,122207100
2022-06-14,130.3892059326172,131.49903152365633,129.1320649915738,130.75260877313121,84784300
2022-06-15,133.01150512695312,134.88740024350506,129.79991106375064,131.8918636674431,91533000
2022-06-16,127.73741149902344,130.0258046120006,126.73562226384061,129.72134292932262,108123900
2022-06-17,129.2106170654297,130.70347730890373,127.49186832675026,127.747234873443,134520300
2022-06-21,133.44366455078125,134.61241624219525,130.93921376781023,131.03741900238268,81000500
2022-06-22,132.93295288085938,135.29990419534238,131.51866571381353,132.38294065988546,73409200
2022-06-23,135.80079650878906,136.11507419750754,133.2079418850883,134.37669341757493,72433800
2022-06-24,139.13027954101562,139.375815112003,137.27403122380292,137.40169953003104,89116800
2022-06-27,139.13027954101562,140.92760171899965,138.45259896728206,140.15170092235036,70207900
2022-06-28,134.9856414794922,140.85884829692233,134.86778919791305,139.59189131103963,67083400
2022-06-29,136.74366760253906,138.15795490582852,134.22938572393656,135.0052865296894,66242400
2022-06-30,134.2784881591797,135.89901685954254,131.38117155043633,134.7990223471169,98964500
2022-07-01,136.4490203857422,136.5570566364842,133.23742590571564,133.61062978312276,71051600
2022-07-05,139.03204345703125,139.08115356288656,134.4847204054961,135.3097312194843,73353800
2022-07-06,140.36778259277344,141.54635041323854,138.56064426897342,138.8258268991265,74064300
2022-07-07,143.7365264892578,143.93295194501385,140.72134254203155,140.73115856961377,66253700
2022-07-08,144.41419982910156,144.91510200246088,142.41063609457171,142.66598770215515,64547800
2022-07-11,142.282958984375,144.02135515880028,141.21242740803473,143.0686758701149,63141600
2022-07-12,143.25527954101562,145.79902455570198,142.45974665881124,143.15705931439427,77588800
2022-07-13,142.89190673828125,143.83475507348882,139.58207657696678,140.43655067698472,71185600
2022-07-14,145.8186492919922,146.29007333779407,140.69186596170863,141.5070457617974,78140700
2022-07-15,147.48829650878906,148.16597704358819,145.55347512166446,147.1052616395071,76259900
2022-07-18,144.44369506835938,148.86333602461966,144.08029217682443,148.04815600544183,81420900
2022-07-19,148.30348205566406,148.52937058051154,144.286523787425,145.27848208027842,82982400
2022-07-20,150.30703735351562,150.97490184976564,147.6847194489196,148.42132610705224,64823400
2022-07-21,152.5758056640625,152.79187815956976,149.2266969700013,151.7409787508479,65086600
2022-07-22,151.33828735351562,153.48918116011728,150.67043785379852,152.61507520531072,66675400
2022-07-25,150.21865844726562,152.27133221190695,149.56062491925485,151.2597268643066,53623900
2022-07-26,148.89276123046875,150.3561434947877,148.1070444852617,149.54096368293668,55138700
2022-07-27,153.9900665283203,154.5204317003286,149.4427584043403,149.8552563235132,78620700
2022-07-28,154.54006958007812,154.82488420275592,151.65256933071927,154.17666680263463,81378700
2022-07-29,159.60794067382812,160.70795024668809,156.6516977293032,158.3606307359644,101786900
2022-08-01,158.62579345703125,160.66865118760447,158.01687004208316,158.1347223194791,67829400
2022-08-02,157.152587890625,159.50973846034333,156.7793839981374,157.24099208938756,59907000
2022-08-03,163.16329956054688,163.61507661089456,157.87936937014717,157.96775857743674,82507500
2022-08-04,162.84898376464844,164.20434469622828,161.49362283306857,163.04540919289056,55474100
2022-08-05,162.62278747558594,163.11454067024195,160.31154145785612,160.51808440274291,56697000
2022-08-08,162.15072631835938,165.04223808745311,161.49177870542815,163.62598619996888,60276900
2022-08-09,162.1998748779297,163.0850396486981,160.5574209787257,161.31472511427808,63135500
2022-08-10,166.4486541748047,166.54699582568117,164.14723743893427,164.91437134851807,70170500
2022-08-11,165.71102905273438,168.16979550252623,165.41597407733548,167.25512657950156,57149200
2022-08-12,169.26148986816406,169.33032752565057,166.60601007376212,167.01909604715942,68039400
2022-08-15,170.33349609375,170.53019439574174,168.52384770403629,168.6910420110852,54091700
2022-08-16,170.17611694335938,170.84490912166515,168.82871793209483,169.93024033504878,56377100
2022-08-17,171.6710662841797,173.24466771389544,169.72372757411412,169.92042587693876,79542000
2022-08-18,171.2776641845703,172.01529411647135,170.26465361199578,170.88426755707084,62290100
2022-08-19,168.69100952148438,170.8743947694491,168.48446658954583,170.17609867368276,70346300
2022-08-22,164.80621337890625,167.0584369610205,164.38329772382542,166.89124263458586,69026800
2022-08-23,164.47178649902344,165.92738691269662,163.90135093265715,164.32426652803133,54147100
2022-08-24,164.766845703125,165.33728128422243,163.5079585610888,164.5603177384026,53841500
2022-08-25,167.22560119628906,167.33378750652878,165.57331755675585,165.9962181286182,51218200
2022-08-26,160.92132568359375,168.2287866440609,160.8623176958489,167.75670773498427,78961000
2022-08-29,158.71827697753906,160.21319598841637,157.18400930436007,158.49205968709833,73314000
2022-08-30,156.28903198242188,159.8788249449609,155.11865676791015,159.45592432505862,77906200
2022-08-31,154.6268768310547,157.9314589229971,154.54819451849457,157.66590799399623,87991100
2022-09-01,155.3546905517578,155.8070951296429,152.11894582091065,154.05645479166745,74229900
2022-09-02,153.24014282226562,157.71510032446895,152.41400097767612,157.11516076913463,76957800
2022-09-06,151.9812469482422,154.4990209999667,151.15510515135455,153.88925181756636,73714800
2022-09-07,153.38768005371094,154.08596126340717,151.07643378022465,152.26648324611122,87449600
2022-09-08,151.91244506835938,153.78110171657892,150.16178940975541,152.08946906346367,84923800
2022-09-09,154.7743682861328,155.21695808867074,152.19758680454555,152.90571248006958,68028800
2022-09-12,160.73443603515625,161.55074810883656,156.6725650029193,156.9577752421011,104956000
2022-09-13,151.30262756347656,157.89211772902357,150.8403783347764,157.26267420589616,122656600
2022-09-14,152.7483673095703,154.50885206267736,151.07640953249754,152.2369398106262,87965400
2022-09-15,149.8568878173828,152.6795618131171,148.88322594006283,152.09928154477043,90481100
2022-09-16,148.21441650390625,148.85370468985187,145.92284471335466,148.71601438946803,162278800
2022-09-19,151.9320831298828,152.01076545240036,146.64082825286496,146.8473562182448,81474200
2022-09-20,154.31216430664062,155.4727097837978,150.5551772691551,150.86989154639073,107689800
2022-09-21,151.18463134765625,156.12183853779936,151.06661536137307,154.74492033364538,101696800
2022-09-22,150.2207794189453,151.9222413623521,148.42096082844884,149.8667164993867,86652500
2022-09-23,147.94888305664062,148.97173827223702,146.10973061112034,148.69635763891162,96029900
2022-09-26,148.28326416015625,151.23378336075643,147.17189712565283,147.19157145564952,93339400
2022-09-27,149.2569122314453,152.16809751273013,147.47676821114496,150.2207592205518,84442700
2022-09-28,147.36862182617188,148.1554300888231,142.451088943501,145.20491035922058,146691400
2022-09-29,140.12998962402344,144.30006222073425,138.3596750779143,143.69029304650877,128138200
2022-09-30,135.9206085205078,140.7397998435746,135.72391020279727,138.9498106360333,124925300
2022-10-03,140.10049438476562,140.71027860420344,135.41900896557823,135.93043653465315,114311700
2022-10-04,143.6903076171875,143.80832359652302,141.88064422703837,142.6379484443843,87830100
2022-10-05,143.98532104492188,144.94916805569278,140.65123517873155,141.69376449693982,79471000
2022-10-06,143.03135681152344,145.1065563258667,142.82482883069895,143.40509411965112,68402200
2022-10-07,137.7794189453125,140.73978304959337,137.1499753994762,140.18900681575843,85925600
2022-10-10,138.10397338867188,139.5497290653031,136.28449546728626,138.10397338867188,74899000
2022-10-11,136.68771362304688,139.01863396780078,135.94025417061508,137.59253769929057,77033700
2022-10-12,136.05828857421875,138.04497594951954,135.88126460377657,136.83526713014228,70433700
2022-10-13,140.631591796875,141.22168665886508,132.15375604675947,132.76354024673512,113224000
2022-10-14,136.0976104736328,142.13633872738868,135.9107418701706,141.9297957953737,88598000
2022-10-17,140.0611572265625,140.5430657827838,137.95645402263972,138.7432621845146,85250900
2022-10-18,141.37901306152344,144.28035328466768,138.29080426345539,143.0903192134898,99136600
2022-10-19,141.4872589111328,142.55927749459596,139.16618275396215,139.35305140756245,61758300
2022-10-20,141.02499389648438,143.4837601022304,140.29719369702107,140.6611013003117,64522000
2022-10-21,144.84100341796875,145.41143897685419,140.29719327846567,140.51356590449524,86548600
2022-10-24,146.98501586914062,147.75214959476102,143.59192208164805,144.7622969983835,75981900
2022-10-25,149.82736206054688,149.97489702549265,146.89651717711538,147.61447265041116,74732300
2022-10-26,146.88668823242188,149.48314455270017,145.59828223025528,148.47013415168624,88194300
2022-10-27,142.41175842285156,146.59166146526223,141.75281080290236,145.62782920100577,109180200
2022-10-28,153.17129516601562,154.90226106166642,145.3819261249116,145.75564835945892,164762400
2022-10-31,150.81088256835938,151.69604741946125,149.41430514421359,150.6338586024099,97943200
2022-11-01,148.16525268554688,152.88608702918296,146.6703335656384,152.52219441549875,80379300
2022-11-02,142.63795471191406,149.66019092618583,142.60845071578376,146.49329861316923,93604600
2022-11-03,136.58938598632812,140.44472962212055,136.4615253404881,139.7169294177421,97918500
2022-11-04,136.32337951660156,140.5496142487395,132.3828281448323,139.97823249599168,140814800
2022-11-07,136.85537719726562,137.08195474161485,133.65367850914586,135.0722797176196,83374600
2022-11-08,137.4267578125,139.32806703138522,135.44663574586633,138.32323704462326,89908500
2022-11-09,132.86553955078125,136.49085472450093,132.5897021500865,136.44159482466026,74917800
2022-11-10,144.6872100830078,144.6872100830078,137.42674799216064,139.14089348616804,118854000
2022-11-11,147.47515869140625,147.7805490726991,142.2243712372686,143.6528333928847,93979700
2022-11-14,146.0762481689453,148.04652398997993,145.23887493220099,146.7559957323241,73374100
2022-11-15,147.81011962890625,151.3073630256227,146.3521193934581,149.95772858664796,89868300
2022-11-16,146.57867431640625,147.64262514508096,145.10096733747125,146.91363265596118,64218300
2022-11-17,148.4800262451172,149.22872584309494,143.97793759102575,144.25377507617625,80389400
2022-11-18,149.04151916503906,150.4305673318375,147.74114484123723,150.0463641188946,74829600
2022-11-21,145.81024169921875,148.13516752974954,145.52455834869187,147.92829700778424,58724100
2022-11-22,147.94802856445312,148.1844671134609,144.7463298277078,145.92850754073268,51804100
2022-11-23,148.82481384277344,149.5735133563615,147.1205141770319,147.22887996484198,58301400
2022-11-25,145.90878295898438,146.66734339247978,144.9334909730617,146.10580754336945,35195900
2022-11-28,142.07659912109375,144.46063120272478,141.24908683464577,142.9829242489195,69246000
2022-11-29,139.07192993164062,142.65783165746328,138.2641245866872,142.14555568748492,83763800
2022-11-30,145.82997131347656,146.50971891238402,138.4611435666205,139.29850181511986,111380900
2022-12-01,146.1058349609375,146.91365545012422,144.43110313137328,146.00733016626612,71250400
2022-12-02,145.61322021484375,145.80039880762385,143.4853188948338,143.79072424895466,65447400
2022-12-05,144.45079040527344,148.6770258303521,143.60357112015112,145.57384712908555,68826400
2022-12-06,140.78607177734375,145.11082689130228,139.81077976944414,144.8842493657544,64727200
2022-12-07,138.8453369140625,141.23921477643742,137.91930489039092,140.07675927915528,69721100
2022-12-08,140.52992248535156,141.38700272319693,139.00297068921475,140.24423909407787,62128300
2022-12-09,140.04721069335938,143.40653461732074,138.80592729031733,140.22452830407295,76097000
2022-12-12,142.3425750732422,142.352421040337,138.96354439037955,140.5791698825673,70462700
2022-12-13,143.30801391601562,147.7411345402718,142.0962984876822,147.27811851695523,93886200
2022-12-14,141.0815887451172,144.48031109554833,139.0620532803072,143.1897830028579,82291200
2022-12-15,134.4713592529297,139.69259452336593,134.00834311374663,139.01284678575612,98931900
2022-12-16,132.51092529296875,135.60425843945495,131.7425187492694,134.65853424660116,160156900
2022-12-19,130.4027099609375,133.1906522558453,129.36832710470327,133.10199344508453,79592600
2022-12-20,130.3337860107422,131.2696642881948,127.95959935664524,129.43730664694388,77432800
2022-12-21,133.43695068359375,134.7767390812449,130.77708085896677,131.00365840968308,85928000
2022-12-22,130.26480102539062,132.56017450128888,128.3634917913713,132.35330392731453,77852100
2022-12-23,129.9003143310547,130.45198927834147,127.71330648144284,128.97428208438834,63814900
2022-12-27,128.0974884033203,129.45698360544398,126.80696007412172,129.42743066905106,69007800
2022-12-28,124.16680145263672,129.0826382465051,123.9993297869955,127.74284988936154,85438400
2022-12-29,127.6837387084961,128.5408039711882,125.8316819463041,126.08781241864538,75703700
2022-12-30,127.99896240234375,128.01866936965655,125.53612512465858,126.50156359082803,77034200
