Date,EC_Close,EC_High,EC_Low,EC_Open,EC_Volume
2015-01-02,6.605461597442627,6.825643345262396,6.533401894208289,6.79762029702033,923400
2015-01-05,6.032989025115967,6.4653465446109735,6.0129727773018375,6.45333710135086,1468900
2015-01-06,5.976942539215088,6.065015092979921,5.86484957332005,6.016975414075803,1122600
2015-01-07,6.181110382080078,6.2972063551194815,6.0049649126285445,6.032987960049487,1067100
2015-01-08,6.5093841552734375,6.625479783951872,6.201129007132839,6.201129007132839,1891100
2015-01-09,6.525394916534424,6.561424767189205,6.341243025250676,6.561424767189205,696900
2015-01-12,6.1771087646484375,6.425313609785959,6.085032416556173,6.38127732787212,1632300
2015-01-13,6.269184112548828,6.3972899249600585,6.161094928773212,6.2291512370630375,1336400
2015-01-14,6.341243743896484,6.341243743896484,6.061012091846528,6.1610948519919,823200
2015-01-15,6.205130577087402,6.453336136142048,6.153087500626615,6.397289276217634,1071900
2015-01-16,6.437323093414307,6.437323093414307,6.177108070097874,6.313220684799552,848200
2015-01-20,6.349250793457031,6.445330542845763,6.201128339622302,6.43732373798609,1060600
2015-01-21,6.55341911315918,6.5694319568529655,6.317223369216575,6.369266447470314,629300
2015-01-22,6.601457595825195,6.673517292510864,6.469348406425046,6.5934507931777375,716300
2015-01-23,6.705544948577881,6.757587648028498,6.597455384060215,6.60946559019691,861500
2015-01-26,6.833651065826416,6.869680922279387,6.6454957426827095,6.701541846689154,1108000
2015-01-27,6.861673831939697,6.881690842230066,6.733568020364808,6.773601277374677,579400
2015-01-28,6.689532279968262,6.953751507090201,6.661509225284215,6.86968157946709,1096200
2015-01-29,6.5093841552734375,6.76959923265574,6.377274915151898,6.721559925468465,1016000
2015-01-30,6.525394916534424,6.657504114411697,6.389282698861921,6.469348821547331,2211600
2015-02-02,6.965758800506592,6.969762201878311,6.605461076330012,6.705543819910769,1544200
2015-02-03,7.9265546798706055,7.970591340798287,7.005793547612721,7.089862703670042,2526600
2015-02-04,7.338067531585693,7.662335442462575,7.294030875249898,7.638315795175241,1251900
2015-02-05,7.55024528503418,7.602287995472785,7.402122432357952,7.5342316734709005,1397400
2015-02-06,7.462169647216797,7.690358196622127,7.394113346203734,7.670341951912141,689100
2015-02-09,7.494196891784668,7.578266808339425,7.41413114088157,7.450160996037769,652200
2015-02-10,7.0698466300964355,7.490193947869722,7.017803927004577,7.490193947869722,822800
2015-02-11,6.809630870819092,6.961756325329548,6.561425297746326,6.905710225810565,1001200
2015-02-12,7.173932075500488,7.229978175259051,6.8856940092939425,6.8856940092939425,1832200
2015-02-13,7.406124114990234,7.510210275261842,7.245991854407317,7.253998658329175,688700
2015-02-17,7.322054862976074,7.394113806560887,7.113882545319933,7.394113806560887,1045400
2015-02-18,7.258001804351807,7.386108385348902,7.145909595889338,7.221972711325229,639700
2015-02-19,7.0458269119262695,7.121890028240347,6.821641728842104,7.113883223666041,704600
2015-02-20,6.8816914558410645,7.077853592752412,6.857671041350824,7.009797278838603,527700
2015-02-23,6.845661163330078,6.921724277247882,6.649499038864913,6.769598049412275,708500
2015-02-24,6.9297308921813965,6.9977872074161365,6.8656779794394005,6.905711240795886,382500
2015-02-25,6.917720317840576,6.9377365634624635,6.749581258475919,6.917720317840576,595500
2015-02-26,6.689532279968262,6.881691787290669,6.6815262383235146,6.8376551221751845,504100
2015-02-27,6.693535327911377,6.797621499487688,6.681525884295104,6.725561783506325,766700
2015-03-02,6.301211357116699,6.697539050383848,6.301211357116699,6.697539050383848,1063500
2015-03-03,5.916893482208252,6.1771089232497935,5.820814110955444,6.093039377957216,2111500
2015-03-04,6.105048179626465,6.109051581536688,5.812806712317741,5.9168924894856,1306900
2015-03-05,6.044999599456787,6.16509862078488,5.992956512048057,6.077026056049009,826800
2015-03-06,5.804800510406494,6.085032182827646,5.76476725072399,5.980946013081502,823800
2015-03-09,5.560598373413086,5.908886338059178,5.548588167132387,5.82481680302147,1020800
2015-03-10,5.564600944519043,5.580614169815204,5.320399163306231,5.508554846875182,1944800
2015-03-11,5.624651908874512,5.652674963092925,5.504552505132702,5.504552505132702,617200
2015-03-12,5.73274040222168,5.748753628638511,5.624651219354426,5.700713949388017,1056600
2015-03-13,5.648670673370361,5.716726978742269,5.4885384147220035,5.716726978742269,917400
2015-03-16,5.648670673370361,5.688703928925161,5.364435627930461,5.59662759386329,1432500
2015-03-17,5.772773742675781,5.8288202268382765,5.396462343757699,5.592624847433713,1441700
2015-03-18,5.956925868988037,5.984948919371953,5.632657561434521,5.668687415805515,833000
2015-03-19,5.772773742675781,5.952922637917849,5.684700805216271,5.840830051378298,1622500
2015-03-20,6.053006172180176,6.06501599825245,5.820814165260265,5.93691016872022,1486500
2015-03-23,6.225147724151611,6.329233885775393,6.0730218837288765,6.125064964540767,1535900
2015-03-24,6.165097236633301,6.325229865427847,6.141077590474624,6.221143713979201,1307000
2015-03-25,6.201128005981445,6.289200945771893,6.149084922550064,6.241161264554953,807200
2015-03-26,6.237157344818115,6.377273356413947,6.13707458847407,6.293203825813531,1657800
2015-03-27,6.165097236633301,6.317223062184693,6.129067767395285,6.225147115600778,1445600
2015-03-30,6.173105239868164,6.237158151123089,6.057009242772245,6.201128293095827,469600
2015-03-31,6.093039035797119,6.161095348725799,6.065015601082952,6.109052263440017,691200
2015-04-01,6.225147724151611,6.261177578697184,6.089035109995194,6.097041532235639,1483700
2015-04-02,6.213138103485107,6.26518080421686,6.101045134162485,6.225147928132016,634800
2015-04-06,6.541409969329834,6.6094662841077705,6.245165058993802,6.245165058993802,1225400
2015-04-07,6.6094651222229,6.629481367462639,6.41330301730438,6.545412221170764,1290900
2015-04-08,6.4653472900390625,6.725562359479019,6.437324234439974,6.653503400897505,1012600
2015-04-09,6.501376628875732,6.6094662034219285,6.425313510094601,6.545413291891799,1357800
2015-04-10,6.433318614959717,6.565427805527854,6.417305773093957,6.517388516359841,610300
2015-04-13,6.373269557952881,6.485362512968692,6.349249529939381,6.485362512968692,572200
2015-04-14,6.433318614959717,6.481358667698464,6.365262318996086,6.445328819037087,885900
2015-04-15,6.637489318847656,6.717555840794616,6.445330582460084,6.485363843433564,1461400
2015-04-16,6.709548473358154,6.78961422502147,6.59345210262566,6.641492164480353,790500
2015-04-17,6.6094651222229,6.705544473801106,6.585445475221052,6.637488170986859,584000
2015-04-20,6.513385772705078,6.70954787768565,6.497372165651573,6.609465124313676,500600
2015-04-21,6.429316520690918,6.60946580062244,6.393287046490058,6.53740608864983,544600
2015-04-22,6.461343288421631,6.525396199160139,6.373270727048915,6.4573398860541085,443000
2015-04-23,6.6174726486206055,6.633485493847431,6.497372873350391,6.497372873350391,516300
2015-04-24,6.721558570861816,6.741574817560771,6.585445955310497,6.605462202009452,513600
2015-04-27,6.9097137451171875,6.949747001269879,6.725561072243149,6.749581484077274,982400
2015-04-28,6.841657638549805,6.993783100088063,6.769597928084519,6.925726791712056,549800
2015-04-29,6.901707172393799,6.957753274742715,6.757587750844157,6.809631214657473,504500
2015-04-30,6.853667736053467,6.921724043349455,6.793617469238113,6.917720641323707,732200
2015-05-01,6.729564189910889,6.901706649595343,6.657504484594529,6.865676796937163,325800
2015-05-04,6.79762077331543,6.8216411851237995,6.689531210890312,6.725561065032018,653900
2015-05-05,6.925726890563965,7.0498300663903555,6.885694396241526,6.885694396241526,975400
2015-05-06,6.997786521911621,7.173932396482301,6.981773677080218,7.021806934515038,1194100
2015-05-07,6.765594005584717,6.97376631678937,6.7135513095689605,6.921723620773614,798100
2015-05-08,6.613468647003174,6.813634157407114,6.545412342923002,6.801623951897381,672600
2015-05-11,6.365264415740967,6.653503299979084,6.365264415740967,6.653503299979084,562900
2015-05-12,6.389283657073975,6.465346389586029,6.257174439384051,6.381276852711945,548500
2015-05-13,6.525394916534424,6.853666974008075,6.481359026289184,6.481359026289184,993900
2015-05-14,6.6094651222229,6.689530866752666,6.437322664306229,6.565428466410502,1431500
2015-05-15,6.529399394989014,6.589448901460506,6.445330238643105,6.549416406193446,694700
2015-05-18,6.353254318237305,6.529399828902148,6.301211231003596,6.493369969910697,512400
2015-05-19,6.0209784507751465,6.277190437836896,6.016975048996351,6.265180232500511,661100
2015-05-20,6.089035511016846,6.1330717907030765,5.924899835530814,6.032989024500817,456000
2015-05-21,6.237157344818115,6.237157344818115,6.101044735104546,6.10905153886907,708200
2015-05-22,6.229151725769043,6.265181201997305,6.113055728716734,6.177108639947599,688300
2015-05-26,5.976942539215088,6.157091430551885,5.92890286031097,6.145081606272214,1208000
2015-05-27,5.712724208831787,5.952922607324987,5.692707580177662,5.936909380758774,2788000
2015-05-28,5.78078031539917,5.796793542463997,5.6446680762408565,5.712724386712737,580100
2015-05-29,5.804800510406494,5.900879875501953,5.728737775152287,5.74875402320808,1374000
2015-06-01,5.644667148590088,5.828819420464549,5.596627093505111,5.828819420464549,740200
2015-06-02,5.70471715927124,5.756760238819194,5.668687305600702,5.668687305600702,550900
2015-06-03,5.648670673370361,5.76877005824934,5.624651025465818,5.732740204607104,578200
2015-06-04,5.540581703186035,5.664684112872544,5.516561672590182,5.604634609061064,684800
2015-06-05,5.544583320617676,5.624649427190629,5.468520233034387,5.516559896978159,686400
2015-06-08,5.632658004760742,5.680697687107955,5.552591867515388,5.552591867515388,410800
2015-06-09,5.752756595611572,5.816809496434615,5.672690469582768,5.676693871330559,669700
2015-06-10,5.836826324462891,5.94891890476473,5.7887866471906735,5.816809696819779,771300
2015-06-11,5.764767646789551,5.868853823686885,5.652675046476913,5.868853823686885,1493900
2015-06-12,5.688703536987305,5.744750014545474,5.660680489100916,5.740746612908734,615700
2015-06-15,5.796793460845947,5.892873203667574,5.6286547699253475,5.632657790296107,554500
2015-06-16,5.572608470916748,5.7327407446500915,5.476529106676741,5.616644750747054,1322300
2015-06-17,5.643530368804932,5.7127230113089125,5.513793957899628,5.704073724785574,1119500
2015-06-18,5.682452201843262,5.777591893617358,5.647855875303455,5.656504750728035,966100
2015-06-19,5.557039737701416,5.7127231881547855,5.548390450910326,5.66082870467033,676000
2015-06-22,5.69974946975708,5.73002114761894,5.557039542093055,5.56568841615901,734000
2015-06-23,5.833810806274414,5.851108968888794,5.634881729998676,5.691100861600594,548900
2015-06-24,5.825161457061768,5.941923942100235,5.751644168829117,5.812187526841398,540000
2015-06-25,5.74731969833374,5.859757955768882,5.74731969833374,5.812187701704403,384100
2015-06-26,5.734346389770508,5.738671033465501,5.621908128225034,5.738671033465501,665000
2015-06-29,5.652180194854736,5.773267752051098,5.626233155756052,5.639206675305394,440400
2015-06-30,5.734346389770508,5.74299526473977,5.652179809248537,5.725697102380522,789900
2015-07-01,5.427303791046143,5.751644650123552,5.379733534432189,5.708399037278273,1240200
2015-07-02,5.500821113586426,5.613258965202349,5.457575500519795,5.457575500519795,708600
2015-07-06,5.280269622802734,5.431628867394878,5.1808048703054155,5.4143307033632695,1121000
2015-07-07,5.314865589141846,5.314865589141846,5.007822889162228,5.245672937724591,897800
2015-07-08,5.189453601837158,5.262970894190175,5.115936309484141,5.262970894190175,891200
2015-07-09,5.336488246917725,5.379733446636526,5.249997435059399,5.2932426347782,1117500
2015-07-10,5.262971878051758,5.410006490244488,5.2413490681844515,5.371085514967495,481500
2015-07-13,5.280269622802734,5.301892430947435,5.189454158531601,5.22837513070791,736500
2015-07-14,5.336488246917725,5.345137121893195,5.237023503965108,5.249997435059399,1257200
2015-07-15,5.202427387237549,5.314865653359506,5.159182185789615,5.306216778038215,993600
2015-07-16,5.176481246948242,5.254322788027961,5.107288582690353,5.245673911206131,554500
2015-07-17,5.098639011383057,5.189454481302685,5.051069160442599,5.189454481302685,669200
2015-07-20,4.999174118041992,5.206752076616099,4.990524830224366,5.077015646296911,543100
2015-07-21,5.072690486907959,5.159181706612123,5.02512064600723,5.033769932945927,608500
2015-07-22,4.951602935791016,5.025120218837662,4.91268197271683,5.025120218837662,412600
2015-07-23,4.981874942779541,5.012146619150176,4.899708374886876,4.938629337318069,597100
2015-07-24,4.821866989135742,4.981875499780625,4.765648273139189,4.947278764090947,607900
2015-07-27,4.696455478668213,4.817543029349545,4.696455478668213,4.756999254008879,757200
2015-07-28,4.795919418334961,4.81754222107314,4.705103976771137,4.744024939215727,1428900
2015-07-29,4.990524768829346,4.994849412684956,4.7829468128089285,4.7959203319550205,2323800
2015-07-30,4.934305191040039,5.051068090088512,4.813218060946611,4.994848962297103,969800
2015-07-31,4.882410526275635,5.00349765189406,4.830516043867738,4.947278526180334,1368900
2015-08-03,4.609964370727539,4.830516239194865,4.588341565744736,4.830516239194865,718100
2015-08-04,4.657534599304199,4.765648211220222,4.6099643461119015,4.640236025473763,532600
2015-08-05,4.480227470397949,4.769971953646668,4.480227470397949,4.687805798472261,719600
2015-08-06,4.614288806915283,4.63158696764028,4.385088074203903,4.389412305069639,902900
2015-08-07,4.411035537719727,4.726727517153878,4.393737375313795,4.601315736605695,621700
2015-08-10,4.601315498352051,4.614289016379557,4.402386434773919,4.411035309318689,909700
2015-08-11,4.432657718658447,4.519148518489601,4.372113952566307,4.519148518489601,842300
2015-08-12,4.519148826599121,4.532122344353145,4.419684503117116,4.43265802087114,1116500
2015-08-13,4.441307544708252,4.519149067807865,4.402386576948087,4.4888773872925,1060900
2015-08-14,4.398062229156494,4.4888776892319076,4.385088709837362,4.445632074940475,440400
2015-08-17,4.34616756439209,4.41103557079556,4.324544758117358,4.3807638894633705,449800
2015-08-18,4.328869342803955,4.372114542342762,4.294273018204622,4.328869342803955,741200
2015-08-19,4.151562690734863,4.328868940952169,4.129939886762359,4.3245442976735315,556000
2015-08-20,4.142913341522217,4.181834305599966,4.091018860225443,4.151562627948684,995800
2015-08-21,4.065072059631348,4.203457777510631,4.065072059631348,4.151563287963678,1459300
2015-08-24,3.8358712196350098,3.9180378024659133,3.745055761591804,3.8834410643545043,1841300
2015-08-25,3.8055996894836426,4.017502295892407,3.8055996894836426,4.000204132357421,685600
2015-08-26,3.8228981494903564,3.9310117830735867,3.7710036548608996,3.8791172884441303,760500
2015-08-27,4.147238731384277,4.147238731384277,3.892090509757311,3.9093886733038468,1274500
2015-08-28,4.359141826629639,4.506176439469339,4.099668931921838,4.1299410308375855,1303800
2015-08-31,4.5321221351623535,4.545096064738228,4.173184998643302,4.315894924612531,1220200
2015-09-01,4.212105751037598,4.441306879654989,4.173184789105563,4.406710148277116,1085700
2015-09-02,4.164535999298096,4.3331933669206215,4.03479959439005,4.272649601318023,1362200
2015-09-03,4.225080490112305,4.350492273484831,4.155887426509589,4.1775102331091425,660900
2015-09-04,4.168861389160156,4.225080521771965,4.11696690038481,4.138589294725652,676900
2015-09-08,4.095343112945557,4.268324700774251,4.017501192212325,4.181833906859904,663700
2015-09-09,3.9958794116973877,4.177510331540064,3.9569584413852796,4.099668390915848,709700
2015-09-10,4.086694717407227,4.086694717407227,3.85749396051017,4.00452854839834,1216600
2015-09-11,4.008853435516357,4.086694965508196,3.9829059839052436,4.0131776671009165,966100
2015-09-14,4.008853435516357,4.047773994301901,3.952634300709571,4.000204147505736,780200
2015-09-15,3.9829061031341553,4.086695087844047,3.943985130762755,3.995879623117701,903700
2015-09-16,4.168861389160156,4.177510264412346,3.995879347488267,4.047773836263613,1335700
2015-09-17,4.1731858253479,4.255352412589542,4.086695006478348,4.15588766157399,1373600
2015-09-18,4.060747146606445,4.116966270618497,3.9958787362445367,4.069396020535629,1186700
2015-09-21,4.091019630432129,4.168861573242748,4.060747947081667,4.134265245864863,854600
2015-09-22,3.95263409614563,4.047773784814117,3.9093884831721497,4.013177459403625,855500
2015-09-23,3.7796518802642822,4.013177272096108,3.7710030055256945,3.9915544666185716,903900
2015-09-24,3.8099238872528076,3.8401955667884144,3.675862826242388,3.75802899030505,679100
2015-09-25,3.81424880027771,3.9050642675424543,3.7926264038410182,3.874792582594465,730100
2015-09-28,3.5807230472564697,3.7666786091798667,3.5763988158137017,3.7666786091798667,708900
2015-09-29,3.662889242172241,3.6715381165604564,3.563424505973253,3.5936965973837425,678200
2015-09-30,3.719109296798706,3.74073169437271,3.662890155780542,3.7018111312870245,842800
2015-10-01,3.706134557723999,3.939659947579243,3.706134557723999,3.8142481717758843,1207100
2015-10-02,3.870467185974121,3.8791164728041183,3.671538125511841,3.671538125511841,900200
2015-10-05,4.065072059631348,4.065072059631348,3.909388590990488,3.9353360419743355,1383000
2015-10-06,4.289949417114258,4.298598294155674,4.078046774339298,4.078046774339298,1031600
2015-10-07,4.449955940246582,4.510499707177117,4.320219532492961,4.350491622168564,1777400
2015-10-08,4.596990585327148,4.601315228556311,4.406710407450766,4.428333211175902,1178900
2015-10-09,4.558070182800293,4.653210283462667,4.540772020172655,4.6359121208350285,1082100
2015-10-12,4.432657718658447,4.575367641485017,4.337517632633846,4.571042998388293,581400
2015-10-13,4.424009323120117,4.510500552784616,4.333194274329741,4.376439476741242,886700
2015-10-14,4.411035537719727,4.45860579365158,4.346167531802665,4.419684825133054,829700
2015-10-15,4.428335189819336,4.428335189819336,4.315896890146133,4.37644068514421,926800
2015-10-16,4.376439571380615,4.467255034555601,4.32454507991216,4.432658706909964,690400
2015-10-19,4.086694717407227,4.341842924340142,4.026151354691434,4.341842924340142,1150100
2015-10-20,4.12561559677124,4.1775100832967045,4.060747591719589,4.073721110245776,807800
2015-10-21,3.9872305393218994,4.091019518618858,3.913713242548034,4.091019518618858,701700
2015-10-22,4.1083173751831055,4.121290893521674,4.013177278385276,4.017501921971703,666500
2015-10-23,4.069396495819092,4.147238432376629,4.017502008920974,4.073721139499115,572300
2015-10-26,4.017502784729004,4.09534473631837,3.991555330058948,4.069397281648314,687100
2015-10-27,3.9223625659942627,3.978581705973838,3.853169905225798,3.948310019992832,982600
2015-10-28,4.021827220916748,4.099668756053185,3.913713588163184,3.9526345619417915,887100
2015-10-29,4.000203609466553,4.121290738383421,3.9742561613454472,3.987230091616348,459600
2015-10-30,4.03047513961792,4.1342645158454285,3.9742560144507184,4.039124426145496,869300
2015-11-02,4.194808483123779,4.216431290172917,4.01317756378421,4.017502207678185,547900
2015-11-03,4.363465309143066,4.372114183372427,4.199132574578334,4.225080022107791,791800
2015-11-04,4.289949417114258,4.398063060867297,4.251028439375832,4.372115604901406,991400
2015-11-05,4.259676933288574,4.315895654610262,4.1991331556227065,4.255352289365138,1378300
2015-11-06,4.20778226852417,4.242379009443454,4.138589611527137,4.203458036777431,592000
2015-11-09,4.134264945983887,4.2380539205891585,4.112642139835941,4.190483664579532,639800
2015-11-10,4.103992938995361,4.142913908398682,4.069396613397017,4.108317582800337,606700
2015-11-11,3.9829061031341553,4.116967184366672,3.943985130762755,4.099668607827592,984500
2015-11-12,3.8358712196350098,3.931011321494733,3.7883013749155148,3.9093885148328775,1287300
2015-11-13,3.771003246307373,3.8185730914587577,3.68451243129543,3.8055995723121505,838100
2015-11-16,3.965607166290283,3.9742560404537666,3.736406433278739,3.7537045940263893,608100
2015-11-17,3.7147841453552246,4.0175022067078086,3.697485982204241,3.9569584294689957,1184000
2015-11-18,3.775327682495117,3.840196106587729,3.645591659151413,3.7320824788541356,1083800
2015-11-19,3.701810359954834,3.853169173538786,3.6758629108834846,3.75802907683812,647100
2015-11-20,3.6758623123168945,3.7580284648918356,3.6672130265612983,3.7018097571630384,827500
2015-11-23,3.7493808269500732,3.7537054712528097,3.602346220023281,3.645591838209084,889200
2015-11-24,3.8012752532958984,3.8834414314736048,3.783977088815288,3.8055998975212444,1901200
2015-11-25,3.7623531818389893,3.792625270158897,3.6845116706093823,3.7753266983071483,964700
2015-11-27,3.649915933609009,3.7580295626100204,3.6326177694656776,3.7147843584620746,382800
2015-11-30,3.6282927989959717,3.697485441481121,3.589371834492905,3.64991519045707,1741700
2015-12-01,3.5807230472564697,3.6758631501499215,3.546126721189894,3.6585649871166335,863500
2015-12-02,3.446662187576294,3.56342489139104,3.412065861440128,3.524503921382668,1672600
2015-12-03,3.455310583114624,3.5072050620160686,3.425038906860612,3.481258028775675,769000
2015-12-04,3.239084005355835,3.4163904850686175,3.2261104862368315,3.407741403585826,1112300
2015-12-07,3.0444796085357666,3.182865120272982,2.9925851189632002,3.1396197122958434,901200
2015-12-08,2.9536640644073486,3.079075847068103,2.9363659017100288,2.9925850335815016,1618200
2015-12-09,3.074751138687134,3.1525928639690854,2.983935689419683,2.983935689419683,1074000
2015-12-10,3.0228564739227295,3.1309700852569105,3.014207393264409,3.0488039221080396,601700
2015-12-11,2.8801469802856445,2.9882606081487437,2.8671734604198855,2.9752870882829847,1479200
2015-12-14,2.8109540939331055,2.8801467441041426,2.7850068501189664,2.8801467441041426,1557700
2015-12-15,3.0271811485290527,3.0834002764922195,2.9060938118553366,2.9190675360815868,1569900
2015-12-16,3.009883165359497,3.1006986216927,2.9536640340655405,3.02718132787912,792200
2015-12-17,2.962313175201416,3.0098832261970756,2.9147431242057564,3.005558582374576,1194200
2015-12-18,2.9579882621765137,3.0531281426664267,2.9406901020874385,2.9666373422210515,1432900
2015-12-21,2.9752867221832275,3.0704266122635206,2.9493394794340566,2.9709620786198547,701200
2015-12-22,3.035829782485962,3.0920489021752235,2.9796106627967003,2.9796106627967003,475500
2015-12-23,3.2261106967926025,3.269356107029022,3.10934798604908,3.1352952321909315,760800
2015-12-24,3.2001638412475586,3.252058339865258,3.174216591938709,3.2261110905564085,315000
2015-12-28,3.122321605682373,3.195838908536221,3.053128947095405,3.1915144704797296,624600
2015-12-29,3.0790762901306152,3.1871899256510194,3.0531290423509656,3.1698917604645866,431100
2015-12-30,2.9536640644073486,3.0704267657194424,2.9536640644073486,3.0531286030221225,473400
2015-12-31,3.031506299972534,3.0444798201623,2.923392669409355,2.932041751605994,396400
2016-01-04,2.9925849437713623,3.0920494794011164,2.953663975765262,3.031505911777462,625900
2016-01-05,2.9493396282196045,3.001234116335871,2.867173252263666,2.9796113098489108,696700
2016-01-06,2.819603681564331,2.8714981785121063,2.7936564330904434,2.8714981785121063,685100
2016-01-07,2.6941916942596436,2.806629763332477,2.6941916942596436,2.7504108319012537,730900
2016-01-08,2.6682441234588623,2.7504104978294523,2.6466213173891,2.7071650919002894,608900
2016-01-11,2.542832374572754,2.6985158378410223,2.5255342119873907,2.6725685939629775,680400
2016-01-12,2.5125601291656494,2.6336474562312517,2.486612888982378,2.573103689593283,1223600
2016-01-13,2.525534152984619,2.6898666937063513,2.508235990803384,2.5514813962564715,1745400
2016-01-14,2.594726800918579,2.6682440932715963,2.5471567518295046,2.5471567518295046,2022000
2016-01-15,2.547156810760498,2.573104054624756,2.4779641604558105,2.4909378854931212,997700
2016-01-19,2.4001224040985107,2.581753109274245,2.3612014355985296,2.4909378597915586,1414000
2016-01-20,2.335254430770874,2.378499841186738,2.231465239562417,2.326605348687701,1654400
2016-01-21,2.4693150520324707,2.490937858120255,2.317956028049066,2.317956028049066,936300
2016-01-22,2.6682441234588623,2.6985158045040953,2.581753105390175,2.581753105390175,1239700
2016-01-25,2.4130959510803223,2.6379722710968667,2.4130959510803223,2.624998752251692,1213200
2016-01-26,2.5125601291656494,2.5255338523624524,2.4174202484936536,2.4347184086158347,1500600
2016-01-27,2.5341835021972656,2.57742891222581,2.4347189560264235,2.452017120037841,1407800
2016-01-28,2.6725687980651855,2.7893315075386553,2.624998950427743,2.7547351797258317,1387600
2016-01-29,2.7850067615509033,2.7850067615509033,2.6336477410100585,2.6985157453773083,3010700
2016-02-01,2.6336476802825928,2.7287875690483894,2.5687794712007372,2.7287875690483894,1383300
2016-02-02,2.521209478378296,2.590402126253677,2.5125603973938735,2.5558058023159864,973800
2016-02-03,2.6768932342529297,2.681217671788496,2.469315077286633,2.5731040526645996,1719800
2016-02-04,2.754734992980957,2.828252287704623,2.7158142299351784,2.7158142299351784,1041800
2016-02-05,2.728787899017334,2.7590597885721477,2.668244326118084,2.6855424898035842,858700
2016-02-08,2.7158138751983643,2.7417611159098034,2.6336475098403045,2.66824383078889,1000300
2016-02-09,2.5990512371063232,2.694191121479859,2.5817528701007926,2.655270156585514,1977500
2016-02-10,2.607701063156128,2.672569081581427,2.547157276850593,2.581753608333526,950700
2016-02-11,2.5817534923553467,2.6033763016660356,2.4995873118796705,2.521209914979967,1263000
2016-02-12,2.707165479660034,2.711489917767179,2.612025366778159,2.6379726140522,1706800
2016-02-16,2.586077928543091,2.797980535405654,2.586077928543091,2.7633842082615927,2514100
2016-02-17,2.9796109199523926,2.9882600001733297,2.6595947455673823,2.6595947455673823,2358800
2016-02-18,3.0185325145721436,3.105023334847983,3.005558788425577,3.0185325145721436,2202600
2016-02-19,2.9363653659820557,3.009882647137919,2.8887953241382043,2.9493390887432254,1696600
2016-02-22,3.061777353286743,3.1093473986655886,3.0271810316331615,3.0315056749450306,1033400
2016-02-23,2.988260507583618,3.0444796416709563,2.9623132625149333,3.0142077526523035,1444000
2016-02-24,2.9579882621765137,2.988259939227228,2.87582189864824,2.893120058737315,1354600
2016-02-25,3.0271811485290527,3.0920493572396026,2.9536638590711197,2.9536638590711197,1676900
2016-02-26,3.009883165359497,3.165566834246468,3.009883165359497,3.1439440279917577,2222500
2016-02-29,3.0185325145721436,3.0877251707928153,2.962313378287657,3.022856952480745,1895700
2016-03-01,3.148268461227417,3.165566622590451,3.018532044794313,3.0315057689217633,2538100
2016-03-02,3.390443801879883,3.407741967709033,3.1179973807551633,3.1352955465843135,2063300
2016-03-03,3.5807230472564697,3.602345854153264,3.3601713654768663,3.3861186100267977,1795000
2016-03-04,3.771003246307373,3.814248447602976,3.5980212038627486,3.619644010720919,3226000
2016-03-07,3.9872305393218994,4.004528702538059,3.632617574759508,3.740731197965693,3295100
2016-03-08,3.5936970710754395,3.9180379455890053,3.5591003317002365,3.8920904941627903,2199100
2016-03-09,3.6282927989959717,3.7364064059841877,3.6196435124749877,3.6715379943388493,959100
2016-03-10,3.5936970710754395,3.641266917532626,3.528828648720277,3.615319466106411,2738800
2016-03-11,3.710458993911743,3.766678119567459,3.623968189987829,3.632617064169878,1221000
2016-03-14,3.6412665843963623,3.6974857136590984,3.589372098712462,3.6153191353440564,1103200
2016-03-15,3.524503469467163,3.5980207561852384,3.450986388959431,3.550450916952649,1710800
2016-03-16,3.6758623123168945,3.688835828529644,3.520178880501964,3.5418012700496653,1480500
2016-03-17,3.848844289779663,3.8791163805439717,3.7407306815002266,3.7407306815002266,1543700
2016-03-18,3.7839772701263428,3.9526346912091737,3.7364074186305256,3.8877662619831037,2321600
2016-03-21,3.848844289779663,3.896414541371854,3.7666781289523934,3.7753270031559913,1107700
2016-03-22,3.771003246307373,3.8488447736077536,3.745055795593421,3.8055995723121505,1979700
2016-03-23,3.6412665843963623,3.7493801993429985,3.6412665843963623,3.727757393869529,2292500
2016-03-24,3.5374772548675537,3.61964341244276,3.4639599711536313,3.550450771869814,1582000
2016-03-28,3.6845130920410156,3.7191094242499707,3.550451995415706,3.550451995415706,1080000
2016-03-29,3.585047960281372,3.615319644757205,3.476934330101088,3.615319644757205,1286300
2016-03-30,3.7147841453552246,3.779652154066228,3.6585650120093423,3.697485982204241,1453100
2016-03-31,3.723433017730713,3.7839767949209144,3.684512459987806,3.6974859792354415,1098800
2016-04-01,3.6888368129730225,3.7018107450687823,3.563425022992626,3.6239688021772416,1183900
2016-04-04,3.5980207920074463,3.7234325625244162,3.585047274345881,3.6801873661789695,1248300
2016-04-05,3.520179510116577,3.585047515203175,3.498556704280805,3.5504511908342273,1246200
2016-04-06,3.5504510402679443,3.585047363169744,3.511530073898245,3.563424558250944,3511400
2016-04-07,3.4120659828186035,3.533153334813033,3.3990924631612147,3.520179815155644,1301000
2016-04-08,3.5634241104125977,3.615318588243385,3.528827791858739,3.5374770777075284,1497800
2016-04-11,3.6758623123168945,3.6974851142852403,3.606669675954703,3.606669675954703,1688800
2016-04-12,3.9483091831207275,3.965607344646376,3.6801874732628277,3.7061345093409486,2517800
2016-04-13,4.034800052642822,4.112641986912687,3.9526338872407387,3.9699320490317414,1792200
2016-04-14,3.9958794116973877,4.060747833024482,3.9742566045883563,4.047773901306618,1116900
2016-04-15,3.8964147567749023,3.931011080343234,3.831546340768749,3.9180375621102868,1010000
2016-04-18,3.9483091831207275,4.017501829223321,3.7061345093409486,3.7537047628520086,1075000
2016-04-19,4.134264945983887,4.1775101458590544,4.004528521516935,4.004528521516935,1380500
2016-04-20,4.238053798675537,4.30724644642196,4.06074753572015,4.121290896287914,1266200
2016-04-21,4.216431140899658,4.298597309872583,4.194808334616027,4.25967675346692,1685900
2016-04-22,4.238053798675537,4.367790219410437,4.173185382097731,4.212106349560273,1086300
2016-04-25,4.129940032958984,4.238053644227959,4.10831722822105,4.233729000796233,1618100
2016-04-26,4.255352020263672,4.272650182442764,4.168861209368215,4.177510084247402,736600
2016-04-27,4.341843128204346,4.376439454929421,4.264001186862554,4.30292215753345,1728800
2016-04-28,4.341843128204346,4.449956752325391,4.307246801479271,4.324544964841809,1073400
2016-04-29,4.2985968589782715,4.432657913938085,4.251027020080626,4.411035109922543,1875300
2016-05-02,4.168861389160156,4.328869499322657,4.134265063309925,4.285623885799501,1123000
2016-05-03,4.008853435516357,4.11264241711931,3.952634300709571,4.069396801907704,880500
2016-05-04,4.065072059631348,4.268325786339138,4.043449664969007,4.052098540349795,1840200
2016-05-05,4.086694717407227,4.229404661552632,4.030475586013472,4.229404661552632,1637800
2016-05-06,4.082370281219482,4.129940539966992,4.008853395958394,4.03480043489272,1148700
2016-05-09,3.9310109615325928,4.052098090362023,3.8964146390098984,4.052098090362023,1006600
2016-05-10,4.069396495819092,4.078045783179139,3.896414872825365,3.896414872825365,1123900
2016-05-11,4.121291160583496,4.194808456633862,3.9958793753953543,4.065072027579054,1168200
2016-05-12,4.151562690734863,4.259676298176702,4.082369635538713,4.199132529537827,1282400
2016-05-13,4.060747146606445,4.129939787722609,4.04777321708166,4.112641627443568,995900
2016-05-16,4.12561559677124,4.194808245471859,4.099668147298149,4.147238402595363,1254400
2016-05-17,4.199132442474365,4.212105959620605,4.095343480463091,4.112641640798303,967800
2016-05-18,4.039124488830566,4.2077814545289565,4.008852810355612,4.1948079369569315,1184000
2016-05-19,3.9958794116973877,4.01750221880642,3.8834411446670183,4.013177574900465,1918900
2016-05-20,3.9742565155029297,4.078045904815629,3.965607640305633,4.0218267725606305,1020400
2016-05-23,3.9180376529693604,3.965607495873781,3.8834409161780234,3.9223618842001486,621500
2016-05-24,3.913712739944458,3.9612825795747373,3.8747917746011886,3.956957936220887,1179900
2016-05-25,4.013177394866943,4.04344948842986,3.931011226443538,3.956958263873782,1705900
2016-05-26,3.9742565155029297,4.065071973388583,3.9569583526876024,4.0520984543822705,1062000
2016-05-27,3.93966007232666,3.9699321656658206,3.9007395164689758,3.9439847160066432,682200
2016-05-31,3.788301706314087,3.956958705704966,3.7839770621192512,3.94398518554123,1355400
2016-06-01,3.788301706314087,3.792626350508922,3.6455917472506796,3.732082569043537,1168500
2016-06-02,3.883441686630249,3.88776633113974,3.6758636992242737,3.73640748509475,1232700
2016-06-03,3.956958532333374,3.9742566959340375,3.8834412339253657,3.909388685536737,808800
2016-06-06,4.099668025970459,4.103992669491442,4.000203699512097,4.00452834303308,741300
2016-06-07,4.181835174560547,4.190484050363523,4.052098738149811,4.138589558283381,1434800
2016-06-08,4.289949417114258,4.346168561356337,4.22940562814106,4.242379562334416,1558900
2016-06-09,4.324544906616211,4.328869550503805,4.203457764708765,4.229404803192847,1660100
2016-06-10,4.112642288208008,4.238054073485714,4.103993000468499,4.238054073485714,1129200
2016-06-13,4.043449401855469,4.099668119224206,4.000203790503362,4.056422920292815,917500
2016-06-14,4.004528999328613,4.07804630155112,3.9785815463709397,4.026151808056546,759900
2016-06-15,4.039124488830566,4.099667845780476,3.965607201887944,3.9742560761290653,805700
2016-06-16,4.021827220916748,4.0520989061130965,3.9353363971980526,3.98723089142927,1133300
2016-06-17,4.112642288208008,4.121291163526777,4.060747799033171,4.095344125149729,1651200
2016-06-20,4.134264945983887,4.203457595720734,4.112642139835941,4.194808308293267,921400
2016-06-21,4.142913341522217,4.151562627948684,4.095343503438676,4.112641663870934,1188700
2016-06-22,4.160212516784668,4.20778236647226,4.151563640669095,4.164537161052842,1128900
2016-06-23,4.238053798675537,4.3288692519478955,4.212106349560273,4.233729155086207,667700
2016-06-24,4.052099227905273,4.09102020477474,4.000204729552922,4.052099227905273,1448900
2016-06-27,3.883441686630249,4.026152068497857,3.857494644414902,3.9872310927540364,1170200
2016-06-28,4.03047513961792,4.043449069409284,3.9656071403438236,3.9958788183489777,679900
2016-06-29,4.151562690734863,4.177509725565322,4.034799796735751,4.091018922095988,660600
2016-06-30,4.134264945983887,4.14291382099063,4.082370046260527,4.14291382099063,833900
2016-07-01,4.164535999298096,4.20778119265367,4.12129039352186,4.1472378394717335,1056400
2016-07-05,3.9742565155029297,4.1039929428282536,3.9612829964966174,4.060747742000301,1020500
2016-07-06,3.9699320793151855,3.9872302412381413,3.88776550086561,3.9396599866344784,882500
2016-07-07,3.913712739944458,4.112641797593965,3.892089935595898,4.073720832250696,1391400
2016-07-08,3.9958794116973877,4.030475738103541,3.9439849220881578,3.991554767791433,808300
2016-07-11,4.021827220916748,4.060748194695356,3.9915551232996203,4.026151865207877,748100
2016-07-12,4.12561559677124,4.151563046244331,4.052098304421653,4.052098304421653,889700
2016-07-13,4.099668025970459,4.155887154481114,4.065071702644011,4.116966600054389,1326800
2016-07-14,4.181835174560547,4.181835174560547,4.11696716256556,4.1515634906189876,871700
2016-07-15,4.138589382171631,4.199133159899157,4.0996684116625595,4.199133159899157,904500
2016-07-18,4.181835174560547,4.181835174560547,4.086695066203239,4.103993230229952,425400
2016-07-19,4.095343112945557,4.173184621258151,4.086693827343804,4.173184621258151,566500
2016-07-20,3.93966007232666,4.056422977161876,3.8834409417490434,4.056422977161876,1102400
2016-07-21,4.008853435516357,4.086694965508196,3.9223622050931457,3.9915548594951136,1693300
2016-07-22,4.004528999328613,4.030476039865514,3.9612833818727484,4.013177875367322,653100
2016-07-25,3.8272221088409424,3.956958115984804,3.8272221088409424,3.956958115984804,964300
2016-07-26,3.7969508171081543,3.8574946023179137,3.7580298417890803,3.8185736269988397,736600
2016-07-27,3.7320821285247803,3.840195746109783,3.70181044757561,3.8012747777918663,682100
2016-07-28,3.632617473602295,3.7364068624297815,3.610995079499769,3.7234329310633885,789200
2016-07-29,3.6974856853485107,3.714783847110697,3.5980209459004087,3.606670232991856,1189700
2016-08-01,3.4985568523406982,3.6542403185895322,3.489907564672062,3.6455914433416314,984100
2016-08-02,3.386118173599243,3.589371872359112,3.3515218519916936,3.5418016208332173,1434900
2016-08-03,3.455310583114624,3.46395986914186,3.3126006630304863,3.3904425875929824,1399400
2016-08-04,3.4812588691711426,3.5245040724849863,3.420715089626853,3.450986979398998,625800
2016-08-05,3.515855312347412,3.524504188326144,3.4553115308132076,3.489907859569676,674500
2016-08-08,3.6239686012268066,3.645591407766659,3.5461266626516315,3.5461266626516315,771000
2016-08-09,3.589372396469116,3.671538569179548,3.5763988770771,3.649915761912357,555500
2016-08-10,3.5634241104125977,3.6412660333691034,3.559099467488203,3.6109943577396395,609900
2016-08-11,3.6672136783599854,3.680187609299324,3.5850475111810955,3.5980210296997166,1205300
2016-08-12,3.6066699028015137,3.697485346844022,3.6023452596517105,3.6845118298152837,537600
2016-08-15,3.662889242172241,3.684512046773821,3.6153189895646274,3.623968276373537,513500
2016-08-16,3.771003246307373,3.7969502846005874,3.6239686545767005,3.632617529867526,1264400
2016-08-17,3.9180376529693604,3.943984690036965,3.740730975044043,3.762353780880859,1312200
2016-08-18,4.000203609466553,4.017501770740391,3.943984482221404,3.943984482221404,959900
2016-08-19,4.004528999328613,4.030476039865514,3.9612833818727484,3.987230834830422,679200
2016-08-22,3.8618180751800537,3.9439842329320958,3.805598951488374,3.9439842329320958,440900
2016-08-23,3.9223625659942627,3.948310019992832,3.835871740033682,3.8747927148211407,715900
2016-08-24,3.8920912742614746,3.939661130253171,3.857494940372817,3.8877666294201845,470300
2016-08-25,3.956958532333374,3.9742566959340375,3.866143070324702,3.8877658779307196,879800
2016-08-26,3.9050636291503906,4.043449335762698,3.892090110925105,3.987230206892184,890100
2016-08-29,3.8964147567749023,3.9396599550249625,3.8445202714224047,3.8791165949907365,453700
2016-08-30,3.883441686630249,3.943985472500725,3.8704681655225754,3.918038430285378,490500
2016-08-31,3.831545829772949,3.892089594153438,3.81424767029576,3.853168632224599,950600
2016-09-01,3.727757453918457,3.8228975520818693,3.7061346480966746,3.805599389908587,783000
2016-09-02,3.8618180751800537,3.874791592210235,3.779651505007341,3.7839761481576253,451800
2016-09-06,4.008853435516357,4.017502311106227,3.8661430702863586,3.8661430702863586,487900
2016-09-07,4.103992938995361,4.138589264593706,3.9785811555961805,4.008853249810281,1057500
2016-09-08,4.238053798675537,4.255351960612143,4.116966665119297,4.134264827055903,1488400
2016-09-09,4.021827220916748,4.229405197841618,4.021827220916748,4.216431677389008,800000
2016-09-12,3.909388542175293,4.0131775199732225,3.909388542175293,3.965607674921022,1304100
2016-09-13,3.7580299377441406,3.8661435775372737,3.71910937385209,3.8315472457971356,1207800
2016-09-14,3.723433017730713,3.79695031416855,3.680187816098347,3.7493804686467254,1148900
2016-09-15,3.7147841453552246,3.7666786348081756,3.6628896559022737,3.7364069523991392,1191400
2016-09-16,3.5980207920074463,3.649915275074397,3.585047274345881,3.649915275074397,1213000
2016-09-19,3.5980207920074463,3.6628892051566524,3.598020792007446,3.6455910441343353,555800
2016-09-20,3.5547754764556885,3.606669957782403,3.5115298691397547,3.589371797340165,1270300
2016-09-21,3.6845130920410156,3.6931619688828485,3.5893729722559833,3.606671138360461,1412500
2016-09-22,3.723433017730713,3.827222408974021,3.719108786261995,3.7364069493990897,510200
2016-09-23,3.5590999126434326,3.706134491098038,3.546126394668232,3.697485616588138,567000
2016-09-26,3.5504510402679443,3.619643686071543,3.546126396800044,3.572073845186744,653500
2016-09-27,3.4855833053588867,3.528828506093715,3.4077413666471705,3.5158549871153397,852200
2016-09-28,3.6758623123168945,3.6801869551946926,3.4380123155063784,3.498556078533618,1289300
2016-09-29,3.7407312393188477,3.8012750174550796,3.6845125175603965,3.688836749096683,1523000
2016-09-30,3.788301706314087,3.82289803503123,3.753705377596944,3.779652417924416,1231900
2016-10-03,3.7580299377441406,3.7623545823168594,3.5072063264177373,3.6455920657990952,1644100
2016-10-04,3.723433017730713,3.7839767949209144,3.688836691456524,3.7839767949209144,963400
2016-10-05,3.8747920989990234,3.879116742714933,3.7320821557398105,3.77965199935264,1389500
2016-10-06,3.93966007232666,3.9612828783058545,3.8747920668097984,3.8791167104897815,936700
2016-10-07,3.887765645980835,3.982905746318661,3.887765645980835,3.948309421181402,622200
2016-10-10,4.021827220916748,4.043450029951617,3.9526345619417915,3.9526345619417915,511000
2016-10-11,3.935336112976074,4.008853410932517,3.9137133055028706,4.004528766953726,626100
2016-10-12,3.9050636291503906,3.9353357215703344,3.853169143828541,3.9180375597963844,580500
2016-10-13,3.926687240600586,3.939660761489265,3.84452105841123,3.8704681001885874,859600
2016-10-14,3.909388542175293,3.9742565501938145,3.8834410915154423,3.9483095119547005,719500
2016-10-17,3.818573236465454,3.913713342801816,3.78830155316692,3.9007398231625516,768100
2016-10-18,3.9958794116973877,3.9958794116973877,3.874792269275851,3.874792269275851,1075500
2016-10-19,4.052099227905273,4.116967660161322,4.021827540304938,4.034801061787823,1169200
2016-10-20,3.9699320793151855,4.030475439835175,3.9656074357292685,4.013177277912219,701600
2016-10-21,3.9699320793151855,3.9829055976522243,3.926686468297439,3.935335755469273,570900
2016-10-24,3.956958532333374,4.013177667140718,3.913713329542091,3.956958532333374,1006500
2016-10-25,3.935336112976074,3.987230603459313,3.922362181039702,3.9439849885129057,578800
2016-10-26,3.8964147567749023,3.931011080343234,3.8272221096382393,3.8791165949907365,1326500
2016-10-27,3.913712739944458,3.9353355442930176,3.8747917746011886,3.9266862575853176,751800
2016-10-28,3.8228981494903564,3.9353364273979037,3.809924628938188,3.9137136181971015,808800
2016-10-31,3.7580299377441406,3.8142490799270665,3.7450564164467903,3.7926266819050847,684500
2016-11-01,3.766678810119629,3.8401961100381894,3.732082482207455,3.7969504939375915,1132100
2016-11-02,3.6888368129730225,3.7537052361895578,3.684512581361857,3.7191089087757074,2880700
2016-11-03,3.658564567565918,3.749380016181482,3.658564567565918,3.7061344073471405,713900
2016-11-04,3.6672136783599854,3.693161127817945,3.6153191918647836,3.632617354029851,937200
2016-11-07,3.775327682495117,3.7839769706757695,3.6845126311228285,3.7191089590039175,539500
2016-11-08,3.8055996894836426,3.840196016553614,3.7364070353436993,3.749380554889751,488800
2016-11-09,3.7839772701263428,3.8056000798683662,3.697486443579042,3.697486443579042,497300
2016-11-10,3.533153533935547,3.766678963033406,3.52882888966577,3.766678963033406,1072200
2016-11-11,3.416390895843506,3.4942326385480498,3.30827726120422,3.4769344735025958,1576000
2016-11-14,3.455310583114624,3.472608742748439,3.4077407472267973,3.4077407472267973,737800
2016-11-15,3.6023459434509277,3.6239687508837246,3.5072058381990714,3.5115304821697806,1465300
2016-11-16,3.520179510116577,3.602345677387649,3.511530222813981,3.5720739966699995,1103700
2016-11-17,3.524503469467163,3.6282928469884195,3.5072053086170683,3.610994686138324,1113200
2016-11-18,3.4855833053588867,3.5634248316498702,3.4639604987811063,3.550451312671495,781300
2016-11-21,3.6282927989959717,3.632617029835783,3.5720736738716177,3.5720736738716177,954600
2016-11-22,3.5980207920074463,3.649915275074397,3.5504509523012473,3.6455910441343353,892100
2016-11-23,3.5634241104125977,3.5893715555383157,3.533152434783134,3.559099467488203,705900
2016-11-25,3.520179510116577,3.5720739966699995,3.511530222813981,3.528828384998455,292300
2016-11-28,3.5288288593292236,3.5807233528580915,3.5158553390522,3.5374781477944217,823500
2016-11-29,3.3947675228118896,3.4812585398897986,3.3904430853736915,3.4509866529809767,756900
2016-11-30,3.701810359954834,3.732082040187482,3.5634246522754895,3.5677492958574994,2432600
2016-12-01,3.7147841453552246,3.8747922576070084,3.7061348575693622,3.7926260857450216,1501400
2016-12-02,3.710458993911743,3.7839762803522414,3.7061343506103763,3.7191082805144773,917200
2016-12-05,3.719109296798706,3.8099247688402333,3.719109296798706,3.753705627822069,1248600
2016-12-06,3.766678810119629,3.8055997821260155,3.684512634433405,3.684512634433405,1218600
2016-12-07,3.771003246307373,3.8228977353145392,3.745055795593421,3.814248447602976,988300
2016-12-08,3.723433017730713,3.792626082699832,3.684512459987806,3.792626082699832,1283700
2016-12-09,3.7796518802642822,3.8099239729011174,3.6801875524566117,3.6801875524566117,539300
2016-12-12,3.879117250442505,3.9396606207067024,3.8574944414535297,3.89641541514953,2262200
2016-12-13,3.935336112976074,3.956958508028528,3.887765854050876,3.922362181039702,715700
2016-12-14,3.883441686630249,3.952634761519707,3.8791174545415577,3.9007402646682134,1712100
2016-12-15,3.887765645980835,3.8920902897281744,3.7234328953684916,3.840195802022286,876800
2016-12-16,3.9310109615325928,3.961282640634776,3.8877653521688766,3.918037443691756,632300
2016-12-19,3.9742565155029297,3.98290580312096,3.922362027056947,3.935335958483993,712600
2016-12-20,4.000203609466553,4.043449218861497,3.9829054481927146,3.9915543226192853,689300
2016-12-21,3.978581428527832,4.034800564586971,3.9656079086436495,4.013177756499493,417900
2016-12-22,3.9050636291503906,3.978580919794855,3.9050636291503906,3.961282758020905,458400
2016-12-23,3.848844289779663,3.896414541371854,3.8272218980603245,3.8920898980597123,724600
2016-12-27,3.9483091831207275,3.9569580576732006,3.8791165370181346,3.8791165370181346,385500
2016-12-28,3.935336112976074,3.9785813155017316,3.896415142008457,3.952634276470487,279100
2016-12-29,3.926687240600586,3.9656082156874155,3.9180383641483982,3.939660761489265,362200
2016-12-30,3.913712739944458,3.956957936220887,3.905063453236758,3.922361614231468,262400
2017-01-03,4.013177394866943,4.034800201005963,3.956958263873782,3.9612829075857308,1020900
2017-01-04,4.065072059631348,4.069396703532113,3.9872305315212886,4.026151501786689,549000
2017-01-05,4.134264945983887,4.168861270852311,4.082370046260527,4.082370046260527,1154800
2017-01-06,4.103992938995361,4.181834877802002,4.08669477619619,4.134265033209462,794200
2017-01-09,4.021827220916748,4.060748194695356,3.99587976759075,4.047774261821967,639900
2017-01-10,4.052099227905273,4.065072749388158,4.026152184939503,4.039125706422388,473800
2017-01-11,4.1083173751831055,4.121290893521674,4.047773602235266,4.078045694919542,738800
2017-01-12,4.12561559677124,4.199132889120827,4.121290953122272,4.138589115297426,1265000
2017-01-13,4.086694717407227,4.121291042507886,4.060747679792095,4.07372119859966,759900
2017-01-17,4.134264945983887,4.160211983424842,4.099668208694739,4.108317496122207,1169300
2017-01-18,4.073721408843994,4.125615899173254,4.0607478893668665,4.0780460528099525,949800
2017-01-19,4.060747146606445,4.125615144547681,4.0564225034315164,4.0823695376397415,1232000
2017-01-20,4.1083173751831055,4.1429136990330955,4.095343856844537,4.116966662355959,1068400
2017-01-23,4.134264945983887,4.134264945983887,4.073721171253783,4.073721171253783,934100
2017-01-24,4.116966724395752,4.160211923649559,4.112642080744156,4.142913761463892,923700
2017-01-25,4.091019630432129,4.125615957810014,4.0693968227157615,4.099668506066223,1758200
2017-01-26,4.086694717407227,4.108317523700321,4.069396554856896,4.099668236214792,549800
2017-01-27,4.082370281219482,4.099668444649282,4.039125078855356,4.039125078855356,1069500
2017-01-30,4.026151657104492,4.0737215045857935,4.013177724901698,4.047774052600965,1726600
2017-01-31,4.065072059631348,4.0866948667144305,4.034800377167477,4.052098540349795,904200
2017-02-01,4.142913341522217,4.155886858741241,4.069396056579952,4.099667734231233,1082900
2017-02-02,4.160212516784668,4.181835325704765,4.125616187480824,4.173186037168415,855600
2017-02-03,4.181835174560547,4.216431502613975,4.168861654645702,4.1731858863368085,849900
2017-02-06,4.121291160583496,4.194808456633862,4.108317641404237,4.1645367744086785,1659000
2017-02-07,4.086694717407227,4.112642167443085,4.05642303604933,4.086694717407227,1672700
2017-02-08,4.073721408843994,4.073721408843994,4.017502274548776,4.056423245400907,779900
2017-02-09,4.0780463218688965,4.125616171370733,4.0780463218688965,4.121291527119445,851900
2017-02-10,4.160212516784668,4.164537161052842,4.0996687342925515,4.134265476017173,967700
2017-02-13,4.134264945983887,4.138589177276897,4.078045814967517,4.125615658556419,582700
2017-02-14,4.112642288208008,4.147238614324565,4.095344125149729,4.138589326585056,902600
2017-02-15,4.095343112945557,4.1039919861266725,4.047772866977188,4.09101847014468,1464300
2017-02-16,4.060747146606445,4.134264430897538,4.060747146606445,4.10831698426864,959000
2017-02-17,4.013177394866943,4.039124844717912,3.991554588727924,4.0304755572940145,1200000
2017-02-21,4.008853435516357,4.039125118712031,3.978581339899933,4.030475830701409,1237400
2017-02-22,3.8964147567749023,3.969932047462784,3.8964147567749023,3.969932047462784,1098600
2017-02-23,4.017502784729004,4.017502784729004,3.939660833139638,3.961283643294551,2403400
2017-02-24,3.926687240600586,3.982906381012585,3.909389075275417,3.982906381012585,1280500
2017-02-27,3.965607166290283,3.9742560404537666,3.9180373273394147,3.9353354880870652,739100
2017-02-28,3.9007391929626465,3.94830903223511,3.887765262998685,3.926686228049195,656400
2017-03-01,3.8531696796417236,3.9093888163299457,3.822897995432976,3.9007399404506318,1324700
2017-03-02,3.788301706314087,3.835871555194966,3.7580296093710093,3.8012752264778227,643900
2017-03-03,3.831545829772949,3.86181791817352,3.7796513513413816,3.7969495108185707,502300
2017-03-06,3.8012752532958984,3.8834414314736048,3.7753278003645967,3.874792555443686,1095200
2017-03-07,3.848844289779663,3.8704670939196877,3.801274450608158,3.801274450608158,808400
2017-03-08,3.723433017730713,3.835871284332198,3.719108786261995,3.8185731211951035,1546300
2017-03-09,3.753704786300659,3.758029017393557,3.649915404077715,3.71045917600604,976000
2017-03-10,3.8228981494903564,3.8228981494903564,3.7666790105365826,3.7883018197373852,1174400
2017-03-13,3.7969508171081543,3.8358717924272288,3.7883019406043577,3.8228982714611357,627000
2017-03-14,3.719109296798706,3.762354504367511,3.6801883212922233,3.7580298598843913,978100
2017-03-15,3.879117250442505,3.8834414823036774,3.7407315203655287,3.7710036179184057,906200
2017-03-16,3.8747920989990234,3.90506378016894,3.844520417829107,3.900739548873755,1147700
2017-03-17,3.8618180751800537,3.9223614296013465,3.8618180751800537,3.8920897523907003,901300
2017-03-20,3.913712739944458,3.9266862575853176,3.8272219349709093,3.831546165904069,562100
2017-03-21,3.9050636291503906,3.9439845962469553,3.87911659269982,3.9266864344730052,807900
2017-03-22,3.870467185974121,3.896414634043417,3.853169024734823,3.8920899906284183,1329100
2017-03-23,3.883441686630249,3.92668730688356,3.857494644414902,3.857494644414902,721400
2017-03-24,3.913712739944458,3.9396597752261777,3.8877652922420483,3.8877652922420483,532000
2017-03-27,3.866142749786377,3.909388361412958,3.848844587619888,3.8704673934331786,470600
2017-03-28,3.935336112976074,3.9439849885129057,3.857494171040841,3.887765854050876,988200
2017-03-29,4.034800052642822,4.03912469619575,3.9439846001348835,3.9439846001348835,972200
2017-03-30,4.008853435516357,4.056423282312522,4.004528791511047,4.056423282312522,625400
2017-03-31,4.03047513961792,4.060747230043756,3.9958788183489777,3.9958788183489777,588900
2017-04-03,4.056423187255859,4.065072062643055,4.004528697670459,4.021826860865593,662400
2017-04-04,4.099668025970459,4.099668025970459,4.030475379317562,4.056422828022751,730800
2017-04-05,4.073721408843994,4.164536870025386,4.065072120912077,4.129940543139212,1282200
2017-04-06,4.095343112945557,4.147237589294165,4.082369184542927,4.1083166289275495,1119100
2017-04-07,4.134264945983887,4.164536627138577,4.099668208694739,4.099668208694739,1178200
2017-04-10,4.203456878662109,4.207781109217458,4.147237757236038,4.160211273743392,757000
2017-04-11,4.203456878662109,4.220755038145466,4.173184790250746,4.212105752193461,1087800
2017-04-12,4.155887126922607,4.216430898552767,4.138588965374091,4.207781611568158,1086300
2017-04-13,4.013177394866943,4.181834787846427,4.0088531635757185,4.181834787846427,1396900
2017-04-17,4.164535999298096,4.173184873000945,4.056422397278168,4.056422397278168,970600
2017-04-18,4.160212516784668,4.190484201820338,4.129940831748998,4.138589707864571,876900
2017-04-19,4.103992938995361,4.190483752991222,4.091019420001166,4.1515631960086345,2229200
2017-04-20,4.151562690734863,4.164536208150093,4.0996677962325805,4.1039924395112175,2074700
2017-04-21,4.069396495819092,4.168861238356025,4.069396495819092,4.151563076056653,1641700
2017-04-24,4.129940032958984,4.1818345168776085,4.095343710346568,4.095343710346568,785000
2017-04-25,4.143576622009277,4.147975423949183,4.0863934552690235,4.139177820069372,1063200
2017-04-26,4.103988170623779,4.152373732624596,4.090792184531344,4.108386972485536,999800
2017-04-27,3.9852232933044434,4.064399626103518,3.9676285060721135,4.055602442233762,2106500
2017-04-28,4.020413875579834,4.03800866722271,3.980825489510133,4.011616270011935,957600
2017-05-01,3.994020462036133,4.0292100363674175,3.9676284910340773,4.0028180653653616,472700
2017-05-02,3.972026824951172,4.033608789029191,3.972026824951172,3.998419215125412,2101900
2017-05-03,4.051203727722168,4.064399713557149,3.967628591443521,3.994020563113483,1058100
2017-05-04,3.9456348419189453,4.007216386311389,3.932438437126728,4.007216386311389,1105800
2017-05-05,4.077596187591553,4.081994569948774,3.936837464839641,3.9500334508969717,1338800
2017-05-08,4.099588871002197,4.117183656820083,4.060000498038761,4.099588871002197,2104400
2017-05-09,4.073197364807129,4.112785742268487,4.060000959324789,4.112785742268487,879500
2017-05-10,4.130379676818848,4.156771643345731,4.095190108454506,4.12158207498139,1095700
2017-05-11,4.090792179107666,4.147975344756181,4.090792179107666,4.134778939188408,2222500
2017-05-12,4.3547139167785645,4.376707506154785,4.174367238980646,4.191962026583057,2599300
2017-05-15,4.504269123077393,4.548256295012736,4.3987004138238825,4.41189639760738,2004200
2017-05-16,4.447085857391357,4.557053365017687,4.420693890476979,4.521863796136682,1305000
2017-05-17,4.288733005523682,4.438288890271044,4.288733005523682,4.433890089074293,1588000
2017-05-18,4.231550693511963,4.271139073203232,4.117184356513378,4.191962313820695,1631700
2017-05-19,4.372308731079102,4.385505136481109,4.275537608421351,4.275537608421351,770300
2017-05-22,4.31952428817749,4.381106253771089,4.2843347134076675,4.367910268105612,946300
2017-05-23,4.2975311279296875,4.3415178867413955,4.279935921013617,4.3415178867413955,593100
2017-05-24,4.266739845275879,4.319524206431683,4.257942661496318,4.279935830691627,626600
2017-05-25,4.178765773773193,4.301929279121156,4.169968170787653,4.253543721179085,981500
2017-05-26,4.218353748321533,4.2227525493972955,4.1611705928149,4.200758963511243,733100
2017-05-30,4.117184162139893,4.1787661298071015,4.112785779765177,4.17436732793955,613200
2017-05-31,4.0160136222839355,4.0643991769526195,3.914843292258614,4.033608407571891,2542700
2017-06-01,4.051203727722168,4.112785694106789,4.016014152500335,4.042406124170297,1061900
2017-06-02,4.024810314178467,4.055601499295625,4.002817149871137,4.046803897978517,1447200
2017-06-05,4.183164596557617,4.183164596557617,4.042405884522135,4.06000067108997,1614400
2017-06-06,4.253543853759766,4.253543853759766,4.174367102393207,4.187563507282841,1151300
2017-06-07,4.143576622009277,4.257942955489784,4.125981833742495,4.2183545770163136,1480500
2017-06-08,4.051203727722168,4.121582878165834,4.038007741887188,4.095190906495873,2185800
2017-06-09,4.117184162139893,4.152373738094631,4.0380078259881484,4.051203812097967,1285000
2017-06-12,4.073197364807129,4.187563695363756,4.064399761152235,4.15677250206446,877900
2017-06-13,4.108386993408203,4.121582979567841,4.046805025508501,4.073197417320612,696000
2017-06-14,4.0028181076049805,4.103988030001812,4.0028181076049805,4.103988030001812,1382500
2017-06-15,4.020413875579834,4.024812258870861,3.958831895083308,3.9632306978672576,775200
2017-06-16,4.0160136222839355,4.060000375757438,4.0028176381911615,4.055601994055028,683800
2017-06-19,3.972026824951172,4.046804774369906,3.9544320379992826,4.020412803688476,433000
2017-06-20,3.835667610168457,3.919242749400665,3.809275218072957,3.910445565030726,1334800
2017-06-21,3.826869487762451,3.8796538453082965,3.787281114729871,3.8356670904331507,1707300
2017-06-22,3.892850399017334,3.9280399720678103,3.8488632229578386,3.8664580094830767,682700
2017-06-23,3.8972482681274414,3.9544314216820142,3.8664575006337274,3.8664575006337274,519300
2017-06-26,3.8972482681274414,3.9500326207564136,3.8840522848433845,3.9148430523370985,227500
2017-06-27,3.892850399017334,3.954431942109267,3.8884515975128244,3.919242369058791,605200
2017-06-28,3.9060473442077637,3.936838123322602,3.8884525533574408,3.8928513559432476,997600
2017-06-29,3.9236416816711426,3.963230061383055,3.8840533019592303,3.8840533019592303,986000
2017-06-30,3.9984183311462402,4.016013114208236,3.936836380682895,3.980823548084244,769100
2017-07-03,4.103988170623779,4.125981760439727,3.9808246549444424,3.998419442898633,601800
2017-07-05,3.8884520530700684,4.060001136916021,3.8884520530700684,4.060001136916021,918600
2017-07-06,3.914844036102295,3.980824808088445,3.9016480495022052,3.9236416401642553,650300
2017-07-07,3.8620595932006836,3.914843958041388,3.818072832246518,3.9016479717044223,640600
2017-07-10,3.892850399017334,3.919242369058791,3.8576608259668577,3.8664580094830767,668900
2017-07-11,3.9368367195129395,3.9588303051065266,3.866457581207664,3.9016471503603016,920500
2017-07-12,4.0160136222839355,4.046804391664665,3.9852228529032065,4.011614821088754,1484700
2017-07-13,4.024810314178467,4.068797481778566,4.016013132354079,4.016013132354079,1356200
2017-07-14,4.077596187591553,4.095190975498937,4.02921020622662,4.051203795984059,839300
2017-07-17,4.01161527633667,4.0863932271696575,4.01161527633667,4.0863932271696575,416500
2017-07-18,4.046804904937744,4.068798494210419,4.0292101174181685,4.051203706690844,497800
2017-07-19,4.095191478729248,4.112786268798737,4.046805491418489,4.055603096199676,928600
2017-07-20,4.121583461761475,4.161171844364761,4.09958986926044,4.1083874740580075,586100
2017-07-21,3.994020462036133,4.117183972195629,3.9896216603715184,4.099589185029987,805900
2017-07-24,3.9852232933044434,4.024811249957572,3.9676285060721135,4.020412867769102,575400
2017-07-25,4.068798065185547,4.077595667764104,4.0292096925675995,4.042405676942655,997600
2017-07-26,4.042405605316162,4.095190380866663,4.042405605316162,4.081993977232652,932600
2017-07-27,4.08199405670166,4.112785246287697,4.042405684014456,4.042405684014456,715600
2017-07-28,4.1127848625183105,4.143575629738439,4.081993675805441,4.081993675805441,475500
2017-07-31,4.108386993408203,4.125981781451999,4.0643998135522965,4.099589389639887,617800
2017-08-01,4.046804904937744,4.10838687100267,4.046804904937744,4.086393281729995,738600
2017-08-02,4.08199405670166,4.099588842396774,4.03360850091329,4.038007302210263,598000
2017-08-03,4.1127848625183105,4.152372812018729,4.0907912775784725,4.108386061631795,911300
2017-08-04,4.077596187591553,4.117184145763543,4.068798583891444,4.108386961556268,597200
2017-08-07,4.024810314178467,4.064398681120013,3.998418349212583,4.059999880461459,345800
2017-08-08,4.0028181076049805,4.055602469658913,3.9896217024718825,4.007216489823193,693300
2017-08-09,4.086393356323242,4.086393356323242,4.016014204960236,4.046804978808343,812400
2017-08-10,4.01161527633667,4.121582801738968,4.01161527633667,4.103988014454313,1290800
2017-08-11,4.020413875579834,4.060001842156612,3.958831895083308,3.980825489510133,818700
2017-08-14,4.024810314178467,4.051202698637071,4.016013132354079,4.029209114837021,734100
2017-08-15,4.020413875579834,4.024812258870861,3.9676295006512072,4.002819083936958,495000
2017-08-16,3.994020462036133,4.064399610698702,3.994020462036133,4.007216447537161,1077700
2017-08-17,3.9984183311462402,4.055601480970907,3.989620729868883,3.9940195305075616,476600
2017-08-18,4.042405605316162,4.051203207738837,3.9808240663285313,4.011614835822347,453600
2017-08-21,3.972026824951172,4.06000075971062,3.9588308396104575,4.024811185806841,328100
2017-08-22,4.033608436584473,4.038007237811294,3.9984188657554536,4.002817666982274,455400
2017-08-23,4.046804904937744,4.06439969245732,4.002818145885218,4.020412933404793,495000
2017-08-24,4.046804904937744,4.06439969245732,4.020412933404793,4.033608919171269,433700
2017-08-25,4.064399719238281,4.1127856998555545,4.024811342185177,4.051203733384855,2121800
2017-08-28,3.9984183311462402,4.0731962640329025,3.9940195305075616,4.051202680332228,857900
2017-08-29,4.033608436584473,4.042405619545341,3.967628096153255,3.967628096153255,747900
2017-08-30,3.9984183311462402,4.03800669790891,3.9984183311462402,4.011614313569558,651000
2017-08-31,4.051203727722168,4.060000911781213,4.0116153507244,4.033608940111251,1124100
2017-09-01,4.08199405670166,4.0951904605925815,4.024810898319342,4.051203286608404,606800
2017-09-05,4.103988170623779,4.147975350255674,4.081994580807832,4.121582958577971,662100
2017-09-06,4.147975444793701,4.16117143118689,4.117184250552468,4.121583052514479,659500
2017-09-07,4.152373313903809,4.16117091674018,4.1347785277238565,4.143576130560229,393500
2017-09-08,4.086393356323242,4.156772507686248,4.073197370315886,4.1435765216788925,899800
2017-09-11,4.060001373291016,4.103988557064846,4.051204188231974,4.103988557064846,1425100
2017-09-12,4.064399719238281,4.086393308655875,4.051203733384855,4.060000917456197,462400
2017-09-13,4.1127848625183105,4.125980845685117,4.077595294411666,4.0907912775784725,608900
2017-09-14,4.13477897644043,4.161171368320923,4.1259817921421575,4.130380594037713,1176700
2017-09-15,4.156772613525391,4.169968599868741,4.117184235002498,4.117184235002498,606100
2017-09-18,4.143576622009277,4.1875638024226545,4.117184229862683,4.147975423949183,675400
2017-09-19,4.156772613525391,4.178766203759536,4.121583036947896,4.143576627182041,540800
2017-09-20,4.178765773773193,4.200759361744244,4.156772185802143,4.174366972280423,342800
2017-09-21,4.1699676513671875,4.183164054201724,4.152372867080553,4.1567716680253985,567800
2017-09-22,4.200758934020996,4.213954917662885,4.161170563602572,4.161170563602572,408500
2017-09-25,4.1963605880737305,4.227151359741667,4.169968198434926,4.227151359741667,753000
2017-09-26,4.218353748321533,4.231549732056061,4.183164178700952,4.183164178700952,1216800
2017-09-27,4.191962718963623,4.218355114472847,4.165570742947294,4.20955750947214,766300
2017-09-28,4.187562942504883,4.244745678009796,4.178765340431662,4.205157727158569,807200
2017-09-29,4.1743669509887695,4.196360538847641,4.156772164600233,4.183164553929437,922400
2017-10-02,4.183164596557617,4.183164596557617,4.117183832308634,4.125981435338953,520800
2017-10-03,4.200758934020996,4.205157735065878,4.161170563602572,4.191961331931232,780400
2017-10-04,4.1963605880737305,4.227151359741667,4.1743669999568604,4.213955374668666,535400
2017-10-05,4.218353748321533,4.235948533131824,4.183164178700952,4.213954947245771,553600
2017-10-06,4.178765773773193,4.196360560251474,4.147975002309402,4.161170987294913,712200
2017-10-09,4.152373313903809,4.2007592905182705,4.139177329142043,4.2007592905182705,437500
2017-10-10,4.178765773773193,4.2095565452369845,4.178765773773193,4.200759361744244,658700
2017-10-11,4.191962718963623,4.20955750947214,4.1699691259547516,4.183165533455812,464100
2017-10-12,4.200758934020996,4.227150901304775,4.174366547244461,4.174366547244461,910000
2017-10-13,4.271138668060303,4.284334653541389,4.244746277605315,4.244746277605315,572400
2017-10-16,4.323923110961914,4.350315501914268,4.2799359325389315,4.301929521750423,556500
2017-10-17,4.385505199432373,4.385505199432373,4.293132457756509,4.332720835545142,1484600
2017-10-18,4.416296005249023,4.43389079333795,4.350315654788757,4.38110642907117,1196800
2017-10-19,4.403099536895752,4.411896720230464,4.37230834649228,4.376707147906032,907800
2017-10-20,4.372308731079102,4.389903518788949,4.359112745169923,4.385505136481109,959800
2017-10-23,4.328321933746338,4.381106296414851,4.31952433022184,4.381106296414851,1383900
2017-10-24,4.359112739562988,4.363511541357999,4.31512598009136,4.359112739562988,1116000
2017-10-25,4.385505199432373,4.460283153145826,4.3503156235075515,4.4382895633196044,1099900
2017-10-26,4.583446025848389,4.58784482709507,4.381105782921564,4.416295353909466,2458000
2017-10-27,4.746198654174805,4.759394640528545,4.58344675750253,4.601041545805132,2471100
2017-10-30,4.834173202514648,4.90455236455965,4.776990028479861,4.812179609502361,1896300
2017-10-31,4.878159523010254,4.8957543103996715,4.842969948231419,4.842969948231419,1376500
2017-11-01,5.010120868682861,5.02771565688178,4.908950521919451,4.939741296394348,2920000
2017-11-02,4.957335948944092,5.08489825397453,4.930943559854818,5.014518689567398,1652300
2017-11-03,4.935342311859131,4.974930685350179,4.820975992772279,4.957335899297801,1796200
2017-11-06,5.216858863830566,5.225656466561215,4.952937074302901,4.966133058906088,1310900
2017-11-07,5.274042129516602,5.278440930970682,5.142081022343776,5.2388525568695545,2041400
2017-11-08,5.106890678405762,5.410401221013506,5.102492297108763,5.304832519016348,1395100
2017-11-09,5.2916364669799805,5.331224837723046,5.062904264176254,5.0717014468454025,2154300
2017-11-10,5.296036243438721,5.326827017690655,5.2520490635135255,5.291637441547634,1573900
2017-11-13,5.216858863830566,5.2960356104352595,5.124486132622687,5.278440824466749,1477100
2017-11-14,5.146480083465576,5.221258033986702,5.142081281789553,5.186068459564151,1597400
2017-11-15,5.102492809295654,5.124485976466515,5.032113248073468,5.049708033505821,1215600
2017-11-16,5.115689277648926,5.155277653491583,5.093695688903804,5.09809449055139,1072200
2017-11-17,5.124485492706299,5.168472661881104,5.106890708934924,5.1464790772937015,721300
2017-11-20,5.058505535125732,5.133283476595707,4.957335625779745,5.133283476595707,2038300
2017-11-21,5.084897994995117,5.137682350992507,5.067303209662654,5.10249278032758,1253200
2017-11-22,5.23005485534668,5.243250838908883,5.111289744808584,5.115688545826903,1334800
2017-11-24,5.168474197387695,5.269644129256584,5.159676593141952,5.252049340257957,790600
2017-11-27,5.2256574630737305,5.25204943731295,5.058506754751494,5.120088727131118,1834200
2017-11-28,5.080500602722168,5.203664134205337,5.071702997869783,5.133284973357812,1980900
2017-11-29,5.164073944091797,5.199263512200316,5.067302841539738,5.067302841539738,1375800
2017-11-30,5.102492809295654,5.190466736457419,5.098094008064373,5.168473149793784,1117300
2017-12-01,5.181670188903809,5.212461384298624,5.13768342611428,5.13768342611428,484800
2017-12-04,5.2344536781311035,5.265244868362249,5.14647974781238,5.159675732486991,1033600
2017-12-05,5.216858863830566,5.247650053895051,5.190466894624193,5.243251252529727,838200
2017-12-06,5.164073944091797,5.243250682082337,5.124485575096527,5.243250682082337,1427100
2017-12-07,5.23005485534668,5.23005485534668,5.133283330407426,5.164074098550153,452300
2017-12-08,5.34882116317749,5.384010742975272,5.225657633885252,5.265246016030978,781700
2017-12-11,5.46758508682251,5.489578254657825,5.300434410418836,5.353218768310608,1246300
2017-12-12,5.551161289215088,5.59074967016595,5.331226212370626,5.423598961425014,1385300
2017-12-13,5.647933006286621,5.66552779617098,5.524769477096109,5.524769477096109,1042000
2017-12-14,5.678722381591797,5.731506738212019,5.551160081553066,5.586349652633214,923400
2017-12-15,5.678722381591797,5.731506738212019,5.65672879479351,5.6963171671318715,1390000
2017-12-18,5.762298107147217,5.8106836640174855,5.71831093217949,5.71831093217949,1401700
2017-12-19,5.8106842041015625,5.845873779549384,5.744703855010104,5.75789984092983,923800
2017-12-20,5.925050735473633,5.9338479198882315,5.8018867977265085,5.84587397827803,660300
2017-12-21,5.98223352432251,5.995429509856857,5.832677623290524,5.859069594359218,594500
2017-12-22,6.083402633666992,6.109795020704659,5.969036322325037,6.004225892046753,708600
2017-12-26,6.250554084777832,6.254952886418808,6.026220235001806,6.083403397856056,912800
2017-12-27,6.250554084777832,6.285743658920015,6.2241616944247875,6.241756481495879,466200
2017-12-28,6.338528156280518,6.338528156280518,6.241756615564522,6.272547808219915,822400
2017-12-29,6.435299396514893,6.4660901682397585,6.347325463377557,6.373717433572357,920200
2018-01-02,6.769601821899414,6.778399006844191,6.461692378467733,6.540869140435064,1244500
2018-01-03,7.0995025634765625,7.103901364794206,6.787195220793978,6.787195220793978,2069400
2018-01-04,7.442601203918457,7.460195569467161,7.099502266370661,7.099502266370661,3179400
2018-01-05,7.543773174285889,7.583361556319471,7.2754529437075375,7.468995212554207,2150500
2018-01-08,7.420608043670654,7.517379151736263,7.2006730207152,7.517379151736263,1728300
2018-01-09,7.671335220336914,7.706524796802354,7.420609383147449,7.429406148024547,1627800
2018-01-10,7.754908084869385,7.935255564969121,7.675732186002661,7.675732186002661,2571400
2018-01-11,7.565765380859375,7.803294777403349,7.517379405699161,7.7021248647825,2672300
2018-01-12,7.420608043670654,7.583359490825793,7.253456956392612,7.583359490825793,2150600
2018-01-16,7.420608043670654,7.486588382760185,7.2006730207152,7.385418473557203,2032600
2018-01-17,7.640544414520264,7.706524765249609,7.451400127173308,7.47339329775453,1520100
2018-01-18,7.675734996795654,7.728518948702533,7.5393746365670085,7.592159427459676,755500
2018-01-19,7.627346992492676,7.66253656412529,7.539372643918359,7.631745793819949,1100400
2018-01-22,8.014432907104492,8.027629312118144,7.618549985536888,7.618549985536888,2201300
2018-01-23,8.335537910461426,8.34873347521231,7.970445796942231,8.010033330180434,3746800
2018-01-24,8.8193941116333,8.920564860128257,8.335537730854133,8.335537730854133,3625900
2018-01-25,8.63904857635498,9.039330303981325,8.498290277275691,8.88977440146317,3086600
2018-01-26,8.669838905334473,8.72262368427838,8.537878216453102,8.66104214133182,1186400
2018-01-29,8.59946060180664,8.608258205656709,8.463101098073308,8.511487080263,1428000
2018-01-30,8.353132247924805,8.586263679225512,8.273955503747752,8.46309976172948,1881700
2018-01-31,8.300348281860352,8.46749853310038,8.251962307481547,8.379524186772652,2046200
2018-02-01,8.700631141662598,8.709427906298034,8.300349405744987,8.300349405744987,2073600
2018-02-02,8.185980796813965,8.577464820129139,8.185980796813965,8.5598696177851,1871300
2018-02-05,7.640544414520264,8.014433348315116,7.574563224805239,7.807694692300318,3250900
2018-02-06,7.807694911956787,7.9088648418537435,6.993934992772601,7.433805128657491,2557900
2018-02-07,7.460196495056152,7.856080256338547,7.442602127324509,7.807694276851669,2170700
2018-02-08,7.152288436889648,7.552570189325058,7.147889634897583,7.548171387332991,2013500
2018-02-09,7.381020545959473,7.433804487883835,7.020326780369543,7.231464645531065,3587700
2018-02-12,7.403014659881592,7.6317473413682535,7.394217055443089,7.49098902629515,1805200
2018-02-13,7.257856845855713,7.3634255720262445,7.147889317888202,7.3634255720262445,1119300
2018-02-14,7.644941329956055,7.6493401312667215,7.090705788581059,7.1434897263379336,2013800
2018-02-15,7.724119186401367,7.8692762945865145,7.600956087932566,7.671335241053505,1258700
2018-02-16,7.702125072479248,7.864876529521472,7.530576012627828,7.67573310303724,829900
2018-02-20,7.627346992492676,7.763706477695857,7.5701634142237,7.574562215550973,1460000
2018-02-21,7.526177883148193,7.697726958315237,7.521779081350877,7.649340977530417,1484300
2018-02-22,7.900067329406738,7.983642891110198,7.618550707650723,7.675734295810983,1297700
2018-02-23,8.106804847717285,8.137595615809694,7.983640936362139,7.996837339395532,1117000
2018-02-26,8.247563362121582,8.273955329964423,8.106805081645726,8.124399447212442,1396100
2018-02-27,8.071616172790527,8.26515924379353,8.067217371292095,8.216773266296379,1310400
2018-02-28,7.702125072479248,8.4103161578935,7.67573310303724,8.163988313149494,2145600
2018-03-01,7.583359718322754,7.697726034368785,7.403013061207815,7.684529630560782,1977100
2018-03-02,7.684530735015869,7.70652474452362,7.425007295724152,7.495387287163276,1059600
2018-03-05,7.732915878295898,7.829686992677935,7.508582039560392,7.605353992928014,952600
2018-03-06,7.741713523864746,7.864876608487771,7.732915920967218,7.829687035883251,905300
2018-03-07,7.526177883148193,7.7285177319107925,7.526177883148193,7.640544212921442,1457100
2018-03-08,7.565765380859375,7.596556150875672,7.416209493078313,7.574562144445775,852100
2018-03-09,7.724119186401367,7.759308762961837,7.600956087932566,7.614151654776689,1241800
2018-03-12,7.66693639755249,7.807694703031404,7.631746821182762,7.693328370083367,916000
2018-03-13,7.715323448181152,7.825290994439248,7.680133027952198,7.7109246456525335,1531600
2018-03-14,7.7725043296813965,7.816491505379601,7.7109227870952655,7.754909123807877,905600
2018-03-15,7.864876747131348,7.8912695562891875,7.785700836614641,7.851681181538032,923900
2018-03-16,7.9660468101501465,8.054020316053965,7.812092126086548,7.869274862974754,1584500
2018-03-19,7.935256004333496,8.040824714319806,7.798895686488842,7.9264584020882545,881100
2018-03-20,8.159589767456055,8.225570951607212,7.992439503770957,7.992439503770957,1109300
2018-03-21,8.52468204498291,8.537878449825994,8.172786305690199,8.20357707800511,1646200
2018-03-22,8.071616172790527,8.458701475810933,8.0540209667968,8.366329161300664,2149600
2018-03-23,8.383925437927246,8.454304599961317,8.09800998729061,8.133199568307646,1767600
2018-03-26,8.718225479125977,8.784205828079832,8.339936914611577,8.45870204611991,2021100
2018-03-27,8.388321876525879,8.924963884537544,8.326740336846726,8.779805959890018,1654900
2018-03-28,8.212373733520508,8.383922781755627,8.137595792677027,8.370727217420942,1388000
2018-03-29,8.502687454223633,8.64344572640554,8.207974507223208,8.260759278784164,1230800
2018-04-02,8.48949146270752,8.705028521282543,8.388321554550604,8.515884269258862,1582900
2018-04-03,8.687434196472168,8.718224968247284,8.52468189553649,8.59945984369846,1052400
2018-04-04,8.691832542419434,8.74021851780734,8.39711956675644,8.449903504465462,1156600
2018-04-05,8.656643867492676,8.806199771466542,8.647846263968178,8.757813791067454,1723800
2018-04-06,8.515886306762695,8.687435395463506,8.445507150424634,8.617056239125445,1268900
2018-04-09,8.700631141662598,8.841389443657494,8.586264811545329,8.586264811545329,1288900
2018-04-10,8.889772415161133,8.973347951185229,8.806197718122492,8.91176641884403,1305400
2018-04-11,9.668346405029297,9.69913718355076,8.916168796053674,8.916168796053674,2839300
2018-04-12,9.611162185668945,9.888279989112931,9.33844234506992,9.677142535156973,2118400
2018-04-13,9.496796607971191,9.707934078666915,9.395626674802706,9.628757317409587,1742100
2018-04-16,9.215278625488281,9.492396410159591,9.1580950445496,9.461605638416735,2254900
2018-04-17,9.567774772644043,9.67665403954452,9.204843882975787,9.232063483377033,2176100
2018-04-18,9.853584289550781,10.157539281930026,9.708411910855435,9.758315240517822,2637300
2018-04-19,10.08948802947998,10.107635006212664,9.830899668107572,9.971535276603964,2077400
2018-04-20,9.953390121459961,10.066806141049492,9.858120215051065,10.016902815535518,1511900
2018-04-23,9.930706977844238,9.935243722728016,9.690265556073284,9.903487373837182,1192300
2018-04-24,9.971537590026855,10.280029343689565,9.839975439374038,9.985147825733979,1901000
2018-04-25,9.871728897094727,9.962461179326105,9.467968207720844,9.898948495234597,1934600
2018-04-26,9.839975357055664,10.03958695398285,9.75831567408742,9.97153750660787,1207700
2018-04-27,9.921632766723633,9.939778878061244,9.762850182366059,9.862655957961591,723400
2018-04-30,10.016902923583984,10.084952363012615,9.790070881958174,9.912560392107048,943000
2018-05-01,9.849047660827637,10.039586626438597,9.658509560512318,9.980610671383232,696000
2018-05-02,9.930706977844238,10.062269983586965,9.812754206752844,9.812754206752844,637700
2018-05-03,9.853584289550781,9.980610553557026,9.762851985514006,9.889877384224619,803000
2018-05-04,10.021441459655762,10.153003617362705,9.867195574554017,9.93524502614697,1410700
2018-05-07,9.717484474182129,10.134855455778297,9.708410985055016,10.07587864174761,1249200
2018-05-08,9.780997276306152,9.826363857150927,9.327333198449525,9.740167440075412,2071400
2018-05-09,10.053196907043457,10.116709607435736,9.880804920851993,9.957927856455036,1260800
2018-05-10,10.075878143310547,10.2165146219371,9.930705785640368,10.094025120667073,1206500
2018-05-11,9.971537590026855,10.17115005391961,9.96246409955544,10.116709976386794,817200
2018-05-14,10.50685977935791,10.588519450307126,10.107635778967406,10.107635778967406,1306600
2018-05-15,10.447883605957031,10.488713440551953,10.166611508224856,10.388906793633023,1901800
2018-05-16,10.134854316711426,10.543151763291503,10.075877509309205,10.429735757836179,1377900
2018-05-17,9.9080228805542,10.275490517263114,9.90348613623736,10.162074505228652,1636700
2018-05-18,9.803681373596191,9.957927235178865,9.767388280594126,9.87626755960032,1143700
2018-05-21,9.88534164428711,10.035050770095289,9.722022283297953,9.86265791898548,880900
2018-05-22,9.871728897094727,10.030511472618919,9.844509298954854,9.894411751328715,1075500
2018-05-23,9.594995498657227,9.876267620118455,9.59045875384222,9.758314850815076,1277100
2018-05-24,9.776460647583008,9.808217860257693,9.331870053684236,9.563238839969246,1541600
2018-05-25,9.272892951965332,9.663043426691964,9.173086312259887,9.663043426691964,2668300
2018-05-29,9.526944160461426,9.703872846546888,9.277429302377035,9.41352815855117,3270100
2018-05-30,9.880803108215332,9.908022708347772,9.499725245179226,9.622213878422949,2084000
2018-05-31,9.74924087524414,9.903486730083749,9.703874294650923,9.790070711248482,2025300
2018-06-01,9.844512939453125,9.935245255237291,9.726560150167542,9.790072857746031,1724600
2018-06-04,9.794608116149902,10.166612544561314,9.694802324352766,9.908024142631216,1672000
2018-06-05,9.790069580078125,9.89441209767963,9.61767763209718,9.708409917504616,720500
2018-06-06,9.635823249816895,9.953388395725861,9.613140395950001,9.844509139633034,1590700
2018-06-07,9.771925926208496,9.880805215251753,9.626752675521818,9.7401687097705,901400
2018-06-08,9.703873634338379,9.85811947868213,9.626750712166503,9.849045990121795,986300
2018-06-11,9.653971672058105,9.749240710932217,9.585921369667409,9.7038741311036,673100
2018-06-12,9.549628257751465,9.672117763429274,9.50879842252553,9.658508395217654,844700
2018-06-13,9.522406578063965,9.58591925664663,9.372697503336722,9.526943321576349,842600
2018-06-14,9.517870903015137,9.653970627778955,9.481577816137209,9.599530564814339,1124400
2018-06-15,9.29103946685791,9.481578401045029,9.241137010131986,9.467969033435912,1513700
2018-06-18,9.322795867919922,9.526945036243339,9.277430155221834,9.28196603425524,1076700
2018-06-19,9.036988258361816,9.295576638365208,9.027914769341741,9.1730871324808,2144900
2018-06-20,8.959864616394043,9.272893040211553,8.946254383951379,9.118647200376575,3436700
2018-06-21,8.778398513793945,8.919034110561764,8.474443601234203,8.919034110561764,2008200
2018-06-22,8.982547760009766,9.177623438135582,8.950791415253562,9.073280915280773,1157100
2018-06-25,8.823765754699707,8.928108274225387,8.819229010551355,8.900888674630748,688200
2018-06-26,8.959864616394043,9.000694448426565,8.664983169166751,8.841911864444032,1099100
2018-06-27,9.114110946655273,9.21391672738557,9.018841045021135,9.018841045021135,1227900
2018-06-28,9.20484447479248,9.291040025820868,9.086891711742764,9.16401463891775,940700
2018-06-29,9.322795867919922,9.390846167558063,9.254746433577285,9.327332612248831,1006700
2018-07-02,9.109575271606445,9.241138278522211,8.978013129986298,9.241138278522211,1011000
2018-07-03,9.200307846069336,9.436212509843758,9.141331031154058,9.277430774215462,1024200
2018-07-05,9.09142780303955,9.336405935389127,9.077817570294107,9.300112846696765,1154200
2018-07-06,9.295576095581055,9.309186328316445,9.046061219167328,9.06874407509749,1438500
2018-07-09,9.46796703338623,9.486113141463631,9.30464773421304,9.390844127142815,1027600
2018-07-10,9.54509162902832,9.622213683626358,9.495188308716207,9.504261797008494,633500
2018-07-11,9.26382064819336,9.54509276155909,9.204844697886898,9.386310158786285,1242600
2018-07-12,9.327333450317383,9.35908979817758,9.21391742779063,9.313724081403345,609600
2018-07-13,9.399918556213379,9.458895365721107,9.277429923573258,9.313723012002828,670500
2018-07-16,9.295576095581055,9.318259816806705,9.10050041951791,9.268356495405763,1735800
2018-07-17,9.363626480102539,9.422603295986358,9.164014904807276,9.213917365983303,598400
2018-07-18,9.427139282226562,9.436211905613257,9.173086790897951,9.295576292221156,1006800
2018-07-19,9.295576095581055,9.431675827048487,9.263819751160634,9.345479416981997,709900
2018-07-20,9.463431358337402,9.554163639557498,9.350015357840723,9.386308443387843,677700
2018-07-23,9.268357276916504,9.517872174369403,9.254747043033495,9.517872174369403,542400
2018-07-24,9.29103946685791,9.418065711414489,9.29103946685791,9.340942788879333,529500
2018-07-25,9.472503662109375,9.472503662109375,9.300111727883456,9.372697896535989,737900
2018-07-26,9.458894729614258,9.467968217435333,9.363624838083823,9.431675131446458,554500
2018-07-27,9.3817720413208,9.567774219687983,9.354552442492674,9.431675360251903,663600
2018-07-30,9.717484474182129,9.790070656607936,9.472505459523367,9.472505459523367,1144500
2018-07-31,9.694801330566406,9.830900202274632,9.54509222556915,9.758314021990842,773800
2018-08-01,9.785533905029297,9.785533905029297,9.531482266721095,9.685728120589248,760000
2018-08-02,9.83543586730957,9.853581977741301,9.649433692583317,9.68572677874221,865100
2018-08-03,9.672119140625,9.944317792457275,9.613143184287576,9.685729376070094,1179700
2018-08-06,9.799144744873047,9.821827603782154,9.658509115986265,9.685728719736312,808500
2018-08-07,9.926169395446777,9.985146208664151,9.88987630473437,9.930706139947771,621600
2018-08-08,9.55416488647461,9.839973729592675,9.536018773980501,9.803680639308931,1225600
2018-08-09,9.3817720413208,9.631286905385428,9.272892780712848,9.536017876839262,1662200
2018-08-10,9.481579780578613,9.526946364899162,9.236601609720646,9.31826128843851,711600
2018-08-13,9.26382064819336,9.504262924694782,9.232064300697914,9.45435959846161,1006600
2018-08-14,9.345479011535645,9.418065185717651,9.277429581401943,9.277429581401943,774900
2018-08-15,8.90088939666748,9.3999191793307,8.869132185052885,9.3999191793307,1820600
2018-08-16,9.195770263671875,9.241136840559294,8.959864756093683,8.959864756093683,887900
2018-08-17,9.295576095581055,9.313723072561574,9.191233573829532,9.236600150985343,695500
2018-08-20,9.422603607177734,9.486116304569657,9.322796950938306,9.327333695794245,514500
2018-08-21,9.558701515197754,9.653971416848881,9.445285501272208,9.513334936568432,1087600
2018-08-22,9.880803108215332,9.88987573139582,9.672117199745328,9.672117199745328,649700
2018-08-23,9.812753677368164,9.849046769184813,9.735630749095838,9.812753677368164,554800
2018-08-24,10.025978088378906,10.153003499127637,9.930708165021644,9.930708165021644,857600
2018-08-27,10.20290470123291,10.216514934666916,10.066805828074978,10.107635663081464,525800
2018-08-28,10.121245384216309,10.266417751393389,10.084952292422038,10.216515290985994,650800
2018-08-29,10.252808570861816,10.293638408041314,10.094025966863278,10.162075407063915,717900
2018-08-30,10.284564018249512,10.307246874565447,10.14846514976289,10.211977839683913,648400
2018-08-31,10.252808570861816,10.325394755781906,10.103099456302184,10.298175152760768,670000
2018-09-04,10.166611671447754,10.320857523439281,10.071342632727097,10.320857523439281,1464000
2018-09-05,10.003292083740234,10.080415007833958,9.898949558582704,10.075878263440735,978800
2018-09-06,9.985146522521973,10.121245400647544,9.908023594171999,10.00782938044438,756600
2018-09-07,10.125781059265137,10.198367235186392,9.89894904318735,9.93977887530499,1108700
2018-09-10,10.01236629486084,10.234661594392882,9.998756925994856,10.17114889889675,873900
2018-09-11,10.216513633728027,10.221050377628336,9.957925288478467,9.98060814268458,1164000
2018-09-12,11.423260688781738,11.468627265932712,10.329930419391157,10.329930419391157,4157100
2018-09-13,11.291698455810547,11.613800396331552,11.07393990929512,11.464091287440253,1744800
2018-09-14,11.409649848937988,11.572969171873044,11.296233844743186,11.32799018747046,799300
2018-09-17,11.699995040893555,11.786190578363788,11.350673551265507,11.409649490865952,1068000
2018-09-18,11.827021598815918,12.09922020081088,11.799801998205073,11.836095087451367,1239400
2018-09-19,11.477700233459473,11.858778108487273,11.391504686111777,11.79526541774781,1224400
2018-09-20,11.25540542602539,11.577507368300672,11.187355988030642,11.536677532444713,1278500
2018-09-21,11.241795539855957,11.532140256752506,11.20550245024389,11.391504642667678,1639500
2018-09-24,11.799800872802734,11.88146053214251,11.391503441399284,11.396040185284317,1676000
2018-09-25,11.940438270568848,12.126440471394467,11.858778598929199,11.890534945612274,1017100
2018-09-26,11.89507007598877,12.07199962896339,11.7045311564514,11.858776989662386,898700
2018-09-27,12.072001457214355,12.144587640859976,11.981268295009547,11.981268295009547,649100
2018-09-28,12.21717357635498,12.316979360516601,12.00395090909325,12.00395090909325,1305700
2018-10-01,12.543811798095703,12.634544961365142,12.321516499910707,12.321516499910707,1064500
2018-10-02,12.3124418258667,12.684446201946475,12.226246280879282,12.543810591176301,797200
2018-10-03,12.512055397033691,12.557421978474405,12.258003752379485,12.375956518007117,690200
2018-10-04,12.185415267944336,12.480296693700682,12.162731548858213,12.475759949883457,956900
2018-10-05,12.094684600830078,12.258003950538592,11.972195088548691,12.16273404144343,914600
2018-10-08,11.904145240783691,12.067464584906276,11.768046364211907,11.949511821406137,754900
2018-10-09,12.130976676940918,12.199026111851765,11.904144650374418,11.94951122874682,790600
2018-10-10,11.65462875366211,12.162731964415658,11.609262179235255,12.12643887793326,1521900
2018-10-11,11.409649848937988,11.71814151879512,11.377893506210714,11.482236022399025,2276700
2018-10-12,11.568434715270996,11.768047164405502,11.473165668251834,11.591117574476812,1197800
2018-10-15,11.219111442565918,11.731752289637155,11.205502075226555,11.645555880207432,882900
2018-10-16,11.668240547180176,11.690924271759346,11.24633365355499,11.24633365355499,1624200
2018-10-17,11.740826606750488,11.822486283750587,11.504921930778167,11.618337956545947,1247800
2018-10-18,11.500385284423828,11.727217337902422,11.455018700668987,11.568434727408283,1214300
2018-10-19,11.60926342010498,11.777118638541676,11.541213983838874,11.595653186733548,677800
2018-10-22,11.7045316696167,11.75443498998919,11.541213206635272,11.75443498998919,2460800
2018-10-23,11.223648071289062,11.57750632849459,11.096621830557353,11.391504144209696,3527100
2018-10-24,10.543153762817383,11.409652139605221,10.538617017903315,11.341602696485431,3027500
2018-10-25,10.670178413391113,10.747301334693937,10.407053305174799,10.724617613548704,1481200
2018-10-26,10.701935768127441,10.815351788675382,10.384370564474978,10.488713961003715,914100
2018-10-29,10.484176635742188,10.860717768497027,10.384369989398037,10.760911122152876,1471200
2018-10-30,10.638422966003418,10.701935659973826,10.320857765560262,10.447884018796636,1477700
2018-10-31,10.552226066589355,10.824424673769368,10.51593297665172,10.76091111740687,757600
2018-11-01,9.903486251831055,10.711008578448219,9.794606982842591,10.579445587610797,2427200
2018-11-02,9.780997276306152,10.162075170929365,9.649435143681421,9.97153622361776,1617600
2018-11-05,10.066807746887207,10.084953862962475,9.880805514313305,9.917098611759538,903900
2018-11-06,9.91256046295166,10.148465995599446,9.753777859619666,10.130319016797811,1515400
2018-11-07,10.143928527832031,10.198367729765314,9.853582944770976,10.10763543811134,1139700
2018-11-08,9.830901145935059,10.198368827056619,9.830901145935059,10.157538988565822,872700
2018-11-09,9.962462425231934,10.021439238088623,9.549628196417228,9.640361355291121,1511800
2018-11-12,9.626749992370605,10.121243833094047,9.604067137961264,10.057731148511545,1385200
2018-11-13,9.15494155883789,9.649435490709,9.114111721138766,9.576849304865128,2151300
2018-11-14,9.259281158447266,9.477039646968553,9.14132842750774,9.363623659368468,1031900
2018-11-15,9.359088897705078,9.377235874905251,9.191233685080979,9.213916541285696,912300
2018-11-16,9.35455322265625,9.545092160934852,9.327332756262509,9.413529169251655,784500
2018-11-19,9.109575271606445,9.291040742097486,9.059671942735552,9.204845184424004,1284800
2018-11-20,8.705812454223633,8.968937541181683,8.642298905443818,8.95986405345665,1894300
2018-11-21,8.946253776550293,8.950790520389827,8.73303200786462,8.81922841022496,1032400
2018-11-23,8.478981971740723,8.556104900627979,8.383712064152666,8.54249466660238,716800
2018-11-26,8.556105613708496,8.701277994231525,8.519812518577739,8.62415505891671,1046900
2018-11-27,8.687666893005371,8.760253076030828,8.506201435441724,8.54703127155549,1036600
2018-11-28,8.610542297363281,8.660445613011955,8.37917355930405,8.660445613011955,1190100
2018-11-29,8.69674015045166,8.796545933128094,8.610543735920107,8.637764202800934,5466800
2018-11-30,8.714885711669922,8.81469235332694,8.533420270423724,8.642299535171443,762100
2018-12-03,9.281966209411621,9.309186675898747,9.000694978075492,9.023377834852576,1199300
2018-12-04,8.93718147277832,9.32279519463644,8.887278154059787,9.241136398499899,1606900
2018-12-06,8.792009353637695,8.941718463109535,8.592397784538942,8.710350547349414,2091500
2018-12-07,8.88727855682373,9.209379607852295,8.86005895687798,9.018840677641087,979000
2018-12-10,8.587860107421875,8.810155375208055,8.515273932850691,8.773862287922464,857700
2018-12-11,8.488053321838379,8.828301333751,8.433614124497806,8.792008247092138,1129700
2018-12-12,8.637763977050781,8.873668626783791,8.587860654369035,8.687666434437018,1021200
2018-12-13,8.478981971740723,8.76025321923855,8.429078645609096,8.578787758708408,1096400
2018-12-14,8.329272270202637,8.415467817055259,8.243075858054507,8.379174727513231,598000
2018-12-17,8.179564476013184,8.32473685740183,8.102441540238509,8.29751725221537,960500
2018-12-18,7.930047035217285,8.147805561904859,7.930047035217286,8.147805561904859,1561100
2018-12-19,7.8529253005981445,8.175027260398501,7.843852676255287,8.020781397727164,1162900
2018-12-20,7.476383209228516,7.834778217977545,7.435553376198994,7.748581807660166,1350300
2018-12-21,7.331211090087891,7.5217500285927095,7.285844511339978,7.4355536155012265,1039200
2018-12-24,6.941059112548828,7.294916902537869,6.936522368827094,7.258623818059387,404700
2018-12-26,7.58072566986084,7.585262414082416,6.918376588829489,6.945596621511201,813200
2018-12-27,7.521750450134277,7.521750450134277,7.267698806321873,7.38111482690007,694000
2018-12-28,7.317600250244141,7.612482555012004,7.2949173953983575,7.567115980024991,647200
2018-12-31,7.204185962677002,7.417408210900052,7.167892869274925,7.349358768933109,560500
2019-01-02,7.467309951782227,7.52175001927136,7.036329617449946,7.077159451742917,1087400
2019-01-03,7.485457420349121,7.657849392330139,7.408334491103398,7.512677023231266,1099200
2019-01-04,7.943658828735352,7.970878433596719,7.639703834347232,7.657849949156264,1240100
2019-01-07,8.06161117553711,8.120587127154973,7.875608965817306,7.930048172649857,586500
2019-01-08,8.292981147766113,8.302053773332027,8.057075577138084,8.179565107882912,760000
2019-01-09,8.510736465454102,8.574249146482106,8.38371023810271,8.438150297051987,1423200
2019-01-10,8.478981971740723,8.483518716415922,8.261222553808983,8.383712064152666,819800
2019-01-11,8.356492042541504,8.415467989771887,8.292979350863318,8.40639536617181,749600
2019-01-14,8.270297050476074,8.392786575738901,8.165954506124336,8.165954506124336,723900
2019-01-15,8.447225570678711,8.542494612366337,8.338345429756332,8.347418919049124,777800
2019-01-16,8.515275955200195,8.574251911560077,8.388249686884585,8.388249686884585,666400
2019-01-17,8.433614730834961,8.460834331462209,8.292979118082762,8.37010204093955,1042900
2019-01-18,8.4154691696167,8.542495436077623,8.370103449369472,8.542495436077623,567600
2019-01-22,8.24307632446289,8.351955599249562,8.179563630494554,8.351955599249562,1038400
2019-01-23,8.106976509094238,8.338344400430305,8.093366276835164,8.306588057121255,1351700
2019-01-24,8.129659652709961,8.234002174512401,8.057073475343438,8.057073475343438,653800
2019-01-25,8.138733863830566,8.247613139547578,8.134197119180412,8.188636324391135,826800
2019-01-28,8.066147804260254,8.097904152004906,7.8892182213612845,7.979951385170786,1159000
2019-01-29,8.179564476013184,8.265760036652912,8.143271380666022,8.16141749569178,705900
2019-01-30,8.351954460144043,8.397321034774928,8.13873268426296,8.247611944199818,1056800
2019-01-31,8.551568984985352,8.683131132138168,8.401859857372473,8.401859857372473,908000
2019-02-01,8.565176010131836,8.596933217242714,8.433613898997002,8.58785972949675,1010300
2019-02-04,8.565176010131836,8.565176010131836,8.406394301054524,8.488053094881963,736400
2019-02-05,8.583324432373047,8.692203707790364,8.524348482674503,8.528884362016607,622000
2019-02-06,8.533419609069824,8.57878618218926,8.424540352760424,8.52888286522834,625200
2019-02-07,8.34288215637207,8.492591268197332,8.33380953239445,8.460834921036756,769500
2019-02-08,8.36556625366211,8.370102998501583,8.26122285294541,8.324736415402445,609600
2019-02-11,8.211319923400879,8.274832616950935,8.170490087462827,8.243076270175907,494900
2019-02-12,8.519810676574707,8.537956787569032,8.338344374858718,8.356491351148499,895900
2019-02-13,8.54249382019043,8.61961674143615,8.501663987454725,8.574250164474758,831300
2019-02-14,8.528884887695312,8.601471075780715,8.4608354445272,8.50620202840448,797800
2019-02-15,8.810155868530273,8.819229357183604,8.578787099643401,8.61961693328788,702400
2019-02-19,8.850985527038574,8.909961471527238,8.760252372891644,8.760252372891644,773300
2019-02-20,8.996158599853516,9.01430557825028,8.82830251086567,8.846449489262435,786800
2019-02-21,8.864596366882324,8.968938895590837,8.837375899596633,8.941718428305146,916500
2019-02-22,8.982547760009766,9.046061314817669,8.92810855908356,8.955328159546664,1006100
2019-02-25,9.177624702453613,9.186698192289786,8.923573044110102,8.923573044110102,945800
2019-02-26,9.350015640258789,9.504261474816914,9.182159573723615,9.182159573723615,1547800
2019-02-27,9.55416488647461,9.699337247609584,9.467969337860424,9.576848608711654,1462200
2019-02-28,9.182160377502441,9.581385230821752,9.15040403207158,9.567774997653304,1291400
2019-03-01,9.295576095581055,9.345479416981997,9.15040374091885,9.227526662495084,751900
2019-03-04,9.427139282226562,9.431676026567663,9.272893435811158,9.359088982405556,775000
2019-03-05,9.436211585998535,9.504261883514605,9.386309130527689,9.481578162577422,804200
2019-03-06,9.304651260375977,9.531483321725085,9.268358165171945,9.3817741958465,1167300
2019-03-07,9.177624702453613,9.368163662535153,9.164015332994971,9.309187709191264,680300
2019-03-08,8.97347640991211,9.005232759174032,8.823767288180463,8.95079268522815,853400
2019-03-11,9.168550491333008,9.200307703261291,9.009768758169338,9.06420796231244,702000
2019-03-12,9.309187889099121,9.363627098577005,9.218454719575135,9.241138444603948,692800
2019-03-13,9.617679595947266,9.635825710615856,9.354554443535466,9.390847538168279,865800
2019-03-14,9.567774772644043,9.749240217478171,9.531481683677217,9.631287462012114,718100
2019-03-15,9.69933795928955,9.75377803135742,9.504263125510699,9.504263125510699,1096100
2019-03-18,10.094026565551758,10.112173545505888,9.703875149494257,9.703875149494257,981400
2019-03-19,10.166611671447754,10.284564432693953,10.107635723472423,10.14846555872286,1096900
2019-03-20,10.348076820373535,10.379833165678376,10.062268847334447,10.107635425753728,905400
2019-03-21,10.447883605957031,10.543152643148165,10.325394102172268,10.36622393676719,631300
2019-03-22,9.867193222045898,10.298174421540823,9.867193222045898,10.298174421540823,1115500
2019-03-25,9.844512939453125,9.898952155864476,9.694803796378297,9.835439448285985,789500
2019-03-26,10.044121742248535,10.180221475777369,9.985145796759559,10.00782865303328,607200
2019-03-27,9.694801330566406,10.044121998696324,9.617678405852939,10.003292164124751,1272300
2019-03-28,9.640360832214355,9.726557241938067,9.526944822423598,9.617677976374399,1090400
2019-03-29,9.726556777954102,9.80821643955533,9.681190203142814,9.790069463512637,618300
2019-04-01,9.926169395446777,9.948853117951744,9.749240686385729,9.844510590315512,655500
2019-04-02,9.9080228805542,10.0259756369055,9.885340024265508,9.93070573684289,1140400
2019-04-03,9.903486251831055,10.04412186611255,9.871729906538025,9.980609175526489,1035600
2019-04-04,9.708410263061523,9.894412449857018,9.685727407226164,9.885339826700164,1016400
2019-04-05,9.790069580078125,9.885339474845704,9.75831323692075,9.785532836013436,555900
2019-04-08,9.966998100280762,9.976071588253705,9.758313068675733,9.844509473827802,598000
2019-04-09,9.803681373596191,9.939780256030035,9.767388280594126,9.930706766455621,980500
2019-04-10,9.917097091674805,9.9624628075572,9.84904678726008,9.84904678726008,647900
2019-04-11,9.672119140625,9.89441446112092,9.608606439139212,9.86719485552639,1045200
2019-04-12,9.526944160461426,9.83997256801645,9.504261306197545,9.83997256801645,1063200
2019-04-15,9.327333450317383,9.52694589224723,9.313724081403345,9.52694589224723,1044100
2019-04-16,9.363626480102539,9.386310203633075,9.218454110689411,9.372699969514754,623700
2019-04-17,9.218454360961914,9.490652993649258,9.164015153601804,9.454359900310653,1222700
2019-04-18,9.027913093566895,9.313721887578254,9.023376349898975,9.254745085190663,895300
2019-04-22,9.44074821472168,9.5178711343739,9.1413300243767,9.1413300243767,1170100
2019-04-23,9.467073440551758,9.584071146523183,9.403700031831239,9.510947696517931,1029500
2019-04-24,9.198952674865723,9.442698097911487,9.091704093643989,9.437823077872771,953500
2019-04-25,9.20870304107666,9.26232733900119,9.159954693670858,9.19407890878097,713300
2019-04-26,9.057580947875977,9.223327929415293,9.023456733408784,9.135579418033878,1328700
2019-04-29,9.023457527160645,9.047831702548407,8.85771053104133,9.047831702548407,722700
2019-04-30,9.01370620727539,9.13557892656762,8.979581994643976,9.08195463253822,861800
2019-05-01,8.808960914611816,9.008832120580047,8.77971171929858,9.008832120580047,509300
2019-05-02,8.794336318969727,8.847959685918982,8.535965806159293,8.735837001607232,940100
2019-05-03,8.82358455657959,8.979581479554897,8.818709536509736,8.906458038137098,886100
2019-05-06,8.726086616516113,8.765085849949116,8.531090449351103,8.672463251680153,780400
2019-05-07,8.565216064453125,8.818711588170887,8.496967627227274,8.662714628903101,923200
2019-05-08,8.808960914611816,8.82358597717601,8.46284280226225,8.618839750353049,1675400
2019-05-09,9.062455177307129,9.116079469539782,8.667587840379017,8.750461323913562,1371800
2019-05-10,9.086831092834473,9.169704592278357,8.857710678990886,9.06245691703959,916900
2019-05-13,8.916207313537598,9.1355776189757,8.891832215278969,9.023454956430786,802000
2019-05-14,8.9990816116333,9.09658016403545,8.984457479643552,8.984457479643552,479900
2019-05-15,9.047830581665039,9.062455642974996,8.82358522046948,8.921082839757304,417800
2019-05-16,9.145329475402832,9.272077222086962,9.033206790579793,9.106330240255032,682400
2019-05-17,9.03320598602295,9.20870206364966,9.028330965836787,9.07220521769722,837800
2019-05-20,8.88696002960205,9.096581292398039,8.872335895798289,9.038082897552547,638600
2019-05-21,9.01858139038086,9.047830583190631,8.916208750639123,8.935707902573945,427300
2019-05-22,8.882083892822266,9.06245593554111,8.852834699073165,8.950333251323638,644500
2019-05-23,8.511591911315918,8.721213177714061,8.438468451594883,8.667589803153428,731700
2019-05-24,8.71146297454834,8.740712168812628,8.540840970012265,8.609089399900647,448800
2019-05-28,8.097222328186035,8.506714666613492,8.048473063170405,8.506714666613492,2301600
2019-05-29,8.31171989440918,8.34097001935879,7.853479094647047,7.980226846649918,876100
2019-05-30,8.160597801208496,8.399468237854414,8.131348606672194,8.350718960417156,469100
2019-05-31,7.989975929260254,8.116723680799529,7.970476775846982,8.004600991681567,421800
2019-06-03,8.199596405029297,8.267844830290617,8.063099554506659,8.063099554506659,476700
2019-06-04,8.360469818115234,8.36534483931643,8.087475139554817,8.238597077531002,810000
2019-06-05,8.150846481323242,8.360467690554426,8.116722271413977,8.360467690554426,502700
2019-06-06,8.22397232055664,8.30197079423486,8.16059797955862,8.184973083717532,335400
2019-06-07,8.526215553283691,8.579839848716729,8.223971722224041,8.287345128796199,649200
2019-06-10,8.462843894958496,8.638340019312585,8.453093851990136,8.53596735759064,603600
2019-06-11,8.375092506408691,8.540839460979978,8.375092506408691,8.535964441161417,510700
2019-06-12,8.097222328186035,8.316592626034028,8.082597269736878,8.24346919341803,623500
2019-06-13,8.282471656799316,8.306846763741964,8.214223216990415,8.228847351340749,506200
2019-06-14,8.262971878051758,8.30684613742525,8.194722513573444,8.248346814988864,1283700
2019-06-17,8.360469818115234,8.384844924121213,8.223972943742636,8.223972943742636,385800
2019-06-18,8.613965034484863,8.623715076539538,8.43846799676148,8.43846799676148,625600
2019-06-19,8.769962310791016,8.818711593042936,8.526216829346634,8.609090330230332,1000100
2019-06-20,9.057580947875977,9.213577888191779,8.935708222027369,8.974707457106318,939400
2019-06-21,9.130703926086426,9.223327453298282,9.05270545995488,9.091704693020652,785000
2019-06-24,9.135581016540527,9.19895536576725,8.99420911332332,9.116081860496724,248500
2019-06-25,9.125829696655273,9.198954078579412,9.047831223763659,9.086830460209466,523900
2019-06-26,9.150205612182617,9.276953374327679,9.150205612182617,9.24770324703751,546700
2019-06-27,8.969833374023438,9.17945463316312,8.955209240474757,9.155080457371847,357200
2019-06-28,8.916207313537598,9.038080015385964,8.847957968228364,9.033204995734238,828000
2019-07-01,9.125829696655273,9.29645170478636,9.023457049665707,9.10633054333994,606000
2019-07-02,8.82358455657959,9.072205001252112,8.774835285696055,9.072205001252112,872100
2019-07-03,8.930832862854004,8.950332944561799,8.8284602233333,8.83333524376025,250400
2019-07-05,9.145329475402832,9.164828628069177,8.911334064516026,8.911334064516026,387200
2019-07-08,9.106330871582031,9.18920436824348,9.07708167564716,9.10145585062369,315300
2019-07-09,9.120954513549805,9.120954513549805,8.999081785598694,9.11120540197321,236300
2019-07-10,9.350075721740723,9.393949977646647,9.228202995294291,9.228202995294291,804600
2019-07-11,9.345200538635254,9.45732322186105,9.272077090001694,9.359825600288005,733000
2019-07-12,9.330575942993164,9.39882530429958,9.267202532296288,9.39882530429958,336300
2019-07-15,9.262327194213867,9.437824217539807,9.247702132331668,9.384199920453524,642500
2019-07-16,9.198952674865723,9.281826155893883,9.15020340429357,9.262326075739022,635900
2019-07-17,9.203826904296875,9.242826135381458,9.101454271380472,9.242826135381458,1208800
2019-07-18,9.081954956054688,9.257451975627852,9.003956487314413,9.19895358898019,808200
2019-07-19,9.233077049255371,9.247701179816168,9.067330084256207,9.09170425506755,297700
2019-07-22,9.281826972961426,9.35495042034912,9.228202677630078,9.228202677630078,411700
2019-07-23,9.213579177856445,9.296452680226267,9.150205760663164,9.296452680226267,314500
2019-07-24,9.125829696655273,9.26720250990579,9.116080584905177,9.20382816954689,322900
2019-07-25,9.067330360412598,9.184328057537368,9.003956026668945,9.184328057537368,435300
2019-07-26,8.984457015991211,9.091704674246861,8.935707742305894,9.091704674246861,381800
2019-07-29,8.872335433959961,8.955208930523215,8.779711895491578,8.955208930523215,523400
2019-07-30,8.804085731506348,8.862585050869889,8.765086495202365,8.857710030104998,548500
2019-07-31,8.74071216583252,8.891834087597463,8.730962124476042,8.852834851986668,395600
2019-08-01,8.526215553283691,8.75533593681698,8.4189678922327,8.535965594237895,858200
2019-08-02,8.379968643188477,8.574964812847107,8.370218602251775,8.540840599383731,679100
2019-08-05,8.038725852966309,8.287346355200139,7.970477415817296,8.214222896852593,783100
2019-08-06,8.111848831176758,8.165473131371392,8.019226223332598,8.097224698261977,679200
2019-08-07,7.941227912902832,7.994851284393091,7.819355177074232,7.911977786837036,770000
2019-08-08,8.22397232055664,8.233721432405055,7.96072677453129,8.009476053033964,501400
2019-08-09,8.136222839355469,8.29221976819335,8.116722758343213,8.238595475224688,600100
2019-08-12,7.980227470397949,8.097225189895688,7.877853884702914,8.097225189895688,637000
2019-08-13,8.136222839355469,8.49696596974683,7.804728900667451,7.804728900667451,815200
2019-08-14,7.7364821434021,7.970478066036981,7.7364821434021,7.921728779889984,753400
2019-08-15,7.658481597900391,7.751104658781422,7.609732324863517,7.721855466885317,642400
2019-08-16,7.794979572296143,7.824228766671638,7.629232587809798,7.6731068442806025,590400
2019-08-19,7.853479862213135,8.053351086494311,7.609733911126985,7.965602562699601,354600
2019-08-20,7.804729461669922,7.8681028698849405,7.697481332931144,7.8291036348722125,631500
2019-08-21,7.921727180480957,8.02409982388669,7.858353772155757,7.916852159869002,868200
2019-08-22,7.731606483459473,7.9509773231937,7.614608764255565,7.9509773231937,733700
2019-08-23,7.4537353515625,7.726730442144629,7.4342357354428845,7.634106916895818,666400
2019-08-26,7.551233768463135,7.599983043387035,7.478110320984825,7.5463587479892364,339900
2019-08-27,7.4586100578308105,7.702355481518697,7.414735807181791,7.619482000272215,600400
2019-08-28,7.4537353515625,7.536608836297743,7.4391107556996685,7.497609604058513,922400
2019-08-29,7.59023380279541,7.624358484803452,7.4147372313976145,7.531734945662811,1075700
2019-08-30,7.697482109069824,7.707232151259881,7.5463597094771355,7.599984011707251,845200
2019-09-03,7.663356781005859,7.702356014300951,7.497609807047958,7.531734019954279,398000
2019-09-04,7.863227844238281,7.902227079225996,7.755980180475841,7.790104394863203,756700
2019-09-05,8.06309986114502,8.1362233095366,7.941227137220689,7.941227137220689,759400
2019-09-06,8.180098533630371,8.204472709376807,7.702357157497074,8.019226556184364,467900
2019-09-09,8.262971878051758,8.384844614130307,8.184973401346701,8.262971878051758,409200
2019-09-10,8.370218276977539,8.496966014783888,8.277594751308468,8.31659398372465,554600
2019-09-11,8.331219673156738,8.472591552651343,8.180097752368681,8.443342358586099,643000
2019-09-12,8.511591911315918,8.56521621569179,8.116724484970138,8.248347270357144,674600
2019-09-13,8.379968643188477,8.609089026310482,8.375093622720126,8.59446396490543,359300
2019-09-16,8.760211944580078,8.872335568559716,8.584715836701212,8.623715075098204,1775400
2019-09-17,8.662714958190918,8.808961880609811,8.555466347256157,8.750463483568357,1423900
2019-09-18,8.623714447021484,8.740712153691357,8.574965170121924,8.60908938500708,718200
2019-09-19,8.584715843200684,8.7212127127859,8.584715843200684,8.687088495389595,421100
2019-09-20,8.565216064453125,8.623715389086154,8.487217584819232,8.623715389086154,432200
2019-09-23,8.511591911315918,8.555466173111586,8.443343472884983,8.482342713390551,260200
2019-09-24,8.418968200683594,8.467717477425586,8.375093944597312,8.467717477425586,346400
2019-09-25,8.384843826293945,8.414093019856303,8.194721743600871,8.355593702916488,524000
2019-09-26,8.428718566894531,8.506717040762258,8.321469967965042,8.321469967965042,484300
2019-09-27,8.404342651367188,8.501841199197447,8.30684503335199,8.370218438571117,263600
2019-09-30,8.301969528198242,8.423842240961966,8.277594427756492,8.370217949805124,424200
2019-10-01,8.180098533630371,8.370219707935144,8.131349252322295,8.360469665710488,373900
2019-10-02,8.053350448608398,8.131348923622243,8.009476190186215,8.126473902706982,579100
2019-10-03,8.272720336914062,8.301970460729727,8.01922577255076,8.01922577255076,865000
2019-10-04,8.297096252441406,8.394593885260695,8.253221992237405,8.272721146875181,536300
2019-10-07,8.287343978881836,8.414091704254295,8.258094789892793,8.336093247073544,207800
2019-10-08,8.14597225189209,8.3263442886789,8.141098161273458,8.204471567281482,417000
2019-10-09,8.199596405029297,8.32146912431883,8.199596405029297,8.258095719406898,306200
2019-10-10,8.316594123840332,8.37021841799667,8.248345698415946,8.248345698415946,328000
2019-10-11,8.531092643737793,8.599341087346797,8.394594826704477,8.443344113488898,544000
2019-10-14,8.453093528747559,8.482342726718885,8.414094288180712,8.433593443556516,152100
2019-10-15,8.487217903137207,8.560341364309616,8.428719506125383,8.462843726018157,783900
2019-10-16,8.409217834472656,8.540840597646108,8.38971775260322,8.462842129798524,668100
2019-10-17,8.35559368133545,8.496966487849386,8.297095294361824,8.433592150510346,434600
2019-10-18,8.262971878051758,8.414093810440907,8.258096857030793,8.340970354756815,457100
2019-10-21,8.228846549987793,8.297095912965595,8.150848074997588,8.21909743797539,595400
2019-10-22,8.409217834472656,8.492091322787598,8.219096685321057,8.253220898777489,733700
2019-10-23,8.662714958190918,8.662714958190918,8.360470140759213,8.360470140759213,487200
2019-10-24,8.633462905883789,8.774835705223616,8.594463673275397,8.750461533524014,549900
2019-10-25,8.75046157836914,8.808959962674,8.613963798632708,8.613963798632708,634000
2019-10-28,8.765087127685547,8.89183488727331,8.760212106568877,8.789462233268889,359600
2019-10-29,8.862584114074707,8.882083265258025,8.657837912667155,8.716336296032148,432400
2019-10-30,8.789462089538574,8.925958959312394,8.75533694227993,8.925958959312394,586400
2019-10-31,8.896708488464355,8.911333549480183,8.540840372081394,8.745586577227698,655400
2019-11-01,9.057580947875977,9.057580947875977,8.843084690034196,8.930833201415611,362800
2019-11-04,9.150205612182617,9.311077593017654,9.125830506107476,9.179454809657562,291700
2019-11-05,9.281826972961426,9.286701063614201,9.159954250710241,9.223327657162221,379300
2019-11-06,9.120954513549805,9.335450775091992,9.11608042266907,9.242827241500914,499400
2019-11-07,9.228201866149902,9.257451056569941,9.096579114537226,9.22332684611073,450600
2019-11-08,9.159955024719238,9.242827590230233,9.091705662217302,9.145329962079861,274000
2019-11-11,9.242827415466309,9.272077540192,9.02345705891447,9.05270625382502,141000
2019-11-12,8.90158462524414,9.257452786260263,8.896709604294104,9.242827723410153,398300
2019-11-13,8.857709884643555,8.901584140991922,8.77483639263165,8.867459926013218,478000
2019-11-14,8.872335433959961,8.969833063565735,8.813836112344358,8.886959567002481,315300
2019-11-15,8.955208778381348,9.013707169187937,8.847960178877338,8.891834436889859,590800
2019-11-18,8.789462089538574,8.90158478394284,8.691963528429968,8.90158478394284,474200
2019-11-19,8.75533676147461,8.828461145703576,8.69683836986964,8.765086803347161,470000
2019-11-20,8.867460250854492,8.906459487946686,8.691963219032045,8.779711734943268,409600
2019-11-21,8.935709953308105,8.945459996420677,8.799212139177973,8.901585732229394,317100
2019-11-22,8.9990816116333,9.057580929037611,8.93083318284086,8.96495739723708,441900
2019-11-25,8.984457015991211,9.033206289676528,8.960081914241023,9.013706208276378,300700
2019-11-26,8.799210548400879,8.979582594113491,8.760211312816411,8.925958296504177,722400
2019-11-27,8.935709953308105,8.935709953308105,8.735838718576836,8.81383720384683,372500
2019-11-29,8.925957679748535,9.106329712998006,8.896708487534992,8.964956912638279,387000
2019-12-02,8.896708488464355,9.057580440378231,8.882083427448528,9.047830399701015,471900
2019-12-03,8.891833305358887,8.95520763878567,8.79920978025092,8.823584881497773,581500
2019-12-04,9.320825576782227,9.345199747658686,9.00883079663643,9.028330877189612,1284500
2019-12-05,9.18432903289795,9.379325215480838,9.140454775589905,9.35007602054719,703800
2019-12-06,9.379325866699219,9.506073626632139,9.203828825282066,9.203828825282066,535700
2019-12-09,9.374448776245117,9.442698127183702,9.286700274906224,9.311075375175362,232200
2019-12-10,9.320825576782227,9.393949019226627,9.291575455952453,9.38907399908833,446900
2019-12-11,9.437825202941895,9.442700224078296,9.335451618707914,9.335451618707914,513500
2019-12-12,9.549945831298828,9.588945062128335,9.457322309398121,9.457322309398121,270100
2019-12-13,9.525572776794434,9.701068871182077,9.525572776794434,9.57919614433352,337400
2019-12-16,9.66694450378418,9.681569565508504,9.58407101364321,9.60357109594231,418100
2019-12-17,9.69131851196289,9.740067787066156,9.632820125691039,9.67669438030247,395100
2019-12-18,9.642571449279785,9.710819885613361,9.632821406999215,9.69131980105222,701300
2019-12-19,9.798566818237305,9.89119034525876,9.774191716486891,9.779066736836974,520500
2019-12-20,9.842440605163574,9.871689796062963,9.798566353906981,9.837565585044507,872900
2019-12-23,10.037436485290527,10.04718652526099,9.808316124874555,9.881439565023056,376600
2019-12-24,10.091063499450684,10.14468687413418,10.06668839294433,10.086188478149413,170000
2019-12-26,10.143607139587402,10.243691489546226,10.073547044683602,10.148611500257973,311700
2019-12-27,10.118584632873535,10.243690777488865,10.093563785744124,10.223674290682162,355400
2019-12-30,10.143607139587402,10.25370021088737,10.043521835144375,10.128594057575688,278500
2019-12-31,9.98847484588623,10.133598442223578,9.92842442666569,10.133598442223578,343900
2020-01-02,10.163622856140137,10.213665504562298,10.083555000458329,10.083555000458329,264900
2020-01-03,10.248696327209473,10.358790358117616,10.188645905336164,10.303743342663545,682700
2020-01-06,10.208661079406738,10.273716808287428,10.148610665269002,10.258703727510934,397200
2020-01-07,10.258703231811523,10.29873715746362,10.143605814872256,10.168626660473288,559200
2020-01-08,10.178637504577637,10.278722816835643,10.108578358687598,10.13860357057129,1498200
2020-01-09,10.233683586120605,10.238686992240204,10.113580840598067,10.19364965577449,356200
2020-01-10,10.363792419433594,10.393818580957436,10.228678510512786,10.268712438060456,518900
2020-01-13,10.483894348144531,10.488897753528569,10.288728131225362,10.363791620278558,460500
2020-01-14,10.308746337890625,10.483895128372295,10.248694969488522,10.483895128372295,385900
2020-01-15,10.238685607910156,10.348779617339765,10.218669122685537,10.28872825269779,413100
2020-01-16,10.213664054870605,10.313749337509176,10.193647571033289,10.293731899187865,514900
2020-01-17,10.193647384643555,10.283722991990452,10.133596025261648,10.233681306070167,383200
2020-01-21,10.033512115478516,10.153614850653721,9.998482548754124,10.128593049790508,266600
2020-01-22,9.993476867675781,10.073544710886738,9.9884725081646,10.05352822732599,488000
2020-01-23,9.818329811096191,9.933427225239097,9.76328280673043,9.90840542576191,498400
2020-01-24,9.758279800415039,9.818331173006019,9.73826235805665,9.818331173006019,472900
2020-01-27,9.387965202331543,9.578126122089946,9.37795648169054,9.578126122089946,901100
2020-01-28,9.427999496459961,9.493054274184015,9.407982054400762,9.448015984034988,858100
2020-01-29,9.37295150756836,9.488048923950178,9.362942787582792,9.488048923950178,631200
2020-01-30,9.362943649291992,9.372952370198703,9.20280793272126,9.25785494322401,775700
2020-01-31,9.257854461669922,9.322909235211352,9.157769166777143,9.257854461669922,1082500
2020-02-03,9.262859344482422,9.292884552850664,9.172782764893537,9.272868065433224,743900
2020-02-04,9.438008308410645,9.568118819596345,9.397974378390751,9.4129865055956,521400
2020-02-05,9.488049507141113,9.658193939417554,9.478041741024482,9.588134804180479,668300
2020-02-06,9.422996520996094,9.508068753283794,9.352937372459508,9.508068753283794,859100
2020-02-07,9.377957344055176,9.438008718939184,9.337923412293913,9.377957344055178,578100
2020-02-10,9.337922096252441,9.35293517647863,9.26786296416508,9.35293517647863,470100
2020-02-11,9.613155364990234,9.623164085293013,9.357939678658122,9.438007532112138,548400
2020-02-12,9.95844841003418,9.98347021036516,9.71824485376127,9.723249213827467,842300
2020-02-13,9.913409233093262,9.973460594007253,9.84835446704677,9.923417952326261,693300
2020-02-14,9.77329158782959,10.008490777486255,9.758278508049099,9.968456852555672,712500
2020-02-18,9.858365058898926,9.868372825548922,9.698228384204615,9.698228384204615,820300
2020-02-19,10.198652267456055,10.20866098788399,9.918414776862722,9.943436577932557,1527200
2020-02-20,10.0885591506958,10.278721019843843,10.0885591506958,10.258703579098109,989800
2020-02-21,10.108577728271484,10.143607299031904,9.923420198486708,10.023505504502948,677700
2020-02-24,9.703230857849121,9.88338398529443,9.58813345064084,9.828336984245253,739800
2020-02-25,9.573121070861816,9.768287291339396,9.563113305427223,9.70823592631151,1276700
2020-02-26,9.443012237548828,9.768288023410044,9.427999156545706,9.63817751816873,1481000
2020-02-27,8.90255355834961,9.25785454489313,8.652341273352498,9.24284146417902,2334700
2020-02-28,8.832493782043457,8.857515584119048,8.4271501332604,8.60730329026805,1565500
2020-03-02,8.907557487487793,9.037667997869331,8.797464419234572,8.912561848019873,1467000
2020-03-03,8.752426147460938,9.147762039974648,8.602299149117403,8.947591436204366,1448400
2020-03-04,9.067693710327148,9.17778677310789,8.872527477214028,8.917565765279814,1115200
2020-03-05,8.977617263793945,9.077701607452829,8.86752324493979,8.912561533655737,1603400
2020-03-06,8.211966514587402,8.73741189272635,8.201957794845848,8.727404127468844,2233600
2020-03-09,6.100175380706787,7.035969759219302,5.905010101205665,6.755731786247703,2011500
2020-03-10,6.315358638763428,6.650643171898562,6.0050954320435626,6.4804987249652575,2369300
2020-03-11,5.689826488494873,6.205263588124533,5.599749926081965,6.100174424390137,1034300
2020-03-12,4.849113941192627,5.364551599122137,4.749029121240026,5.274475022543764,1946700
2020-03-13,5.419598579406738,5.464636871424086,4.884144390405179,5.244449772059745,1685600
2020-03-16,4.138511657714844,4.814084579188475,4.063447681611938,4.503821385459223,1716100
2020-03-17,3.9983925819396973,4.303651904252174,3.9383416850689077,4.238596646664959,1662600
2020-03-18,3.3428359031677246,3.813235008108686,3.1426662743596725,3.803226526668283,1599300
2020-03-19,3.4979677200317383,3.633082586494751,3.27277675316879,3.3628530921897624,1288500
2020-03-20,3.598052740097046,4.073456231793921,3.558018812084895,3.688129078124385,1253200
2020-03-23,3.5830397605895996,3.7531841867475495,3.4128955730526735,3.6080610839496594,1039300
2020-03-24,3.8983075618743896,4.158528579410321,3.8332523074904064,3.8332523074904064,1785000
2020-03-25,4.388724327087402,4.543855698416015,3.973371674952519,3.973371674952519,2704300
2020-03-26,5.0442795753479,5.104330465858941,4.4237532294917665,4.4237532294917665,2258400
2020-03-27,4.613914966583252,4.809080256034716,4.258613479879861,4.809080256034716,2914200
2020-03-30,4.553864479064941,4.608911018433432,4.163532910750484,4.573881445857314,1324900
2020-03-31,4.759037971496582,4.914169327338508,4.703990961091574,4.708995321536044,2501300
2020-04-01,4.508825302124023,4.643939682221004,4.408740487748104,4.628927079375126,1768100
2020-04-02,5.124348163604736,5.364552237308587,4.628927887970833,4.724008358926402,1871600
2020-04-03,5.584738254547119,5.659802228135719,5.194407214509436,5.254458107035074,2141600
2020-04-06,5.619768142700195,5.754883016511899,5.479649385491171,5.719853446520167,1091800
2020-04-07,5.6698102951049805,6.090167006941101,5.624772007802245,5.955052145032896,1128800
2020-04-08,6.0100998878479,6.060142064227943,5.65980274421915,5.759887574221349,1422200
2020-04-09,5.965060710906982,6.340379125717864,5.664805788161459,6.300345199650733,1345500
2020-04-13,5.789912223815918,6.170235018230019,5.759887016344424,6.125196729780709,1783300
2020-04-14,5.719851970672607,5.8649750510761045,5.669809331674722,5.7748984917767014,1167400
2020-04-15,5.359547138214111,5.429606749486931,5.1243474578087,5.394576705229492,910600
2020-04-16,5.309504508972168,5.454627614993324,5.204415330319464,5.344534553351108,1048900
2020-04-17,5.46964168548584,5.509675620098917,5.264467651283281,5.334526798235094,1353500
2020-04-20,5.259462356567383,5.494661561359737,5.014254431277281,5.149368817302457,1754200
2020-04-21,4.922542095184326,5.0866269360127365,4.758457254355916,5.0647489920097035,1952300
2020-04-22,5.17960786819458,5.321814230772887,5.0920960999583045,5.135851984076442,1849400
2020-04-23,5.381979465484619,5.480430474754394,5.256180895683092,5.332753960849732,1307700
2020-04-24,5.201486587524414,5.387449383621013,5.037401736756158,5.343693492964327,1527500
2020-04-27,5.327284336090088,5.3874490734881215,4.988175942216135,5.141321550698588,1301800
2020-04-28,5.617166996002197,5.644514031223553,5.305405682688389,5.32728362383223,1811600
2020-04-29,5.81406831741333,5.956275192012372,5.781251145732302,5.83047664244822,2438000
2020-04-30,5.715618133544922,5.917989243010019,5.529655351438801,5.85782502828623,1861000
2020-05-01,5.146790504455566,5.578880235392557,5.059278739447254,5.578880235392557,1239000
2020-05-04,5.40385627746582,5.4421425412224025,5.048339108257476,5.048339108257476,1233800
2020-05-05,5.507777214050293,5.786721377399132,5.442143385311384,5.666392430572148,1426700
2020-05-06,5.338222980499268,5.502307803734818,5.305405807207649,5.414795515494258,1101700
2020-05-07,5.480429172515869,5.628105129719007,5.420264449319858,5.44761200335339,1390900
2020-05-08,5.857824325561523,5.863293941228802,5.622636067981146,5.660922856040835,1096600
2020-05-11,5.7703118324279785,5.8468843556522465,5.721086340863124,5.7703118324279785,1078600
2020-05-12,5.6226372718811035,5.8906427592383155,5.6226372718811035,5.825008400400088,1013700
2020-05-13,5.310876369476318,5.639046074430557,5.239772916015854,5.639046074430557,1593800
2020-05-14,5.354631423950195,5.491368692714614,5.119443154759783,5.223363771123061,961400
2020-05-15,5.431204795837402,5.551533223737758,5.34369302223303,5.36010134938102,985700
2020-05-18,5.7703118324279785,5.863293200581327,5.578879481144922,5.699208402568877,2819000
2020-05-19,5.633575439453125,5.846885239670556,5.595288650441037,5.825007298068479,1797800
2020-05-20,5.830477237701416,5.907050298367253,5.775782641464076,5.7867213520670235,701000
2020-05-21,5.764843940734863,5.890642514740113,5.688270873009436,5.841417008460292,583900
2020-05-22,5.753904342651367,5.764843052577533,5.573410673562561,5.666392055185688,635500
2020-05-26,5.81406831741333,5.956275192012372,5.79765999237844,5.890641370261564,896600
2020-05-27,5.896111488342285,5.9015811048410605,5.671862428005914,5.896111488342286,1398700
2020-05-28,5.764843940734863,5.967215060854191,5.759374324123472,5.956276349242758,1120500
2020-05-29,5.69373893737793,5.7812506928570935,5.606227181898767,5.75390366047826,2431800
2020-06-01,5.890641689300537,5.9398666670712466,5.666392134159124,5.666392134159124,1433200
2020-06-02,6.175055503845215,6.175055503845215,5.923458889414203,5.961745160650012,1081000
2020-06-03,6.5251030921936035,6.525103092193604,6.257097630103768,6.295384422751643,1013100
2020-06-04,6.563388824462891,6.579797150472889,6.399303999529062,6.464937825180337,919700
2020-06-05,7.192381381988525,7.2087902326604265,6.8313950129887155,6.8313950129887155,1440200
2020-06-08,7.372873783111572,7.449446846610335,7.121277692211326,7.416630191976094,964900
2020-06-09,7.15956449508667,7.252545892810759,6.913437480598172,7.110338987866699,1321200
2020-06-10,6.875149726867676,7.08299043859688,6.8423330743695985,7.08299043859688,1233400
2020-06-11,6.010970592498779,6.574328551245103,6.005500976213169,6.486816255509278,1140400
2020-06-12,6.20787239074707,6.295384161838725,6.027379232467706,6.295384161838725,844400
2020-06-15,6.125828742980957,6.257096378807904,5.803128747031296,5.956274843773953,929900
2020-06-16,6.536041259765625,6.634492258943646,6.361017724881391,6.410243224470402,1125000
2020-06-17,6.262566089630127,6.57979647519314,6.229749440978078,6.5524489202422815,1012700
2020-06-18,6.196932792663574,6.361017614577862,6.131298968220112,6.180524466955526,549900
2020-06-19,6.1859941482543945,6.404773565383375,6.185994148254395,6.3828956236704775,1040700
2020-06-22,6.13129997253418,6.2242813694623615,6.076604849066536,6.1203607391961095,550900
2020-06-23,6.361018657684326,6.432122109560735,6.2461593156703366,6.2461593156703366,738300
2020-06-24,6.0328474044799805,6.2735052597947485,5.950805262029305,6.2735052597947485,771300
2020-06-25,6.180524826049805,6.180524826049805,5.978153725188365,6.005500762420244,865400
2020-06-26,6.010970592498779,6.109421599194509,5.961745089150915,6.082074039377772,663500
2020-06-29,6.087543964385986,6.136769470230265,5.945337063416147,6.049257691667701,258800
2020-06-30,6.087543964385986,6.131299853667269,5.939867446853151,6.043788075104705,863400
2020-07-01,6.0711350440979,6.2297502576732215,6.060195812038978,6.164116430153567,584300
2020-07-02,6.22428035736084,6.311792123390101,6.125829359772285,6.22428035736084,673200
2020-07-06,6.317263126373291,6.3993052946384905,6.2188121071659435,6.3993052946384905,661400
2020-07-07,6.164116859436035,6.27350657958693,6.142238393794526,6.2242810751161946,948400
2020-07-08,6.246158123016357,6.262566448282073,6.1586463594508665,6.196932625607955,775100
2020-07-09,6.1094207763671875,6.25709674491021,6.049256570162437,6.235218804325642,1081900
2020-07-10,6.2516279220581055,6.268036247805225,6.076603868180849,6.098481809714098,523500
2020-07-13,6.26803731918335,6.350079483553451,6.246159373910565,6.273506935904385,783100
2020-07-14,6.514163970947266,6.514163970947266,6.1859948101405084,6.196933521361736,857800
2020-07-15,6.503224849700928,6.678248391096051,6.421182173463491,6.607144947001458,1025200
2020-07-16,6.48134708404541,6.541511297640367,6.333670575751454,6.45399952455268,627200
2020-07-17,6.6071457862854,6.678249239412031,6.443060934578666,6.481347730330768,1539300
2020-07-20,6.410243988037109,6.623553816183199,6.355548866065048,6.58526754376956,1161400
2020-07-21,6.7712297439575195,6.820455245131221,6.525102759700305,6.525102759700305,807400
2020-07-22,6.700127124786377,6.727474686760838,6.63996290573165,6.705596741503541,648500
2020-07-23,6.63449239730835,6.705595840240777,6.585266896692724,6.656370339625151,822300
2020-07-24,6.601675033569336,6.639961822733433,6.54698044015263,6.639961822733433,521300
2020-07-27,6.672778606414795,6.672778606414796,6.514163395630579,6.5579192798737225,651200
2020-07-28,6.503224849700928,6.716534660373409,6.443060116137881,6.716534660373409,653300
2020-07-29,6.629022598266602,6.650900539979246,6.525102505534359,6.563388773128668,559600
2020-07-30,6.426651954650879,6.4649382249119025,6.2680367357835225,6.4321215708628285,1164200
2020-07-31,6.366487503051758,6.426651714299174,6.273506117371292,6.382895829462637,1085800
2020-08-03,6.26803731918335,6.350079483553451,6.175055921371176,6.350079483553451,1187200
2020-08-04,6.366487503051758,6.459468888732224,6.224280616527364,6.31726200220783,1241100
2020-08-05,6.3993048667907715,6.563389713962094,6.31179308739576,6.448530373103303,1890800
2020-08-06,6.339139461517334,6.371956111838118,6.262566408083415,6.333669845926785,817800
2020-08-07,6.26803731918335,6.289915264456134,6.0875441402800385,6.289915264456134,961500
2020-08-10,6.317263126373291,6.415713623969253,6.268037616769617,6.278976329119664,760100
2020-08-11,6.339139461517334,6.475876721613527,6.333669845926785,6.404773283770156,716900
2020-08-12,6.475876808166504,6.481346423830156,6.366487102949757,6.432120926079805,836800
2020-08-13,6.3282012939453125,6.45399986561519,6.3282012939453125,6.415713071657572,478900
2020-08-14,6.30632209777832,6.344608884136412,6.262566217607274,6.317261328626699,523600
2020-08-17,6.26803731918335,6.377427045547272,6.235220140468493,6.317262826449954,427400
2020-08-18,6.3282012939453125,6.393835127229507,6.262567460661118,6.26803707717097,1061800
2020-08-19,6.317263126373291,6.421183240949969,6.289915563081096,6.317263126373291,908200
2020-08-20,6.202402591705322,6.257097186218688,6.14223785964595,6.229750149767648,1128800
2020-08-21,6.169586181640625,6.1914641264772055,6.120360675355481,6.1750557982526075,835800
2020-08-24,6.30632209777832,6.3282000378638426,6.224279952860419,6.240688277521752,568000
2020-08-25,6.34460973739624,6.3828960072920555,6.262567059833529,6.3336705050766895,623800
2020-08-26,6.240688800811768,6.421181952054729,6.235219184928944,6.3282005684918365,1065500
2020-08-27,6.164116859436035,6.278975674385976,6.125830066174725,6.2242810751161946,1011600
2020-08-28,6.3828959465026855,6.388365562610369,6.180524845020095,6.180524845020095,1013100
2020-08-31,6.229750633239746,6.377426623658935,6.207872689414262,6.377426623658935,1233700
2020-09-01,6.5196332931518555,6.541511236218353,6.196933241712541,6.229750417117941,2160200
2020-09-02,6.475876808166504,6.568858188003553,6.432120926079805,6.497754749209853,1534600
2020-09-03,6.421181678771973,6.4977547330387555,6.317261589477506,6.475876792049855,1528300
2020-09-04,6.3282012939453125,6.492286137961468,6.246159132742904,6.4704081935334035,806900
2020-09-08,6.021910667419434,6.207873474252289,6.000032720828003,6.169586676508742,1342700
2020-09-09,6.120360374450684,6.175055494658749,6.060196159510871,6.060196159510871,968000
2020-09-10,5.928928852081299,6.147708302795556,5.928928852081299,6.142238686124861,1564000
2020-09-11,5.961745262145996,6.043787943976886,5.939867317980026,5.961745262145996,808100
2020-09-14,5.934397220611572,6.016439366971227,5.885171724151281,6.016439366971227,659200
2020-09-15,5.9890923500061035,6.065665409348357,5.93986684911546,5.994561966018684,1149200
2020-09-16,6.0711350440979,6.142237966035721,5.989092368489861,6.032848253502965,1001500
2020-09-17,6.0656657218933105,6.071135338187724,5.961745098744737,5.972684331333564,835500
2020-09-18,6.0656657218933105,6.180525056019392,6.00003189119431,6.0383181620325646,2510400
2020-09-21,5.797660827636719,5.961745144847439,5.748435323828973,5.934398106386534,1498300
2020-09-22,5.753904342651367,5.874232759895545,5.693739612418009,5.775782284114969,1161500
2020-09-23,5.584350109100342,5.7539045528456585,5.584350109100342,5.7539045528456585,1905400
2020-09-24,5.557003498077393,5.617168240763878,5.4640220972086215,5.562473114978232,996800
2020-09-25,5.431204795837402,5.529655280336665,5.36010134938102,5.524186185694878,828300
2020-09-28,5.551532745361328,5.595288628393063,5.502307768159078,5.513246478111377,672900
2020-09-29,5.354631423950195,5.5351245769903255,5.354631423950195,5.5241858667270405,914000
2020-09-30,5.381979465484619,5.453082914222643,5.360101521381484,5.376509849056003,964900
2020-10-01,5.299936294555664,5.37650935265245,5.261650026312913,5.338223084409699,1433300
2020-10-02,5.360101222991943,5.414795819399342,5.16866883153779,5.1905467744230105,697300
2020-10-05,5.480429172515869,5.507776204938192,5.398386510415275,5.414794834190911,992400
2020-10-06,5.431204795837402,5.611697959299251,5.414795947078096,5.562472456243962,979400
2020-10-07,5.4257354736328125,5.464021746256827,5.294467806112182,5.453083034769113,941400
2020-10-08,5.567942142486572,5.589820086162673,5.4421435751405,5.4421435751405,1299500
2020-10-09,5.496838092803955,5.660922913200289,5.474960151525195,5.639044971921529,764900
2020-10-12,5.4257354736328125,5.464021746256827,5.354632023322969,5.464021746256827,437700
2020-10-13,5.310876369476318,5.436674426021578,5.283528807128237,5.392918534909195,675500
2020-10-14,5.365570545196533,5.414795522783315,5.310875430173964,5.310875430173964,613300
2020-10-15,5.31634521484375,5.3601010996069665,5.2124245973226415,5.283528040465692,587100
2020-10-16,5.283527851104736,5.338222965904137,5.239771967909725,5.288997466906931,527300
2020-10-19,5.310876369476318,5.447613659605357,5.288998423920127,5.310876369476318,1089100
2020-10-20,5.381979465484619,5.420265737262273,5.338223577278349,5.360101521381484,456900
2020-10-21,5.31634521484375,5.453082485131625,5.310875598845525,5.338223157225358,1169200
2020-10-22,5.40385627746582,5.42573421698547,5.299935673539065,5.316344519387219,1486900
2020-10-23,5.349161624908447,5.447612621964414,5.305405742130522,5.447612621964414,600300
2020-10-26,5.234302520751953,5.272589310989607,5.174138309823195,5.272589310989607,1120700
2020-10-27,5.212424278259277,5.261649776007523,5.1796076275012854,5.212424278259277,921000
2020-10-28,4.878786087036133,5.163199352071763,4.873316470767233,5.086626810752444,1413000
2020-10-29,4.949889659881592,4.966297987495257,4.6490675383706375,4.813152379341279,1121900
2020-10-30,5.05927848815918,5.064748103603346,4.8897240606686845,4.938949556443707,957100
2020-11-02,5.119443416595459,5.16319930310908,5.004584084094376,5.13038264902952,869100
2020-11-03,5.217895030975342,5.2944681021157685,5.135852864590963,5.20148670202074,927800
2020-11-04,5.32181453704834,5.409326831932314,5.163199317588814,5.2233640529222525,805100
2020-11-05,5.360101222991943,5.502308112551525,5.321814431734331,5.321814431734331,672200
2020-11-06,5.360101222991943,5.4530826106569545,5.338223280106723,5.338223280106723,1008800
2020-11-09,5.797660827636719,6.038318208727412,5.75937403489107,5.852355426169851,2407800
2020-11-10,6.005500316619873,6.010969932304748,5.781251289652607,5.885171901220189,955800
2020-11-11,6.054726600646973,6.120360432552937,6.016440329104659,6.060196217041969,626100
2020-11-12,5.896111488342285,6.0711355650237016,5.846885983075992,5.983623265877324,919800
2020-11-13,6.010970592498779,6.016440208784391,5.896111258557534,5.896111258557534,544600
2020-11-16,6.3828959465026855,6.388365562610369,6.202402787839529,6.317262118044383,680200
2020-11-17,6.459468841552734,6.464937935908886,6.2352192813892655,6.322731572034449,2118600
2020-11-18,6.350079536437988,6.541511950377653,6.350079536437988,6.519634004922665,1260000
2020-11-19,6.475876808166504,6.492285133546201,6.295383664156057,6.322731220863059,1297900
2020-11-20,6.49228572845459,6.497755344619439,6.382896013214122,6.432121515475159,861000
2020-11-23,6.63449239730835,6.63449239730835,6.552449722411877,6.590736512674747,1379000
2020-11-24,6.776700019836426,6.793108347954877,6.683718624479626,6.716535280716528,1672400
2020-11-25,6.853271961212158,6.864211193400847,6.694656745755273,6.75482147957046,1372600
2020-11-27,6.590737342834473,6.793108465158083,6.568859397761957,6.776700136756535,1414500
2020-11-30,6.300853729248047,6.596206215205843,6.300853729248047,6.56885865654819,1535300
2020-12-01,6.568858623504639,6.596206182024724,6.437590968541781,6.443060062956763,899600
2020-12-02,6.63449239730835,6.793107609507983,6.536041396077098,6.585266896692724,1045000
2020-12-03,6.705595970153809,6.809516067769122,6.629022909755846,6.645431236408516,808000
2020-12-04,7.033764839172363,7.0447040709251745,6.782168246581775,6.782168246581775,1573700
2020-12-07,6.946254253387451,7.0173577070439865,6.798578250878778,7.00641899504141,1373000
2020-12-08,6.929845333099365,7.132216443182175,6.869681118191931,6.918906100419109,979900
2020-12-09,7.050173282623291,7.143154660746555,6.940783057811511,7.011886495294668,1123000
2020-12-10,7.394751071929932,7.4166290120760054,7.039233892542202,7.039233892542202,2092400
2020-12-11,7.329117298126221,7.39475164526448,7.186910936956733,7.39475164526448,988700
2020-12-14,7.2689528465271,7.476793547917199,7.20878863886599,7.438507281370244,949400
2020-12-15,7.372873783111572,7.394752248349494,7.208789466717729,7.296301241224131,949400
2020-12-16,7.520549774169922,7.547897332216433,7.2798924109054495,7.38928212148021,1108300
2020-12-17,7.591652870178223,7.65728669352941,7.5424273722620185,7.56430531337908,918000
2020-12-18,7.460385799407959,7.619001015154364,7.460385799407959,7.536958338423347,1147700
2020-12-21,7.126745700836182,7.241605017774794,7.088459435727058,7.241605017774794,1271300
2020-12-22,7.115808963775635,7.1759731858529365,7.044705507714432,7.121278580767585,715100
2020-12-23,7.2087883949279785,7.258013891171901,7.170501608065347,7.192379548439175,528500
2020-12-24,7.099398136138916,7.203318743606182,7.05564225560888,7.203318743606182,250300
2020-12-28,7.093929767608643,7.203319480118419,7.039234650548108,7.121277326138911,630000
2020-12-29,7.15956449508667,7.175972823622875,7.066583097362582,7.15956449508667,590700
2020-12-30,7.175971984863281,7.290831314414158,7.159563658244955,7.159563658244955,377600
2020-12-31,7.061113357543945,7.170503081897149,7.011887851182167,7.126747192155867,602100
2021-01-04,7.082989692687988,7.2306661782114,7.028295103747312,7.154093127760976,809100
2021-01-05,7.2689528465271,7.400220493212028,7.088459701932508,7.088459701932508,1350400
2021-01-06,7.4056901931762695,7.45491569164616,7.225197046527517,7.23066666227112,1255000
2021-01-07,7.482263565063477,7.5643057182407585,7.378342947986879,7.493202275401846,998100
2021-01-08,7.553366661071777,7.580713696467641,7.449446048766939,7.575244602355228,697100
2021-01-11,7.4713239669799805,7.5041411396094535,7.411159759039086,7.4275680845481915,458900
2021-01-12,7.728390216827393,7.728390216827393,7.509610281660094,7.553366685982567,779700
2021-01-13,7.6408796310424805,7.7612080662695755,7.5916541249898755,7.7612080662695755,752000
2021-01-14,7.89247465133667,7.914352591620997,7.679164342356054,7.695572667166489,606000
2021-01-15,7.586184501647949,7.837781126661718,7.575245790096749,7.826842415110518,1260000
2021-01-19,7.684634208679199,7.7557376473270985,7.602591538726427,7.6682258833331485,668400
2021-01-20,7.695573329925537,7.750268446152434,7.63540911936498,7.739329214262541,1130300
2021-01-21,7.586184501647949,7.733861019674254,7.53695899563918,7.733861019674254,1103400
2021-01-22,7.340056419372559,7.471324068450717,7.26348336327133,7.411159859692712,794700
2021-01-25,7.104868412017822,7.268953240063048,7.017356642823379,7.268953240063048,1215000
2021-01-26,7.165031909942627,7.25801327909295,7.1376843563787915,7.170501003366435,903600
2021-01-27,6.738412857055664,6.968131524601772,6.694656970057483,6.946253581102682,2320500
2021-01-28,6.629022598266602,6.825924073680403,6.601675040722977,6.72747359677914,1427200
2021-01-29,6.22428035736084,6.579797037257532,6.218810741581193,6.579797037257532,2085500
2021-02-01,6.388364791870117,6.443059381514286,6.224279979715133,6.333669680614709,1123200
2021-02-02,6.530572414398193,6.683718547101911,6.486816525514658,6.486816525514658,1536700
2021-02-03,6.503224849700928,6.579797388255645,6.486816001486662,6.557919445581255,788500
2021-02-04,6.552450180053711,6.557919796417748,6.3774266292951545,6.541511468936964,664800
2021-02-05,6.63449239730835,6.7274737825575786,6.568858570357945,6.678248281941952,1152400
2021-02-08,6.765760898590088,6.842333967094968,6.678249118362427,6.700127063419342,2190800
2021-02-09,6.716533660888672,6.776698385498629,6.656369457889934,6.716533660888671,1111500
2021-02-10,6.738412857055664,6.787638360331448,6.683718259113597,6.722004529834176,670700
2021-02-11,6.678248405456543,6.771229792425468,6.64543123056874,6.749351849704032,510600
2021-02-12,6.722003936767578,6.754821109926491,6.56885834578562,6.612614228923323,463000
2021-02-16,6.88062047958374,6.924376371217709,6.809517025275698,6.875150862726651,867700
2021-02-17,6.8642120361328125,6.913437543802818,6.760291404026942,6.913437543802818,1168700
2021-02-18,6.683718204498291,6.858741751060828,6.683718204498291,6.847803040206326,588100
2021-02-19,6.623553276062012,6.689187104109535,6.579797390696996,6.67824839357393,2306400
2021-02-22,6.809516906738281,6.847803702460052,6.508694765782811,6.541511944742705,2656300
2021-02-23,7.044704437255859,7.05017405341669,6.716534770164325,6.864211276838907,2424000
2021-02-24,7.061113357543945,7.159564370267503,6.880620181958324,7.0282967010436606,1218300
2021-02-25,6.924375534057617,7.192380468316602,6.918905917861807,7.077521136261136,1394400
2021-02-26,6.700127124786377,6.89702863210205,6.645432000837455,6.842334029764488,1383100
2021-03-01,6.798576831817627,6.946252803502021,6.776698890767671,6.836863098252237,771600
2021-03-02,6.749351978302002,6.853272077806023,6.705596092025433,6.787638248391171,792300
2021-03-03,6.749351978302002,6.820455423904252,6.711065708212832,6.765760305252887,1245800
2021-03-04,6.847804069519043,7.039235971943658,6.738413814863387,6.793108942191215,1766800
2021-03-05,7.2853617668151855,7.318178941971595,7.011887219753218,7.039234778781675,3223200
2021-03-08,7.126745700836182,7.323647685080227,7.082989820251115,7.3072388386523945,1236900
2021-03-09,7.093929767608643,7.197849864090107,7.017356708046153,7.1267464205559286,1245400
2021-03-10,7.312709808349609,7.3509960805488666,7.0829911319313945,7.154094581452398,998800
2021-03-11,7.340056419372559,7.471324068450717,7.307239246297383,7.35646474510451,1104400
2021-03-12,7.25801420211792,7.318178410320675,7.219727413615016,7.307239178859484,912200
2021-03-15,7.673696041107178,7.679165657517816,7.2963013761657525,7.411160712732505,2095700
2021-03-16,7.558835983276367,7.657286982828342,7.542427657221466,7.575244830942551,1216800
2021-03-17,7.586184501647949,7.608062446361696,7.4549168333654645,7.542428612220454,950000
2021-03-18,7.15956449508667,7.493203290583403,7.148625261654962,7.482264578763053,1800100
2021-03-19,7.312709808349609,7.4330387630475645,7.1705029093076025,7.1705029093076025,2174400
2021-03-22,7.307238578796387,7.372872397339955,7.2033184965052115,7.296299869844737,555900
2021-03-23,6.924375534057617,7.192380468316602,6.897027974689876,7.175972141340481,1504700
2021-03-24,7.050173282623291,7.186910542026768,7.039234051497613,7.06111199213772,1090800
2021-03-25,6.946254253387451,6.968132199003972,6.804047346074382,6.968132199003972,1122600
2021-03-26,7.044704437255859,7.104868650191074,6.946253432806138,7.066582380287874,1126100
2021-03-29,7.028295516967773,7.050173458152577,6.940783230617291,7.011886669870722,800900
2021-03-30,6.951723098754883,7.050174103909705,6.907967212377474,7.028296160721001,818100
2021-03-31,7.011886119842529,7.044703289851116,6.9243743619679305,6.929843977237899,601200
2021-04-01,7.017356872558594,7.066582374744842,6.8259244799701415,7.028296104871674,1052700
2021-04-05,6.902496814727783,7.093929187164867,6.858740933304093,7.0611120152914735,681200
2021-04-06,6.89155912399292,7.07205229195171,6.880619891214168,6.918906162717145,752400
2021-04-07,6.968130588531494,7.017356085194524,6.858740885731009,6.891558057376778,856700
2021-04-08,6.886089324951172,6.957192771293071,6.8587417653410085,6.886089324951172,1418100
2021-04-09,6.782167911529541,6.902496846809586,6.749351261114872,6.902496846809586,758200
2021-04-12,6.809516906738281,6.897028688482847,6.804047289976404,6.842334085698175,377100
2021-04-13,6.787638187408447,6.847802921706667,6.7657602444667235,6.820455362626686,508800
2021-04-14,6.979070663452148,7.028296166067002,6.8478030042200775,6.8478030042200775,804300
2021-04-15,7.000948429107666,7.093929815775126,6.973600870391714,7.093929815775126,641200
2021-04-16,7.028295516967773,7.050173458152577,6.984539634598163,7.006417575782968,955200
2021-04-19,7.044704437255859,7.082990707159059,6.962661759677323,7.055643147966213,960400
2021-04-20,6.853532791137695,7.024320420781975,6.803949794213567,7.007792755140599,1573700
2021-04-21,6.892097473144531,6.9031157408564825,6.726819254225471,6.726819254225471,1225500
2021-04-22,6.831495761871338,6.914135141292173,6.7984404304270205,6.903116347207387,726000
2021-04-23,6.787422180175781,6.848024501687748,6.7323297815527035,6.842515104203922,828800
2021-04-26,6.798440456390381,6.892098104848662,6.748856933629524,6.748856933629524,919100
2021-04-27,6.781912326812744,6.809458259436092,6.7653841367527505,6.803949388154415,761000
2021-04-28,6.974737167358398,6.991264833636985,6.814968325585284,6.82047772281316,1279800
2021-04-29,6.892097473144531,7.0628845632170805,6.886588076586069,7.046356898946667,560400
2021-04-30,6.517467021942139,6.825986404077705,6.473392899552055,6.803949342882663,1631600
2021-05-03,6.462373733520508,6.556031369548771,6.396262553748489,6.467883129852747,1440900
2021-05-04,6.4017720222473145,6.539503779676228,6.368716694691152,6.522976115898147,908600
2021-05-05,6.545012950897217,6.60010533673042,6.429318257621069,6.47890177265441,987400
2021-05-06,6.6496901512146,6.6551995484960225,6.500940102451491,6.528486563453561,816300
2021-05-07,6.743346214294434,6.7653832728220005,6.616633259112156,6.622142655095277,865100
2021-05-10,6.991264343261719,7.040847864024674,6.748856661693382,6.792930785614898,1276300
2021-05-11,6.848023414611816,6.974736384194652,6.83700462139332,6.903115804489362,818000
2021-05-12,6.980245590209961,7.046356771500852,6.814967374280249,6.842513831169361,1511000
2021-05-13,6.809457302093506,7.013300222196902,6.765383185606551,6.914133722803709,972100
2021-05-14,7.1565423011779785,7.178579362308892,6.908625232103945,6.908625232103945,938600
2021-05-17,7.178578853607178,7.195107042337848,7.018810040378635,7.101449407817157,1066100
2021-05-18,7.046357154846191,7.310802419801428,7.040847758087646,7.1785795246213135,1038500
2021-05-19,7.002284049987793,7.051867577216053,6.842515198588436,6.908626393091094,1705200
2021-05-20,6.864551544189453,6.941681525730464,6.765384500123156,6.930662731765313,1346000
2021-05-21,6.699274063110352,6.963719368446325,6.699274063110352,6.9251541106525965,1261300
2021-05-24,6.776401996612549,6.781911392540241,6.699272029839591,6.759874334234384,397300
2021-05-25,6.594596862792969,6.7819121417893475,6.594596862792969,6.765383952180276,759100
2021-05-26,6.506449222564697,6.572560410910369,6.478902762736079,6.528486285346588,742300
2021-05-27,6.445847034454346,6.545014081653731,6.346680512659993,6.522977018432204,1251000
2021-05-28,6.578068733215332,6.622143380503446,6.478902221680764,6.506448679208969,760800
2021-06-01,6.853532791137695,6.87006098218409,6.682745686898434,6.682745686898434,1445600
2021-06-02,7.046357154846191,7.106958942975207,6.8425142034249635,6.864551265054151,1873500
2021-06-03,7.084921360015869,7.128995480031134,6.980245456330851,6.980245456330851,777700
2021-06-04,7.184088230133057,7.217144082098728,7.101449388326293,7.162051170624257,781100
2021-06-07,7.349367141723633,7.360385409828866,7.06839421207276,7.200616581765526,1449400
2021-06-08,7.32181978225708,7.332838574411225,7.200615695586129,7.32181978225708,986400
2021-06-09,7.228163242340088,7.415478534014047,7.206126180108152,7.327330285086304,879000
2021-06-10,7.2612199783325195,7.365895905267987,7.244691785601863,7.310803505714346,898300
2021-06-11,7.222653388977051,7.310802157739018,7.184088663859609,7.294273968055851,319300
2021-06-14,7.244690418243408,7.409968636519963,7.228162754037244,7.266727478986618,382400
2021-06-15,7.277746200561523,7.2777462005615225,7.134505044435429,7.272236804078604,1100400
2021-06-16,7.200616359710693,7.316311060975283,7.162051634424156,7.261218671338083,644100
2021-06-17,7.035338401794434,7.189597822565777,6.9471896359487095,7.145523702345393,1082500
2021-06-18,6.991264343261719,7.0243201989053565,6.897607223982249,6.897607223982249,1147600
2021-06-21,7.233672142028809,7.277746263463159,7.051866259760866,7.073903320478041,1511100
2021-06-22,7.250199794769287,7.277746251973511,7.084921576948914,7.23367213060874,859700
2021-06-23,7.349367141723633,7.4595524498009365,7.3273300801081716,7.332839476863285,476000
2021-06-24,8.08760929107666,8.153720474264686,7.4705710559167615,7.498116988191371,2461200
2021-06-25,8.175756454467773,8.192284116728528,8.032515313794802,8.082098825981976,1139300
2021-06-28,8.032515525817871,8.192284332968793,7.955385557556939,8.192284332968793,976200
2021-06-29,7.938858985900879,8.082100150040485,7.9058036559640446,8.065572485072067,651200
2021-06-30,8.054553031921387,8.07659009187638,7.944367732146427,7.966404792101419,443700
2021-07-01,8.186776161193848,8.23085028524672,8.09311851623024,8.197794954909567,685000
2021-07-02,8.385110855102539,8.456731443252233,8.06557316976085,8.148212027023167,849300
2021-07-06,8.098628044128418,8.34654512728852,8.060063316309405,8.34654512728852,1025100
2021-07-07,8.02149772644043,8.175757146543624,7.922330693671613,8.049043657405141,583900
2021-07-08,7.894784927368164,7.977423778295492,7.8286737415453,7.861729597159232,1003200
2021-07-09,7.977424144744873,8.021498796056386,7.889275892931895,7.971915273060331,738700
2021-07-12,7.894784927368164,7.9388590512500725,7.768071952558926,7.806636679604346,427100
2021-07-13,7.823163032531738,7.911311265510475,7.806635370199453,7.911311265510475,471000
2021-07-14,7.6689043045043945,7.933349026878013,7.652376640707282,7.8562195788881874,837100
2021-07-15,7.4044599533081055,7.701960564704301,7.387932287509711,7.608303441576722,1822100
2021-07-16,7.32181978225708,7.470570323908465,7.288763931199575,7.465060927831393,1256400
2021-07-19,7.035338401794434,7.217144279054756,6.974736092437689,7.1124678494776274,1597800
2021-07-20,7.002284049987793,7.057376974775876,6.842515198588436,6.980246985153573,866400
2021-07-21,7.266727447509766,7.299783301183879,7.106958626462317,7.12348681600186,1168400
2021-07-22,7.250199794769287,7.310802105699573,7.184088612722132,7.255709191291126,821200
2021-07-23,7.195108890533447,7.277747753794332,7.062885973748922,7.277747753794332,1040100
2021-07-26,7.354875564575195,7.393440285944417,7.184087965616648,7.184087965616648,736500
2021-07-27,7.294273853302002,7.3548761637102675,7.250199732316881,7.3548761637102675,517500
2021-07-28,7.443024158477783,7.481588881707685,7.2612182841011785,7.349366523143781,525900
2021-07-29,7.575246810913086,7.663395053375279,7.492607964956021,7.5421909572872785,507800
2021-07-30,7.443024158477783,7.619320636562988,7.382421850082283,7.619320636562988,608500
2021-08-02,7.310802459716797,7.613811927421233,7.299783666139546,7.525663680423215,981300
2021-08-03,7.376914024353027,7.376914024353028,7.029829889894377,7.272237581605724,1219800
2021-08-04,7.222653388977051,7.575246887809997,7.156542206459306,7.365894547134651,882000
2021-08-05,7.101449012756348,7.288763745972277,7.079411954413008,7.233671362816385,1232400
2021-08-06,7.035338401794434,7.156541969698011,6.99677315254788,7.117977245856414,961800
2021-08-09,7.095940589904785,7.106958857884963,6.886588244231548,6.936171763654813,880600
2021-08-10,7.2391815185546875,7.261218579210967,7.151032750524602,7.156542147039914,569600
2021-08-11,7.3328399658203125,7.34385823466025,7.17857999882097,7.17857999882097,427800
2021-08-12,7.454043388366699,7.509136307586209,7.349367472335652,7.409969263153099,1309000
2021-08-13,7.37140417098999,7.542191266409072,7.360385377528119,7.409968897296559,1283100
2021-08-16,7.1675615310668945,7.250200383990628,7.079413281173577,7.250200383990628,928400
2021-08-17,7.233672142028809,7.266727470402086,7.062884527416967,7.095940381195217,1289200
2021-08-18,7.283255577087402,7.459552060818001,7.2336720596869295,7.2336720596869295,1753100
2021-08-19,7.1400146484375,7.195107564057991,6.991264091505165,7.1400146484375,1963900
2021-08-20,7.206125259399414,7.239181111226357,7.024319387863576,7.040847051074577,823400
2021-08-23,7.498116970062256,7.5036263666658485,7.316311085383511,7.382422268411693,698000
2021-08-24,7.635850429534912,7.696452754831323,7.54770216590933,7.597285695549994,654900
2021-08-25,7.657885551452637,7.668904344311211,7.56973731020388,7.619320827257546,768800
2021-08-26,7.4815897941589355,7.624830962775266,7.465062128673978,7.619321565811942,443300
2021-08-27,7.679922580718994,7.718487830163147,7.569737279603469,7.569737279603469,712200
2021-08-30,7.630340099334717,7.735016011040478,7.542191327144873,7.735016011040478,536500
2021-08-31,7.690942287445068,7.7239981444102215,7.564228782051173,7.564228782051173,650500
2021-09-01,7.597284317016602,7.7239978170399315,7.5917749201884135,7.6799231678194255,626800
2021-09-02,7.751543998718262,7.795618123945834,7.6578863512584165,7.6578863512584165,560900
2021-09-03,7.619321346282959,7.78459957258555,7.580756619460853,7.779090175780964,594400
2021-09-07,7.542191028594971,7.657885729271678,7.520153967771073,7.520153967771073,708800
2021-09-08,7.426496505737305,7.6138117899279765,7.420987634453157,7.5587193992515935,997900
2021-09-09,7.343858242034912,7.459552954698085,7.277747052713818,7.459552954698085,868400
2021-09-10,7.305292129516602,7.487097997071568,7.277745674498137,7.371403306317959,1126800
2021-09-13,7.420987129211426,7.487098308765042,7.365894216880937,7.3934406730461815,1032500
2021-09-14,7.316311359405518,7.525663709538243,7.255709570711176,7.525663709538243,1047000
2021-09-15,7.531171798706055,7.602792368584751,7.321819484923304,7.321819484923304,1136300
2021-09-16,7.531171798706055,7.536681194559394,7.360384205086868,7.5091347406976015,917800
2021-09-17,7.343858242034912,7.492608812061148,7.338348844906898,7.4430252887190695,1076200
2021-09-20,7.206125259399414,7.261218170642674,7.1400140811504675,7.189597596188412,1209800
2021-09-21,7.2391815185546875,7.288764510977588,7.189598000726818,7.277746243351933,668500
2021-09-22,7.343858242034912,7.415478828484023,7.283256449841833,7.338348844906898,743100
2021-09-23,7.437514781951904,7.492607694202416,7.376912998800299,7.382421869701391,523900
2021-09-24,7.294273853302002,7.409968552239184,7.288764456827621,7.398950284695387,349600
2021-09-27,7.690942287445068,7.7515440789086565,7.387932279317081,7.409969342158842,2133600
2021-09-28,7.746033668518066,7.944367194695366,7.674413097158368,7.779088993511825,1261100
2021-09-29,7.76807165145874,7.828673438096113,7.701959942793449,7.7295064005031575,484500
2021-09-30,7.905803203582764,7.922330867605445,7.718487926642495,7.7790897116623015,1197900
2021-10-01,8.060062408447266,8.12617358814972,7.9443677126167325,7.966404772517551,867200
2021-10-04,8.219832420349121,8.296962403929538,8.087610041701286,8.087610041701286,1104400
2021-10-05,8.197793960571289,8.33001631669221,8.197793960571289,8.318998049717937,597100
2021-10-06,8.164738655090332,8.186775715918182,7.988442168467537,8.186775715918182,950500
2021-10-07,8.357563018798828,8.429183595161835,8.175757142417716,8.175757142417716,731400
2021-10-08,8.533859252929688,8.566915104685112,8.40163689671787,8.4291833522799,619600
2021-10-11,8.616499900817871,8.765249942322829,8.605481106792679,8.68812048576656,482200
2021-10-12,8.605480194091797,8.710156624609015,8.55589667704732,8.588952530211959,468000
2021-10-13,8.561406135559082,8.649554377430713,8.49529495415536,8.583443196026991,562300
2021-10-14,8.528350830078125,8.682610788669228,8.506313768194397,8.649554933141134,366200
2021-10-15,8.64404582977295,8.677101686423246,8.539369913622876,8.577934641877373,623100
2021-10-18,8.511823654174805,8.75423187423156,8.495295988163445,8.682611287642294,460000
2021-10-19,8.616499900817871,8.6605740261086,8.522842253223816,8.522842253223816,478500
2021-10-20,8.566915512084961,8.649554357296005,8.550387848123744,8.622007900424002,644000
2021-10-21,8.434693336486816,8.511822786951551,8.352053964039632,8.434693336486816,832100
2021-10-22,8.440202713012695,8.478767965959115,8.374091526339555,8.440202713012695,719900
2021-10-25,8.429184913635254,8.572426088766719,8.357564326069523,8.506314373009861,1079100
2021-10-26,8.473258972167969,8.48427724110185,8.357564258634532,8.407147782349583,736000
2021-10-27,8.385110855102539,8.56140736414484,8.35756439421342,8.42367558510428,673500
2021-10-28,8.40163803100586,8.44571215569349,8.318999178567806,8.324508050100002,468800
2021-10-29,8.346545219421387,8.363073410444846,8.20330457505318,8.324508156795122,1102300
2021-11-01,8.374090194702148,8.644044295374291,8.352053135982073,8.374090194702148,408200
2021-11-02,8.252886772155762,8.379600264031266,8.236359108138945,8.296961418542216,558700
2021-11-03,8.247377395629883,8.285942117773928,8.175756822073131,8.203303277349564,785500
2021-11-04,8.192285537719727,8.500804930729148,8.164739078903795,8.363073162054496,698500
2021-11-05,8.203303337097168,8.269414514999157,8.153719822319442,8.269414514999157,601300
2021-11-08,8.33001708984375,8.33001708984375,8.208812989447528,8.252887112245247,721900
2021-11-09,8.368582725524902,8.418166250412835,8.225342073565928,8.418166250412835,831500
2021-11-10,8.126173973083496,8.484276344786203,8.104136912138792,8.473258077016338,655600
2021-11-11,8.148211479187012,8.28043385207891,8.07659089585265,8.164739144447248,732500
2021-11-12,8.049044609069824,8.148211653563482,8.010479880835632,8.07108167169008,420300
2021-11-15,8.010480880737305,8.060064409173357,7.933350889236214,8.038027343802343,666900
2021-11-16,7.8452019691467285,8.027007874546243,7.845201969146729,7.9939525419672615,722300
2021-11-17,7.657885551452637,7.883766076408775,7.635848491140447,7.823163766496534,993000
2021-11-18,7.674413681030273,7.7129784049253125,7.5256631310266195,7.613811371589544,1124500
2021-11-19,7.454043388366699,7.63034041462612,7.426496928756945,7.542191638793901,1068200
2021-11-22,7.365894794464111,7.531173019010616,7.365894794464112,7.481589499106166,693200
2021-11-23,7.454043388366699,7.4760804509735,7.387932200546299,7.420988057159008,711000
2021-11-24,7.426496505737305,7.470571153845392,7.382422383034204,7.4320059024264395,269200
2021-11-26,7.057376384735107,7.167561699694023,6.8535328953048325,7.151033508396416,888600
2021-11-29,7.046357154846191,7.31631129115498,7.007792428346362,7.277746564655151,1123400
2021-11-30,7.079412937164307,7.134505327968024,6.925152981941926,6.925152981941926,1775200
2021-12-01,7.189598083496094,7.55871924779195,7.1455239616761395,7.2557092662260265,1108100
2021-12-02,7.398951053619385,7.465062241967564,7.200616963169828,7.200616963169828,1134000
2021-12-03,7.409968852996826,7.564228282705868,7.371404126920813,7.49811709854485,718200
2021-12-06,7.531171798706055,7.630338822446543,7.459551228827357,7.542190065007826,673400
2021-12-07,7.674413681030273,7.746034257838889,7.597283707835235,7.597283707835235,602400
2021-12-08,7.7845988273620605,7.806635887065787,7.64135767658536,7.657885340011919,395100
2021-12-09,7.6689043045043945,7.740524881498489,7.619320787708101,7.696450761102886,444300
2021-12-10,7.690942287445068,7.762562873032048,7.613812304796392,7.762562873032048,468000
2021-12-13,7.437514781951904,7.668904172756137,7.432005385645862,7.6468671129369215,558600
2021-12-14,7.2171430587768555,7.426494831723905,7.200614872435088,7.398948905297361,497300
2021-12-15,7.1565423011779785,7.233672277838669,7.073903453288294,7.200616423439807,743800
2021-12-16,7.173071384429932,7.206126717540596,6.996774348021216,6.996774348021216,912200
2021-12-17,7.2391815185546875,7.387931546633327,7.084921568555766,7.095940361586391,1279000
2021-12-20,7.073904037475586,7.15654289218987,7.046357577435817,7.1069593691992905,776400
2021-12-21,7.162052154541016,7.250200404685949,7.095940966932316,7.151033360570392,414300
2021-12-22,7.299784183502197,7.31080297786039,7.117978279832281,7.151033612096793,371500
2021-12-23,7.233672142028809,7.409968627766214,7.206125684781096,7.365894506331863,545300
2021-12-27,7.420987129211426,7.420987129211426,7.2116347979225015,7.21714419423654,425400
2021-12-28,7.3934407234191895,7.53668187613043,7.36038487071469,7.448533636125037,361500
2021-12-29,7.288764953613281,7.409969057285843,7.233672561329392,7.387931995291287,350100
2021-12-30,7.173071384429932,7.404460292419724,7.1675619871098055,7.343858498113475,367900
2021-12-31,7.101449012756348,7.206124908535982,7.084920824945156,7.184087850192642,558700
2022-01-03,7.376914024353027,7.387932293091941,7.140015204308626,7.140015204308626,454200
2022-01-04,7.365894794464111,7.487098895852214,7.338348336138862,7.437515375947764,410500
2022-01-05,7.206125259399414,7.514644616632772,7.2006158631941,7.420986982762196,618400
2022-01-06,7.1565423011779785,7.3383481868592675,7.1234869721840965,7.31080225449936,496000
2022-01-07,7.360383987426758,7.365893383117175,7.101448694835864,7.20061519023891,615500
2022-01-10,7.173071384429932,7.365895561988933,7.112469064718635,7.321821434238016,385900
2022-01-11,7.58626651763916,7.613812452672595,7.184089456209613,7.189598853378313,536700
2022-01-12,7.679922580718994,7.8121454674625825,7.61381140004968,7.6303395892707275,668200
2022-01-13,7.746033668518066,7.768070726982211,7.624829584262813,7.707468422152125,840000
2022-01-14,7.790109157562256,7.828673885315903,7.674414448896306,7.757053301341266,796500
2022-01-18,8.170248031616211,8.263905671256179,7.9774233557915775,7.9774233557915775,1941700
2022-01-19,8.225341796875,8.462240093341077,8.170248876540548,8.170248876540548,1304200
2022-01-20,8.01598834991455,8.230849554238546,8.010478953545999,8.14821071033008,975800
2022-01-21,7.927841663360596,8.087610511525927,7.867239342239396,7.938859932852139,1740400
2022-01-24,7.790109157562256,7.867238613069549,7.690942114304296,7.757053301341266,1438100
2022-01-25,8.082099914550781,8.098627579037629,7.707469350149033,7.757052869014556,1384500
2022-01-26,8.10964584350586,8.263905261269505,8.065571724144817,8.186775289685208,1027700
2022-01-27,8.049044609069824,8.241869301050823,7.993952215221694,8.186776381797676,644200
2022-01-28,8.071081161499023,8.13719287058574,7.933349397477505,8.027007039044536,929200
2022-01-31,8.1206636428833,8.170247155659638,7.977422500508311,8.043534201146704,807300
2022-02-01,8.10964584350586,8.197794082227944,8.049043535330718,8.104136447234493,1072200
2022-02-02,8.098628044128418,8.159230359735451,8.032516856979392,8.06557271325641,446900
2022-02-03,7.933350086212158,8.104137719603981,7.839692436514227,8.104137719603981,1171400
2022-02-04,8.115155220031738,8.197794593036702,7.9333493349877875,8.038025769046413,987300
2022-02-07,8.170248031616211,8.197794488934726,8.02700687388391,8.109646245839455,781500
2022-02-08,8.08760929107666,8.181266931944275,8.043535168951308,8.11515522335127,893500
2022-02-09,8.093117713928223,8.186775349607187,8.071080654086405,8.153720022546937,516700
2022-02-10,8.032515525817871,8.291451359960718,8.01598786312086,8.03802492185185,1501900
2022-02-11,8.33001708984375,8.35205415124261,8.054553559655512,8.071081224353408,1760100
2022-02-14,8.208812713623047,8.324507413430847,8.12617386750532,8.318998542319978,911500
2022-02-15,8.148211479187012,8.15923027296384,8.015989106295114,8.07659089585265,1801400
2022-02-16,8.440202713012695,8.511823296593182,8.16473917250544,8.20330442545186,2851100
2022-02-17,8.445712089538574,8.489786213880974,8.335526778682576,8.462239754815723,769300
2022-02-18,8.35205364227295,8.467748338917836,8.35205364227295,8.412655951480481,737500
2022-02-22,8.489786148071289,8.63853671062758,8.412656693772472,8.550388462626076,2027400
2022-02-23,8.594462394714355,8.671591847290888,8.462239500259605,8.544878874969447,985400
2022-02-24,8.577934265136719,8.759740155215937,8.451221291919989,8.649554846895956,1441200
2022-02-25,8.610989570617676,8.688119544220255,8.495294872916288,8.577933717529438,991000
2022-02-28,8.908490180969238,8.919508973842577,8.528350233318438,8.528350233318438,1560700
2022-03-01,9.128861427307129,9.44288969064397,9.007657849594136,9.06275076703095,1554000
2022-03-02,9.167427062988281,9.48145535745308,9.018677537217132,9.183955255100678,1526900
2022-03-03,9.426362037658691,9.45390796947206,9.062750273510531,9.117842137137266,1012900
2022-03-04,9.652241706848145,9.663260499515872,9.387796987682146,9.448398245734829,1708500
2022-03-07,9.856084823608398,9.86159422033716,9.635714208507844,9.679788331527954,2392200
2022-03-08,9.927704811096191,10.137056609138448,9.602657796412531,10.048908373035408,2456000
2022-03-09,9.67427921295166,9.834048570249449,9.520020303351048,9.64673327932584,1428400
2022-03-10,9.729372024536133,9.867103792777936,9.657751967406796,9.712843834055516,2253000
2022-03-11,9.817520141601562,9.911177784793013,9.60265892226058,9.63020485521866,1687500
2022-03-14,9.305158615112305,9.762428077498988,9.250066744384574,9.729372744900335,2205000
2022-03-15,9.183954238891602,9.21150017188752,8.787286603971447,9.002148349012572,1600600
2022-03-16,9.178443908691406,9.360249780080952,9.024183967496384,9.228027423689454,1219000
2022-03-17,9.646732330322266,9.652241726667441,9.338213490661772,9.360250025232569,1484500
2022-03-18,9.459418296813965,9.613678262254028,9.387798236565748,9.608168865187237,1319100
2022-03-21,9.905669212341309,9.966271530864098,9.608169118559582,9.608169118559582,1204100
2022-03-22,9.8340482711792,9.944233053141584,9.723862438406837,9.944233053141584,791900
2022-03-23,10.280299186706543,10.539234534956341,9.982799111144011,10.032381581396093,2529800
2022-03-24,10.329883575439453,10.335392972776898,10.10400353865465,10.280300050212535,1136900
2022-03-25,10.473124504089355,10.522708028134135,10.26377161349805,10.291318599528523,1047500
2022-03-28,10.208678245544434,10.368446537844449,10.109511212001705,10.291317089893402,1160800
2022-03-29,10.252753257751465,10.269280397572917,9.98830746169812,10.021363842961044,1419000
2022-03-30,10.368447303771973,10.451086154225555,10.26377086609877,10.291317850123296,827900
2022-03-31,10.247243881225586,10.329882732926999,10.148076838859884,10.208679153818926,1278100
2022-04-01,10.429048538208008,10.511687380106872,10.2582614581757,10.351919092543717,1456900
2022-04-04,10.473124504089355,10.660439805856283,10.390485647618082,10.445577518058883,737600
2022-04-05,10.638401985168457,10.737569031096674,10.533726592964271,10.533726592964271,1144500
2022-04-06,10.440067291259766,10.792660242462288,10.429048498832216,10.726548538706874,1044500
2022-04-07,10.566781044006348,10.577799837260047,10.318863449847925,10.429049280764993,778800
2022-04-08,10.539234161376953,10.660438786703558,10.489651692882397,10.616364664078421,1027900
2022-04-11,10.368447303771973,10.544743798288946,10.346410767362348,10.539234401484041,886400
2022-04-12,10.517196655273438,10.754095436583725,10.473122536714072,10.572289566175112,840300
2022-04-13,10.621872901916504,10.721038878896623,10.4400670345715,10.610854109759872,1185100
2022-04-14,10.825716018676758,10.83673481156207,10.51168777711484,10.638400742866153,1006900
2022-04-18,10.654930114746094,10.91386547142967,10.55025367233782,10.875300742860844,1318700
2022-04-19,10.661495208740234,10.73312835507965,10.48837968434137,10.685372544657262,1225600
2022-04-20,10.768945693969727,10.780883792220726,10.577921320305942,10.697311411522271,860400
2022-04-21,10.428685188293457,10.870426742713628,10.380929375345016,10.786854354700957,1164900
2022-04-22,10.327202796936035,10.446592885346732,10.28541660756877,10.357050888332841,1002900
2022-04-25,9.957096099853516,10.05260772020702,9.682499337395948,10.05260772020702,1593700
2022-04-26,9.837706565856934,10.058577912131561,9.825767327985139,10.046638674259766,955500
2022-04-27,9.980974197387695,10.00485267359262,9.67056197684256,9.86755485117954,1280800
2022-04-28,9.957096099853516,10.004851910030267,9.700408193182852,10.004851910030267,803300
2022-04-29,9.688468933105469,10.070516552205335,9.62877388587846,10.004851886396793,945300
2022-05-02,9.646683692932129,9.694439507705518,9.479538341225267,9.581019020648055,1208400
2022-05-03,9.837706565856934,9.879492759819822,9.59295788242711,9.676530270352886,1545600
2022-05-04,10.177966117858887,10.20781421031772,9.766072689221764,10.058577163788478,2511700
2022-05-05,9.754134178161621,10.267510020776987,9.676530270581516,10.267510020776987,1145200
2022-05-06,9.700408935546875,9.807859801314772,9.575050351209939,9.807859801314772,771800
2022-05-09,9.01391887664795,9.575050555054993,9.001979638288804,9.551172078336702,1378700
2022-05-10,9.049735069274902,9.282545083755192,8.840803530500056,9.145246694919884,1015800
2022-05-11,9.025856971740723,9.306422793102508,8.960192872823788,9.306422793102508,1025700
2022-05-12,8.90646743774414,9.061674110699958,8.775138670681976,9.00197906131874,959200
2022-05-13,9.043766021728516,9.109430695478743,8.948254390049163,8.996010205888838,994400
2022-05-16,9.163155555725098,9.264636800341027,9.013918498265692,9.013918498265692,1311700
2022-05-17,9.187034606933594,9.300454534246434,9.151217458190754,9.300454534246434,1313800
2022-05-18,8.458756446838379,9.222850020227636,8.416970253000478,9.193002494931623,2084200
2022-05-19,8.291610717773438,8.649779296837435,8.291610717773438,8.357274814944962,2048400
2022-05-20,8.464726448059082,8.578146366153415,8.24385566176385,8.422939683039722,1341600
2022-05-23,8.733352661132812,8.77513885500086,8.452786834018598,8.554268078521735,1157400
2022-05-24,8.709474563598633,8.733352469469803,8.524420366126424,8.66768837064763,1075600
2022-05-25,8.912437438964844,8.918406488723745,8.71544456456592,8.71544456456592,1383200
2022-05-26,9.007948875427246,9.121368788557723,8.92437591834034,8.92437591834034,1464300
2022-05-27,9.139277458190918,9.145246507700886,8.89452821086835,8.996009453362195,1409500
2022-05-31,10.088423728942871,10.482409425512374,9.891430880658119,10.016790586978377,3414500
2022-06-01,10.339143753051758,10.386899568640903,10.160059729239578,10.225723264056867,1483900
2022-06-02,10.279448509216309,10.333173943086178,10.160059541740935,10.333173943086178,900900
2022-06-03,10.428685188293457,10.476441001241897,10.207814980377567,10.237661936499695,1096000
2022-06-06,10.273477554321289,10.476440025088005,10.261539456137818,10.458532308518658,1142900
2022-06-07,10.404808044433594,10.410777663486613,10.225722888608265,10.237662126714303,862500
2022-06-08,10.195877075195312,10.506290469228471,10.177968216028136,10.488381610061294,1577600
2022-06-09,9.825767517089844,10.136180876200296,9.807859798525895,10.11230353858556,980000
2022-06-10,9.509387016296387,9.682501438787481,9.419844425810942,9.652654477919953,1086500
2022-06-13,9.007948875427246,9.509385479360292,8.858711818032612,9.38402632837703,1367000
2022-06-14,8.90646743774414,9.246727739052197,8.787077908275892,9.12136859078699,1366000
2022-06-15,8.864681243896484,8.990040392149568,8.70947457095568,8.930345342774125,1075700
2022-06-16,8.584115982055664,8.703505519291957,8.452787206448631,8.643810466026702,1454100
2022-06-17,8.166252136230469,8.584115791950534,8.112526703340395,8.428909112333473,5979500
2022-06-21,7.270829200744629,7.611089489882909,7.014141294597975,7.432004917438596,4664500
2022-06-22,6.8887834548950195,7.020112242121218,6.835058016061835,7.014142622407693,3120900
2022-06-23,6.458979606628418,6.9842941124803435,6.447040938171929,6.882812868776324,3305900
2022-06-24,6.584339141845703,6.7096982990927305,6.435102076994206,6.524644657481638,1875400
2022-06-27,7.02608060836792,7.145470134867739,6.721636888822754,6.745514794122719,2901300
2022-06-28,7.393840789794922,7.432484828789399,7.091131710280526,7.142656686122388,3058800
2022-06-29,7.12977409362793,7.52909290518835,7.116893158662018,7.464687001906647,2567000
2022-06-30,6.994521141052246,7.1748591506438935,6.872149490610715,7.08469014584807,1655500
2022-07-01,7.1362152099609375,7.1362152099609375,6.788421350061257,6.975199522706898,1286800
2022-07-05,6.562999248504639,7.078249578907398,6.395543397860284,6.9945213464721645,1721100
2022-07-06,6.369781017303467,6.517915159595441,6.176562063431486,6.51147438448028,1346600
2022-07-07,6.633846282958984,6.711133737330849,6.524355569042321,6.524355569042321,1094800
2022-07-08,6.6853718757629395,6.762659337339684,6.524356177254852,6.678931100408342,1009100
2022-07-11,6.479271411895752,6.556558866717086,6.382661632699517,6.5372365423421845,1275000
2022-07-12,6.414864540100098,6.5179144742019375,6.279611348034919,6.337577089523719,1666800
2022-07-13,6.472830295562744,6.543676971854192,6.3118146196244975,6.318255394076282,891600
2022-07-14,6.1314778327941895,6.27961197428205,6.015546338255086,6.266730424121652,1891600
2022-07-15,6.170121192932129,6.305374397129017,6.112155446244017,6.22808693962024,1886000
2022-07-18,6.311814785003662,6.434186431663588,6.253849041870933,6.311814785003662,1882500
2022-07-19,6.569438934326172,6.588760641922805,6.344017374429427,6.344017374429427,1836500
2022-07-20,6.556558609008789,6.601642802325991,6.401983091215687,6.543677059931836,1032800
2022-07-21,6.247408866882324,6.414865337732592,6.137918144728389,6.395543626242525,1376900
2022-07-22,6.009105205535889,6.26028989067902,5.996224270368233,6.215205082027023,1314800
2022-07-25,6.2731709480285645,6.292493272495509,6.028427032815451,6.067071067523245,2003300
2022-07-26,6.389103412628174,6.5372375707837485,6.324696883031549,6.421306677426486,1670900
2022-07-27,6.556558609008789,6.562998769321199,6.253848962187128,6.421305414831116,1977100
2022-07-28,6.691812515258789,6.717575001928001,6.453509360012044,6.6596092533657405,1693500
2022-07-29,6.917233943939209,7.058927924125293,6.8141839998861,6.8141839998861,1695500
2022-08-01,6.775540351867676,6.904352777635368,6.691812121562151,6.846387032483382,1219000
2022-08-02,6.827065467834473,6.936556185629588,6.769099721445751,6.820624692852146,1892700
2022-08-03,6.814183235168457,6.852827266964628,6.653167562098831,6.82706478384253,1635900
2022-08-04,6.543678283691406,6.942997166364177,6.4985940819428265,6.897912964615597,1942100
2022-08-05,6.640287399291992,6.6467275601513665,6.505034193627232,6.543677615687953,1185300
2022-08-08,6.891470909118652,6.975199135550574,6.685371037425345,6.685371037425345,1535200
2022-08-09,6.942997455596924,7.084691456714554,6.9172349657779195,6.988082273449838,1118900
2022-08-10,6.955877304077148,7.033164754605932,6.891470788190134,7.026723980172019,1136800
2022-08-11,7.078249931335449,7.174859718598383,7.03960650781119,7.084690706664873,999600
2022-08-12,7.226384162902832,7.239265098391035,7.007402731568488,7.01384350642564,869500
2022-08-15,6.942997455596924,6.968759945415929,6.736897537044888,6.9494382316082275,990900
2022-08-16,6.833506107330322,7.052487558261888,6.833506107330322,6.98808164660482,1501800
2022-08-17,6.724014759063721,6.865708734346941,6.6789305636570075,6.794862053818378,1105100
2022-08-18,6.820624828338623,6.82706560344889,6.698252558148022,6.820624828338622,1365800
2022-08-19,6.6982526779174805,6.807743399845316,6.67249019124188,6.743337490269381,999000
2022-08-22,6.769099235534668,6.775540010054652,6.550117815663736,6.627405267225348,1003700
2022-08-23,7.1684184074401855,7.174859182288171,6.781980515726401,6.8270653254362035,1902900
2022-08-24,7.219943523406982,7.316552691171106,7.097571869957354,7.181299487765668,883000
2022-08-25,7.213501930236816,7.23926441300021,7.02028300239834,7.207061155989458,892200
2022-08-26,7.06536865234375,7.265027764066437,7.000962130624495,7.161977820696519,836900
2022-08-29,7.2843499183654785,7.322993339110301,7.033165226619738,7.05892771185832,1056000
2022-08-30,6.910792827606201,7.181299224500353,6.846386922866599,7.149096579243595,1217000
2022-08-31,6.640287399291992,6.878590549420166,6.6145249131761386,6.775540604956753,1631800
2022-09-01,6.35045862197876,6.601643320667003,6.298933650077497,6.601643320667003,1385100
2022-09-02,6.666049957275391,6.666049957275391,6.434186965506846,6.498593488603914,1125400
2022-09-06,6.691812515258789,6.83350588482639,6.672490189587281,6.7948624619356375,1286000
2022-09-07,6.6853718757629395,6.704693587600589,6.4663904275157575,6.601643638831597,1031200
2022-09-08,6.595202922821045,6.769100173603068,6.524356235961416,6.6596094484942725,932100
2022-09-09,6.936556339263916,6.9751997615615515,6.640287440002181,6.724015059722432,1031100
2022-09-12,7.104012489318848,7.252147252243145,7.046046739227869,7.058928290015263,906800
2022-09-13,6.962319374084473,7.0653693272987566,6.91079378325116,6.9365568857809015,1258100
2022-09-14,7.097572326660156,7.207062437199266,6.994521763061094,7.013844089238127,944300
2022-09-15,6.711134433746338,6.975200083808866,6.678931170859801,6.955878371767404,1267200
2022-09-16,6.601643085479736,6.653168055545393,6.434186625653305,6.633846345327295,1774900
2022-09-19,6.6982526779174805,6.6982526779174805,6.389102837810273,6.434187035936041,998900
2022-09-20,6.472830295562744,6.646726906178501,6.459948746659177,6.633845971500992,949700
2022-09-21,6.356898307800293,6.575879707972354,6.3311358262639335,6.466389007886323,1026200
2022-09-22,6.485712051391602,6.614525099831973,6.421306141397552,6.466390339816,1074400
2022-09-23,5.918935775756836,6.305373630545159,5.873851584581079,6.305373630545159,2243700
2022-09-26,5.564702033996582,5.964020840380036,5.532498775660193,5.860970905084444,1711800
2022-09-27,5.699954986572266,5.925376556941575,5.635548472623298,5.674192503837887,1421400
2022-09-28,5.8996148109436035,5.912496361032444,5.687074148286657,5.738599120189789,1415000
2022-09-29,5.912496566772461,5.925377503083411,5.64199014775502,5.828768330959812,939000
2022-09-30,5.7514801025390625,5.912495777398713,5.7385985537217845,5.893173454172796,1239300
2022-10-03,6.202324390411377,6.208765165361161,6.015546216450387,6.041308702023416,1696100
2022-10-04,6.595202922821045,6.608084473646151,6.305374785743825,6.337578048580438,1641100
2022-10-05,6.562999248504639,6.608084059339679,6.369780912051452,6.5694400235133745,1566000
2022-10-06,6.620965480804443,6.6402878072480185,6.447068842395362,6.51147475452881,1082500
2022-10-07,6.569438934326172,6.7304545974921375,6.5179139712511445,6.6338454452829625,1062700
2022-10-10,6.29249382019043,6.6080844432395445,6.253849782119081,6.582321955934028,1166400
2022-10-11,6.118596076965332,6.292493312928664,6.047749396142918,6.189442757787746,1368500
2022-10-12,6.0284271240234375,6.125036905141548,5.976902153117552,6.067071159315902,1380300
2022-10-13,6.253849983215332,6.324696672027083,5.925377798838168,5.964021838152139,1640000
2022-10-14,5.8996148109436035,6.247408678402799,5.893174035899183,6.247408678402799,999800
2022-10-17,6.054189205169678,6.163679914589275,5.8931735282851,5.983342528461845,861900
2022-10-18,6.054189205169678,6.118595721613933,5.925376786507228,6.105714172634657,1487200
2022-10-19,6.176562309265137,6.286053033676234,6.054190034111018,6.073512360225551,1808000
2022-10-20,6.0477495193481445,6.331136862637088,6.041308744353232,6.2602901803713795,1680400
2022-10-21,6.163680553436279,6.202324590153384,6.002664859862909,6.041308896580013,3345900
2022-10-24,6.002664089202881,6.150798827669492,5.944698348682296,6.131477118904646,2261300
2022-10-25,5.938258647918701,6.067071073358416,5.906055388002249,5.964021133006645,1611900
2022-10-26,6.034867763519287,6.183002512219103,5.925377049244754,5.944698759344352,1899000
2022-10-27,6.195883274078369,6.298933210692601,6.150799080366161,6.163680015329904,1207300
2022-10-28,6.356898307800293,6.453508074231149,6.26672931531003,6.273170089250622,2547100
2022-10-31,6.35045862197876,6.485711826776105,6.215205417181416,6.247408678176234,1419600
2022-11-01,6.562999248504639,6.6853715167661765,6.517915051895709,6.57588079852211,1788300
2022-11-02,6.395542621612549,6.614524031522197,6.356898590476596,6.530795809249329,1376200
2022-11-03,6.260289669036865,6.376220538345617,6.189442378331786,6.369780378102841,1037000
2022-11-04,6.421306610107422,6.530797340738104,6.2989343280019865,6.421306610107422,1853900
2022-11-07,6.575881004333496,6.582321779543816,6.421306084642628,6.485711994067425,1093700
2022-11-08,6.575881004333496,6.620965202353466,6.421306084642628,6.524356031103207,1483600
2022-11-09,6.331137180328369,6.846387535480125,6.298933917963983,6.756218523705072,1472700
2022-11-10,6.659609317779541,6.685371804697936,6.286052950349745,6.472831134064643,2224000
2022-11-11,6.408424377441406,6.4728308995166435,6.073512059638078,6.266730397411556,5996200
2022-11-14,6.6853718757629395,6.846387574271027,6.440627940323509,6.440627940323509,2315600
2022-11-15,6.67249059677124,6.8206253648286275,6.556559706798252,6.8206253648286275,2617600
2022-11-16,6.395542621612549,6.640286514204154,6.382661073158553,6.601642483068201,2147500
2022-11-17,6.492152690887451,6.511474402058975,6.202324566410107,6.266730475057226,2082500
2022-11-18,6.369781017303467,6.4406277008918735,6.318256044834421,6.4406277008918735,1254500
2022-11-21,6.215205669403076,6.337577943304198,5.9897840617436575,6.3311371679986355,2906300
2022-11-22,6.601643085479736,6.601643085479736,6.260290005238237,6.311814975303894,1632400
2022-11-23,6.601643085479736,6.6660496051748535,6.472830660315594,6.505033920163153,1144300
2022-11-25,6.717574119567871,6.762658311760605,6.5887610889153985,6.633845895334185,1306200
2022-11-28,6.414864540100098,6.543676957727397,6.389102056574639,6.543676957727397,1886400
2022-11-29,6.67249059677124,6.67893137238812,6.479272242074202,6.517915667323142,2273100
2022-11-30,6.356898307800293,6.75621707872687,6.221645126177903,6.672488860177199,11628800
2022-12-01,6.215205669403076,6.279612194006418,6.054189972120859,6.279612194006418,6779300
2022-12-02,6.221646308898926,6.344018580128835,6.170121336031425,6.240968020167707,2247900
2022-12-05,5.912496566772461,6.311815420030081,5.86097159307639,6.305374644761538,3143200
2022-12-06,5.970462322235107,6.009105745436151,5.860971599455256,5.880293311055778,3424500
2022-12-07,5.976902484893799,6.118596469863429,5.944699222733501,5.9575807732880754,2219900
2022-12-08,5.976902484893799,6.202324705789749,5.951139998010788,6.118596469863429,2247100
2022-12-09,5.854530334472656,6.021986792273175,5.841648784999038,5.983342758078407,2085000
2022-12-12,5.880293369293213,5.9124966317637755,5.783683581881523,5.854530882161991,1552000
2022-12-13,6.054189205169678,6.144358205346423,5.996224077441122,6.002664237704698,2617800
2022-12-14,5.906054973602295,6.092833130941063,5.893173424849113,6.03486739000385,2577100
2022-12-15,5.828768253326416,5.989783947538604,5.770802505133848,5.951139910668182,1617200
2022-12-16,5.75792121887207,5.809446808471378,5.6741935945603155,5.796565257515012,2081800
2022-12-19,5.912496566772461,5.976902476779482,5.72571838356767,5.835209106228355,3106400
2022-12-20,6.067071437835693,6.10571486067605,5.944699165646921,6.009105689349025,3317800
2022-12-21,6.202324390411377,6.286052622080249,6.112155383792721,6.176561904838348,4432100
2022-12-22,6.163680553436279,6.221646301398874,5.9640214373719305,6.221646301398874,2088600
2022-12-23,6.459949016571045,6.472830566012835,6.247408364590195,6.286052398689479,4794000
2022-12-27,6.569438934326172,6.582320482207934,6.434185752697721,6.524354745192025,2868900
2022-12-28,6.408424377441406,6.601643329441001,6.376221116403788,6.5758808434561296,2259900
2022-12-29,6.4535088539123535,6.511473983702716,6.369780625247049,6.382661560458436,1360000
2022-12-30,6.743338108062744,6.852828840021613,6.414865912186138,6.421306688001645,2934400
