Date,NVDA_Close,NVDA_High,NVDA_Low,NVDA_Open,NVDA_Volume
2015-01-02,0.4830114543437958,0.4866106706596851,0.47533316434163364,0.4830114543437958,113680000
2015-01-05,0.4748532176017761,0.4844510788762667,0.4726937166923893,0.4830113925341437,197952000
2015-01-06,0.460456520318985,0.47605300016081925,0.45997663435230407,0.47557311419413834,197764000
2015-01-07,0.459256649017334,0.4678947081603839,0.457816962958895,0.4638156071960708,321808000
2015-01-08,0.47653281688690186,0.4794121894762137,0.46429556919371645,0.46453552644409135,283780000
2015-01-09,0.4784524738788605,0.48205169025342115,0.47173398431935015,0.47821254518975764,209540000
2015-01-12,0.4724538326263428,0.47989216553999053,0.46813480153466996,0.47965220824453014,190732000
2015-01-13,0.471733957529068,0.4856508218397424,0.46837472724198803,0.47605298832945664,236720000
2015-01-14,0.47365355491638184,0.4750932414603252,0.4654954074441737,0.4666951366961926,155260000
2015-01-15,0.4702942967414856,0.47989213019211185,0.47005433946369996,0.477012785877684,188932000
2015-01-16,0.47893232107162476,0.47941220698610504,0.46813473067493105,0.4695744170221696,181512000
2015-01-20,0.4803720712661743,0.4849310023615734,0.4743733964245817,0.4822916151792262,140308000
2015-01-21,0.48709049820899963,0.488290255976711,0.47437336335077424,0.4777326221720071,144780000
2015-01-22,0.49548885226249695,0.4969285393437246,0.4830116405020235,0.48805048807869567,159712000
2015-01-23,0.49692806601524353,0.49788783741932946,0.49188916603054456,0.4959682374035874,120416000
2015-01-26,0.49476900696754456,0.4971684663585412,0.49164970403848657,0.49476900696754456,133240000
2015-01-27,0.4710140526294708,0.4875703294240002,0.47005425230010695,0.48709041495742095,357948000
2015-01-28,0.4633358418941498,0.4786923922979213,0.4630958846207317,0.47677281992197496,272728000
2015-01-29,0.4746133089065552,0.4772526958397133,0.46141625982556944,0.46357578942957023,235340000
2015-01-30,0.46069633960723877,0.4767727302021865,0.4599765251300391,0.47125397138629355,298200000
2015-02-02,0.47077420353889465,0.4726937760347776,0.4544578802295917,0.4635758281321847,259604000
2015-02-03,0.48253151774406433,0.48301143230014815,0.47173395510057875,0.4741334134657978,183468000
2015-02-04,0.48373129963874817,0.4892500598745567,0.4796521973315409,0.481091912467745,181516000
2015-02-05,0.49164941906929016,0.4918893477070354,0.4837312019477856,0.48421105922327606,140448000
2015-02-06,0.48949000239372253,0.49692836395214346,0.48733047253409023,0.49116961765979067,210524000
2015-02-09,0.48901012539863586,0.490449754706391,0.48349136522816766,0.4866106669422411,273944000
2015-02-10,0.5026868581771851,0.5029267867771599,0.48733028362715025,0.48948981264967056,226204000
2015-02-11,0.4993276000022888,0.503886529175451,0.4959683137594602,0.503886529175451,320832000
2015-02-12,0.5350797772407532,0.5398786943920743,0.5247620996446521,0.5278814015137714,676904000
2015-02-13,0.5353195071220398,0.5360393501481537,0.525721676383966,0.533879821069812,310084000
2015-02-17,0.5369991660118103,0.539638609727494,0.5310005499102142,0.534359779503715,203340000
2015-02-18,0.5307607650756836,0.5372393552977757,0.5298009930008734,0.5362795260153553,170948000
2015-02-19,0.5322002172470093,0.5384388187952919,0.5298007595136378,0.5374790471434603,169432000
2015-02-20,0.5360394716262817,0.5362794002868315,0.5278813250916236,0.5317204696984029,157752000
2015-02-23,0.5317205190658569,0.5357995927119066,0.5290810747243644,0.5357995927119066,125008000
2015-02-24,0.5373808741569519,0.5373808741569519,0.5289504622125718,0.5337678568744674,149356000
2015-02-25,0.5332859754562378,0.5376216641413373,0.530877278662692,0.53521290991993,123820000
2015-02-26,0.534731388092041,0.5378627007384933,0.5303956979225466,0.533767920530336,152864000
2015-02-27,0.5313591957092285,0.5344905081953735,0.5294322032565896,0.5332861307339893,157492000
2015-03-02,0.5443660616874695,0.5472565211798736,0.5291912642080857,0.5299138790811867,301512000
2015-03-03,0.5342494249343872,0.5429207445885672,0.5325633429777217,0.5402711954320726,160344000
2015-03-04,0.5402712821960449,0.541475602032272,0.530154731403541,0.5323225760221922,226840000
2015-03-05,0.5506287217140198,0.5515921891319931,0.538826087917197,0.5402713177580932,323056000
2015-03-06,0.543161928653717,0.5501471124495717,0.5426801660966736,0.547497561955554,257392000
2015-03-09,0.5446071028709412,0.5487019410466297,0.5421984049353007,0.5434027826170653,222388000
2015-03-10,0.5540009140968323,0.5576139888797653,0.546052207002255,0.547015674468412,527212000
2015-03-11,0.551110565662384,0.5612270611894397,0.5496653356076957,0.5540009683438795,262120000
2015-03-12,0.5460522174835205,0.5499061448499987,0.5356948128108066,0.545811364969327,406972000
2015-03-13,0.5467747449874878,0.5482199746972111,0.5359355795924304,0.5434025806167117,359288000
2015-03-16,0.5532784461975098,0.5566506693671841,0.5474975824361821,0.5511106581794436,236956000
2015-03-17,0.5600226521492004,0.560263504644101,0.5482200184809952,0.5520739455387634,299900000
2015-03-18,0.5508694648742676,0.5629129487782095,0.5458112188629703,0.5600225470979802,413844000
2015-03-19,0.5593001246452332,0.5612270597613268,0.5487018666509563,0.552796646843566,310756000
2015-03-20,0.565321683883667,0.5686939055476716,0.558577355411388,0.5638765116595108,462084000
2015-03-23,0.5470156669616699,0.5556869888938366,0.5467748144554048,0.5484608968550101,426012000
2015-03-24,0.5395489931106567,0.5491837873295768,0.5371402945559267,0.5453298581564281,330480000
2015-03-25,0.5067905187606812,0.5393079675356334,0.5051043786279766,0.5393079675356334,542552000
2015-03-26,0.5051044821739197,0.5072723278507588,0.49282013819429143,0.4964332143223567,311920000
2015-03-27,0.5149797797203064,0.5169067138524054,0.4998049867895094,0.5079945429927074,318288000
2015-03-30,0.5171477794647217,0.5197973290514162,0.5106442455972313,0.5173886319468205,253252000
2015-03-31,0.5041407942771912,0.5161842804002544,0.5036590892889917,0.515702575412055,357276000
2015-04-01,0.5060675740242004,0.5077536556306843,0.49739625617096345,0.5060675740242004,330768000
2015-04-02,0.5072721838951111,0.5104034965081862,0.5029365511997121,0.508958266467093,192204000
2015-04-06,0.5219652056694031,0.5236512880031868,0.4998051679776066,0.5051042674758206,515864000
2015-04-07,0.5265418887138367,0.5323227521820809,0.5190748850322954,0.5219653454803613,413964000
2015-04-08,0.5303957462310791,0.5323227389578812,0.521965332513465,0.5270235807440334,366432000
2015-04-09,0.5426799654960632,0.5443660476806255,0.5260599386981201,0.5263007911736669,379432000
2015-04-10,0.5482199192047119,0.5484607716559968,0.5412346812666947,0.543161673160559,258728000
2015-04-13,0.543161928653717,0.5501471124495717,0.5407531732963882,0.5470157993985105,236724000
2015-04-14,0.5385853052139282,0.5431618478272078,0.5332861475865582,0.5409940027849365,220276000
2015-04-15,0.5450887680053711,0.54918354802131,0.537380913017793,0.5400305204729546,243560000
2015-04-16,0.5417163968086243,0.54653378998541,0.5378624707816243,0.5419572492391066,155284000
2015-04-17,0.534731388092041,0.5400305458232405,0.5301548453890905,0.5303956979225466,293636000
2015-04-20,0.5320819020271301,0.5405123159923042,0.5311183769214919,0.5371401504062346,231624000
2015-04-21,0.5313591957092285,0.5385852881938987,0.5287095882653348,0.5385852881938987,230456000
2015-04-22,0.5373808741569519,0.5381034890990236,0.5263008549490173,0.5344904718165391,207420000
2015-04-23,0.5352129340171814,0.5402712377108742,0.5214833674186006,0.5275051383875182,259380000
2015-04-24,0.5306365489959717,0.5352130337631611,0.5246147769047952,0.534972181256434,240960000
2015-04-27,0.534731388092041,0.5441253260313978,0.5277461477708874,0.5323226904738378,248456000
2015-04-28,0.5373808741569519,0.5393078664784346,0.5287095522799651,0.5337678568744674,234484000
2015-04-29,0.5332859754562378,0.5388259838241795,0.5311181311136881,0.5335268279072339,195156000
2015-04-30,0.534731388092041,0.5373809382437001,0.5294322303608415,0.5306366078838837,218844000
2015-05-01,0.5479792356491089,0.5496653181835033,0.5366583055315076,0.5390670030703396,256968000
2015-05-04,0.5446071028709412,0.5511106389822702,0.5429210200587817,0.5474975633648652,200720000
2015-05-05,0.5306365489959717,0.5434026506985061,0.528227851645076,0.54268003575045,292928000
2015-05-06,0.5323225855827332,0.5385852096416237,0.5253373466379807,0.5335269054405899,316484000
2015-05-07,0.5417163968086243,0.5434024786777136,0.5284685368585351,0.5301546187276245,534564000
2015-05-08,0.501732349395752,0.5260602437994136,0.4935427861987532,0.506068041037387,1146552000
2015-05-11,0.49691468477249146,0.5019729889621805,0.4908929706409737,0.4947468401197676,544144000
2015-05-12,0.501732349395752,0.5058271309942513,0.49306102354038245,0.49330193358351815,388800000
2015-05-13,0.5046225190162659,0.5091990606296898,0.49980512492672513,0.5053451338724837,308524000
2015-05-14,0.5128121376037598,0.5154617448631479,0.5048634306813438,0.5060678080588609,293052000
2015-05-15,0.5130531191825867,0.5173887520057857,0.5099218064772109,0.5149800543422568,215824000
2015-05-18,0.5123304128646851,0.5154617250121907,0.5094399532122578,0.5118486504466565,324972000
2015-05-19,0.5091362595558167,0.5147019128026481,0.5081682747091266,0.513007968167789,253808000
2015-05-20,0.5091362595558167,0.5154278725908171,0.5086522671324717,0.5093782269206407,196824000
2015-05-21,0.5055064558982849,0.5115561015120145,0.5050224634794559,0.5093782221678282,239692000
2015-05-22,0.5047804713249207,0.5086522374043047,0.5035705768778157,0.5067163832114594,212592000
2015-05-26,0.5016345977783203,0.5057483306571963,0.49776283221770595,0.5023605574267909,259732000
2015-05-27,0.5284948945045471,0.5309147405979544,0.5033284489781661,0.5050223354741831,432332000
2015-05-28,0.5357545018196106,0.5374483885338939,0.5275270355806091,0.5284949626039582,327656000
2015-05-29,0.5355124473571777,0.539142187527586,0.5347864877843601,0.5357544146502237,335168000
2015-06-01,0.5415621995925903,0.5468858855277053,0.5355126115557618,0.5389003854718816,372660000
2015-06-02,0.5309149026870728,0.5410782824597511,0.5304309102431549,0.5381744431836432,224304000
2015-06-03,0.5251072645187378,0.5364805384857491,0.5241392796628113,0.5323668047760023,250788000
2015-06-04,0.5345447659492493,0.5362386531657476,0.5219615378338832,0.5219615378338832,323712000
2015-06-05,0.5386584997177124,0.5410783468378185,0.5272851663288782,0.5328508204744928,313320000
2015-06-08,0.5263171195983887,0.5405942316756542,0.5202675320176261,0.5369644906659353,342812000
2015-06-09,0.5289791822433472,0.5328508920002603,0.5258333747955699,0.5268013022347982,256888000
2015-06-10,0.5195415616035461,0.5260751414417697,0.5166377227004726,0.5226873678506452,529460000
2015-06-11,0.5251072645187378,0.5287370058005213,0.5195416112187987,0.5195416112187987,283052000
2015-06-12,0.5108300447463989,0.524865129903438,0.5096200927758913,0.5217193240125406,323728000
2015-06-15,0.5098623037338257,0.5122821508636778,0.5042966495657952,0.5081683588185933,306548000
2015-06-16,0.5161538124084473,0.5168797722496732,0.5038126104950091,0.5088942716898893,256892000
2015-06-17,0.5222032070159912,0.5251070449823413,0.5147017025278178,0.5159115965513481,233544000
2015-06-18,0.5309149026870728,0.534302676713399,0.5251072818285563,0.5265592014666102,299404000
2015-06-19,0.5292208194732666,0.5352704054640994,0.5243811276031292,0.5309147058584469,355656000
2015-06-22,0.5270432233810425,0.5330928703088789,0.5190577217447754,0.530189030552524,514236000
2015-06-23,0.5134919285774231,0.5321247414622389,0.5093781951634009,0.5280110080482167,414064000
2015-06-24,0.5084100365638733,0.5154276057540487,0.5059901910872956,0.5127657353442463,253368000
2015-06-25,0.5122820138931274,0.5154278200902012,0.5084102479818298,0.5084102479818298,350460000
2015-06-26,0.501876711845398,0.5086523179810827,0.49969888995687667,0.5081683255093542,421296000
2015-06-29,0.486873596906662,0.5011507084615385,0.4861476371925419,0.496068990462698,391724000
2015-06-30,0.4866316020488739,0.4919552877179795,0.48324382830203155,0.48977740844056883,315916000
2015-07-01,0.4936492443084717,0.5057484791800121,0.4892935428321982,0.4987309633401106,302892000
2015-07-02,0.49413323402404785,0.4972790408424682,0.4909874272056275,0.49340727416643526,145764000
2015-07-06,0.48808351159095764,0.49679497082884755,0.48445377056315797,0.49001942347365174,214776000
2015-07-07,0.47888806462287903,0.4871155598980459,0.46364302614984054,0.48517970580680214,594252000
2015-07-08,0.4755002558231354,0.4791300252450716,0.47162849023433284,0.47622621547689126,332492000
2015-07-09,0.46969273686408997,0.4851798034867721,0.4667889262957626,0.48300192392538827,357588000
2015-07-10,0.47792017459869385,0.48227590433509343,0.4745323719828953,0.4757422953070703,216708000
2015-07-13,0.4810660183429718,0.4837278325546125,0.47792021168662396,0.4827599053588977,212472000
2015-07-14,0.4813080132007599,0.48227596929859395,0.4750164283756697,0.4817920056731026,249216000
2015-07-15,0.47792017459869385,0.48324383145569444,0.47356444486229426,0.4800980250434699,265732000
2015-07-16,0.4885675013065338,0.4885675013065338,0.4791300823760849,0.48082396920559733,282848000
2015-07-17,0.4856637418270111,0.4873576289337382,0.47937212817705194,0.48687369415678905,220372000
2015-07-20,0.4767102599143982,0.4875995988761789,0.47550033656829455,0.48566368690619544,188412000
2015-07-21,0.47888806462287903,0.48566364048276783,0.4757422584543401,0.4757422584543401,149720000
2015-07-22,0.46969273686408997,0.47550038684759577,0.46388511572743524,0.47550038684759577,356472000
2015-07-23,0.4755002558231354,0.4825177985001415,0.4696926074399316,0.4706605632605537,169916000
2015-07-24,0.4699346423149109,0.4793720320505575,0.4679987593610526,0.47888806852380433,188844000
2015-07-27,0.4672728478908539,0.47259650492846844,0.4619491908532394,0.4658209283138461,192420000
2015-07-28,0.4774361550807953,0.4805819322774736,0.46364300772433903,0.468482700453806,198308000
2015-07-29,0.4832438826560974,0.4871156492424159,0.4745324222603062,0.4764683055534654,232680000
2015-07-30,0.48445385694503784,0.489293550974188,0.48203398108361095,0.48203398108361095,190180000
2015-07-31,0.482759952545166,0.48663169055330935,0.47985614182734543,0.48638972315415496,218340000
2015-08-03,0.4909873902797699,0.4914713250193145,0.48034004714486334,0.4866316314616795,397132000
2015-08-04,0.49292317032814026,0.49437508971532584,0.4873575178063885,0.48929342955386573,260100000
2015-08-05,0.4980049431324005,0.5055064505356451,0.4970369583050112,0.5050224581219505,234628000
2015-08-06,0.49485912919044495,0.5004247822420946,0.4866316044442923,0.4967949834285427,655676000
2015-08-07,0.5560812950134277,0.5655186562401163,0.5294629250799883,0.5434980697862521,1405248000
2015-08-10,0.5754401683807373,0.5795539024965058,0.5488217937831945,0.5522096257259185,662304000
2015-08-11,0.5725364685058594,0.5781021237121052,0.5669708132996135,0.5669708132996135,435008000
2015-08-12,0.5739882588386536,0.5781019930274632,0.5633409434268106,0.5633409434268106,384048000
2015-08-13,0.5691484808921814,0.5759240862056778,0.5676965613468824,0.5747141340200302,276884000
2015-08-14,0.5696325302124023,0.5730203043607469,0.5652767711413581,0.5686645452897027,214652000
2015-08-17,0.5660026669502258,0.5686644809522445,0.5589850943699639,0.5686644809522445,273880000
2015-08-18,0.5608507990837097,0.5681408802305138,0.5564767156337783,0.5642528253649353,287084000
2015-08-19,0.558664083480835,0.5664401977513255,0.55258898334393,0.5601221121486081,249248000
2015-08-20,0.5384945869445801,0.5550187495404115,0.535821516337991,0.5523457368702438,426932000
2015-08-21,0.5217276215553284,0.5435978775091638,0.5212415926928862,0.5346067780773429,382664000
2015-08-24,0.5032592415809631,0.5304755750422615,0.4860060043258407,0.492567073333462,682284000
2015-08-25,0.4928101897239685,0.5273166114137434,0.4928101897239685,0.5253725542003195,622684000
2015-08-26,0.5299898386001587,0.5304758675835956,0.5049605336506425,0.5088485917087497,614976000
2015-08-27,0.5499160289764404,0.5501590144685727,0.5324197989409046,0.5355788420844446,463764000
2015-08-28,0.5523458123207092,0.5557478394449891,0.5460277288405156,0.5499157846695909,320944000
2015-08-31,0.5462709069252014,0.5535610503866297,0.5440839218232226,0.5496729931860178,219352000
2015-09-01,0.5239147543907166,0.5394669871387514,0.5200267541401722,0.530475885170555,353408000
2015-09-02,0.5397098064422607,0.5399527918989653,0.5292606786301592,0.5382517778291402,344044000
2015-09-03,0.5411679148674011,0.5504020588213946,0.5401959149607847,0.5477289866576306,262556000
2015-09-04,0.5285313725471497,0.5404385223990137,0.5282883872245855,0.5319333988087066,287972000
2015-09-08,0.5511311292648315,0.5533181729593082,0.5392240265577705,0.5414110123157801,238448000
2015-09-09,0.5401957631111145,0.5574489448971446,0.5389807201170527,0.5528319321544507,289392000
2015-09-10,0.5487008690834045,0.5555049828458193,0.534606728613987,0.5370367568284689,357076000
2015-09-11,0.5504019260406494,0.5540469392952398,0.540438770076124,0.5426258127907428,301584000
2015-09-14,0.5513738989830017,0.5547759266387452,0.5484578421715425,0.5530749128108734,192460000
2015-09-15,0.5574490427970886,0.5603651001458078,0.5499159718948295,0.5516169860360994,327976000
2015-09-16,0.5613371729850769,0.5644962162117272,0.5523460722386326,0.5564771153958391,173508000
2015-09-17,0.5664401650428772,0.5761602783514891,0.565225121911078,0.5710571783089561,268712000
2015-09-18,0.5659539699554443,0.5708140251821224,0.5552618600440382,0.5586638871154272,326412000
2015-09-21,0.5717861652374268,0.573001208311079,0.5637670663479383,0.5666831233755496,281840000
2015-09-22,0.5562342405319214,0.563281342818917,0.5533181822237941,0.5593932843869033,228356000
2015-09-23,0.5589070916175842,0.562309120022752,0.5545330633732901,0.5567200485272117,161632000
2015-09-24,0.5695991516113281,0.5754312074353121,0.5467568412346949,0.5555049539388907,382440000
2015-09-25,0.5737302899360657,0.5849084326058694,0.5681412186011637,0.5766462893696345,369692000
2015-09-28,0.5661970376968384,0.5773751779314947,0.5625520247148277,0.573730164949484,395584000
2015-09-29,0.5761603116989136,0.5771323114987438,0.5642531548257593,0.572272254563144,380736000
2015-09-30,0.5990023016929626,0.5997313157031935,0.5781040545634722,0.5815060813202677,556380000
2015-10-01,0.5873383283615112,0.6007034531018134,0.5703280747960491,0.5990024393325544,489296000
2015-10-02,0.6026475429534912,0.6026475429534912,0.5781042188002018,0.5841793179658923,386144000
2015-10-05,0.6177138686180115,0.6252469398477946,0.6033766825908699,0.6065357255438486,482024000
2015-10-06,0.6257328987121582,0.6284059124745934,0.6087227005270848,0.6111527288392382,453216000
2015-10-07,0.6322938203811646,0.6386119040913943,0.6169846398280812,0.6271907795089472,310152000
2015-10-08,0.6359390020370483,0.6376400159582337,0.6189287469523117,0.6296209172232504,460068000
2015-10-09,0.6335088014602661,0.6386118418350031,0.6216016493161208,0.6325367441100466,423248000
2015-10-12,0.6403129696846008,0.6439580405580485,0.6296208583498808,0.6342378708743333,227588000
2015-10-13,0.6415282487869263,0.6454162485679779,0.6330231189088467,0.6352101622380313,298444000
2015-10-14,0.6648563146591187,0.6753054409308887,0.6415280340974095,0.642256990360066,612148000
2015-10-15,0.6665575504302979,0.680165723450617,0.6592674639483188,0.6660715214902497,526048000
2015-10-16,0.6770065426826477,0.6833246279377961,0.6670433859585886,0.6687444579350439,448396000
2015-10-19,0.6757915019989014,0.6823526306667407,0.6680154460644272,0.6791935880277074,294712000
2015-10-20,0.67481929063797,0.6779783322863847,0.6677721932733195,0.6728752917480659,264824000
2015-10-21,0.6660711765289307,0.6830814274469854,0.6648561917127422,0.6789503284372342,386280000
2015-10-22,0.690128743648529,0.6923157867185938,0.6728755583707748,0.6738475582008757,306884000
2015-10-23,0.6947457194328308,0.6993627904095207,0.6857546208557902,0.6962037479450952,381776000
2015-10-26,0.6915864944458008,0.6969325782676914,0.6852684111844102,0.6952315647644597,247436000
2015-10-27,0.6911007761955261,0.6954748042395887,0.6876986900096459,0.6881847188751854,208268000
2015-10-28,0.6966896653175354,0.6966896653175354,0.6852684824227131,0.6954746224395281,217036000
2015-10-29,0.6726324558258057,0.6925587113050651,0.6714174706291087,0.6855116697040432,327168000
2015-10-30,0.6893997192382812,0.6942598341908112,0.6748195481900405,0.6799226486124396,301160000
2015-11-02,0.6974186897277832,0.6981477039385982,0.687455592074044,0.6915866339777027,190088000
2015-11-03,0.692558765411377,0.6971758369797147,0.6847827089102526,0.6932877797609277,376768000
2015-11-04,0.6811375617980957,0.6957177313029884,0.6779785192783913,0.690614689357209,442264000
2015-11-05,0.6733614802360535,0.6864836797635101,0.6714174807175506,0.6845396223085609,478800000
2015-11-06,0.7666746973991394,0.7761518257006913,0.7246351995730121,0.7399443845461159,1172272000
2015-11-09,0.7632725834846497,0.7654596262171347,0.7525804131945728,0.7591415413920278,492568000
2015-11-10,0.7486923933029175,0.7574405060490386,0.732654196257769,0.7533094061367936,552260000
2015-11-11,0.7414021492004395,0.7545242865230267,0.7387290783114477,0.7491782026814706,619896000
2015-11-12,0.7387290596961975,0.7465051709177056,0.7355700181334864,0.7397010591147795,291080000
2015-11-13,0.7241494059562683,0.7426176396961183,0.7205043331421356,0.7394585959026921,292940000
2015-11-16,0.7387290596961975,0.7392150883737015,0.7277939069119783,0.7336260192963224,344280000
2015-11-17,0.7387290596961975,0.7450471428216195,0.7355700181334864,0.7406731164697875,257048000
2015-11-18,0.7569015622138977,0.7578773107803186,0.7337286096553399,0.7417781573115232,350216000
2015-11-19,0.7590970396995544,0.7666587143719514,0.753486746182473,0.7595849140666029,254072000
2015-11-20,0.765683114528656,0.7700738098830775,0.7600728203467482,0.7647074238353777,239744000
2015-11-23,0.754218339920044,0.7720249065930498,0.7515351769638069,0.7720249065930498,242552000
2015-11-24,0.7603166699409485,0.7669026538052915,0.7508035562895922,0.7542185022701497,195428000
2015-11-25,0.7593408823013306,0.767878304971355,0.7566577189051212,0.7588530661328019,138300000
2015-11-27,0.765683114528656,0.7681223703400749,0.7569017819762591,0.7608046029058184,86996000
2015-11-30,0.7737325429916382,0.7771475471163859,0.765682994262656,0.7664147767067849,327244000
2015-12-01,0.7988569736480713,0.7995887561249697,0.7798307455615912,0.7805625280384896,409496000
2015-12-02,0.7927588224411011,0.8083700465790659,0.7910513493444832,0.8000765892079384,294240000
2015-12-03,0.79105144739151,0.80739445604744,0.7871486263341727,0.7991009976483782,246656000
2015-12-04,0.8232496976852417,0.8247132629388843,0.7910514947309114,0.7910514947309114,458756000
2015-12-07,0.8076384663581848,0.8230057851263315,0.8051992103339782,0.8230057851263315,333588000
2015-12-08,0.8186147809028625,0.8220297264185767,0.7925147570950055,0.7976371753685768,314488000
2015-12-09,0.7978813648223877,0.8232496733862174,0.7895879061718047,0.8183711614557039,372676000
2015-12-10,0.8044674396514893,0.8088580772976495,0.7976374877884658,0.800320652007983,236596000
2015-12-11,0.7925149202346802,0.8020280345493892,0.7908074471253387,0.7964177408373639,227320000
2015-12-14,0.7944663763046265,0.7988570717049593,0.7849532610936851,0.7932467774643872,275892000
2015-12-15,0.804223358631134,0.8098336525855406,0.7991009390818058,0.803491576101738,307296000
2015-12-16,0.8091017603874207,0.811784982016993,0.7988569226773885,0.8059307225753338,236356000
2015-12-17,0.7969054579734802,0.81861484762434,0.796417641806578,0.8103213912226649,254160000
2015-12-18,0.7839773893356323,0.7993447033749213,0.783001698857481,0.7912951551564159,395896000
2015-12-21,0.8025157451629639,0.8032475275644394,0.7854409581602122,0.7925148159368537,284216000
2015-12-22,0.8032476305961609,0.8112971798884657,0.7983691193981847,0.8049551036998085,130012000
2015-12-23,0.8064186573028564,0.8095896953524061,0.8030037111437845,0.8044672761137982,122524000
2015-12-24,0.8091017603874207,0.8110531995867856,0.802759684763247,0.8039793415324046,52448000
2015-12-28,0.8083701133728027,0.8083701133728027,0.7893439414695138,0.8005645297370835,142024000
2015-12-29,0.8215420246124268,0.8239812800568593,0.8066625256918822,0.8088578730388026,203660000
2015-12-30,0.8144682049751282,0.8278841396335207,0.814224296866057,0.8208102810624978,180344000
2015-12-31,0.8039793968200684,0.8169074570487034,0.8039793968200684,0.8132486028024918,148528000
2016-01-04,0.7895877361297607,0.794710155106724,0.781538187362283,0.7876363550403758,358076000
2016-01-05,0.8022719621658325,0.8156878974093572,0.7927588476198664,0.8044673097125422,490272000
2016-01-06,0.7690979838371277,0.7927587552282137,0.7600726865824283,0.7890998430767903,449344000
2016-01-07,0.7386072278022766,0.7549502322795962,0.728850148575418,0.7498277555081198,645304000
2016-01-08,0.7227522134780884,0.7488522453090868,0.7212886483339032,0.7481204627369942,398472000
2016-01-11,0.7239717245101929,0.7290942018934896,0.7110436642321294,0.7234839082922674,409372000
2016-01-12,0.7361681461334229,0.7469009192148522,0.7310457259057757,0.7368999287597227,469356000
2016-01-13,0.713726818561554,0.7466567945714739,0.7129950361474282,0.741778225758491,481672000
2016-01-14,0.6993351578712463,0.7073847058465409,0.6786014595939286,0.699091191641755,600236000
2016-01-15,0.6612828373908997,0.6793333759553956,0.649818341505881,0.6712838263924773,841452000
2016-01-19,0.6666491031646729,0.6939687851372226,0.6639658816890118,0.674942559356058,457140000
2016-01-20,0.6703081130981445,0.6788455375120275,0.6451837724375578,0.6539651049855257,481180000
2016-01-21,0.6781137585639954,0.6886025644192992,0.6637221317603198,0.6776259422932278,481456000
2016-01-22,0.6939687728881836,0.6986033752130375,0.6895780786362911,0.6910416433869219,257996000
2016-01-25,0.6932371258735657,0.7017745498149659,0.6917735608371608,0.6937250002711816,270728000
2016-01-26,0.7000670433044434,0.7029941734809594,0.6876268563671394,0.6947007155227568,227944000
2016-01-27,0.6917735934257507,0.7012867084540909,0.678601623790477,0.6990913607960635,231700000
2016-01-28,0.6842119097709656,0.6998231350103357,0.6707959740070206,0.6973838792492951,276776000
2016-01-29,0.7144586443901062,0.7159222094264251,0.687382923843978,0.6900660876396008,310504000
2016-02-01,0.7147027254104614,0.718361580432234,0.7076288653701954,0.7137270346150856,289884000
2016-02-02,0.6844558119773865,0.7110437169895899,0.6795773004975204,0.7073848624579124,341908000
2016-02-03,0.6878706216812134,0.693968788897377,0.6720154916007668,0.689822060779216,326772000
2016-02-04,0.6881147623062134,0.7037259882644488,0.6812848109669277,0.6888464867274197,348140000
2016-02-05,0.6446958780288696,0.6910417951422827,0.6427444967037854,0.6834801198120262,600428000
2016-02-08,0.6151807308197021,0.6381097167472303,0.6061554347589584,0.6349386793543047,608852000
2016-02-09,0.621766984462738,0.6476231109852937,0.6049360997752616,0.6078632303840239,425372000
2016-02-10,0.6203033924102783,0.6437202618012586,0.6168884456182803,0.6256697789094543,335800000
2016-02-11,0.6171323657035828,0.6234744431007291,0.60444821090929,0.60444821090929,340144000
2016-02-12,0.6276208758354187,0.6288405323688495,0.6037161428192779,0.626889093546645,340816000
2016-02-16,0.6583556532859802,0.6593314020034606,0.6346948809376215,0.6366462620597063,485352000
2016-02-17,0.6746987104415894,0.6810407862580998,0.6639659399106774,0.6666491616216241,771468000
2016-02-18,0.7327530980110168,0.7556821481000559,0.7293381516647057,0.7300699341898357,1068660000
2016-02-19,0.7425101399421692,0.7490961828380928,0.7232400019820973,0.7288502960484023,525628000
2016-02-22,0.768854022026062,0.7773914449910246,0.7517792342525729,0.7532427991215878,449668000
2016-02-23,0.7708057761192322,0.7781235452972568,0.759097310540517,0.7627562242077592,369380000
2016-02-24,0.776171863079071,0.7773915199730355,0.7464129211123518,0.767634497447087,336852000
2016-02-25,0.7778792381286621,0.7817820582782533,0.7639754885978466,0.7790988948688494,349616000
2016-02-26,0.7727569937705994,0.7834897079865233,0.764951351710047,0.7815383265496089,361964000
2016-02-29,0.7677381634712219,0.7838959148741365,0.7672485700155691,0.7738585486134307,323344000
2016-03-01,0.8017674088478088,0.8017674088478088,0.7684726027938975,0.7696967031549656,348700000
2016-03-02,0.8064188361167908,0.8093566302801554,0.7958918181891576,0.7973607152708398,233812000
2016-03-03,0.7993192672729492,0.8088669816043229,0.7885473942109966,0.8054395939793006,302004000
2016-03-04,0.7968710064888,0.8061739227124846,0.790750622323719,0.8054394742779425,175304000
2016-03-07,0.7917298078536987,0.7978501915581,0.7814475889123587,0.7924642562329591,239968000
2016-03-08,0.7772858738899231,0.7883025429143541,0.7748377317031956,0.7836510552490775,274940000
2016-03-09,0.7767964601516724,0.7853649306030053,0.7667590340065473,0.7841408884106694,222788000
2016-03-10,0.7755724787712097,0.7858547032611791,0.7599043744180048,0.7814480106076196,286084000
2016-03-11,0.7887922525405884,0.7890371076531544,0.7777756402614341,0.7870785585942383,277400000
2016-03-14,0.7907509803771973,0.7939335722451933,0.7814480015727978,0.7851202454083069,190312000
2016-03-15,0.7868335247039795,0.7917298083230815,0.7728791222263696,0.7865887280335159,226216000
2016-03-16,0.8103358149528503,0.8130288121906735,0.7772858665595562,0.7809581089891726,363644000
2016-03-17,0.8034811019897461,0.8113151224944524,0.7924644322225759,0.8073981414262581,353680000
2016-03-18,0.8277175426483154,0.8384893549001534,0.8078875532003792,0.8130286918408169,545512000
2016-03-21,0.8301658034324646,0.8304106001371835,0.8115599114026298,0.820373234823953,337780000
2016-03-22,0.8286970257759094,0.8345725561132601,0.8184148039093047,0.8274729837077753,242012000
2016-03-23,0.8428961038589478,0.8490164296041123,0.8286968454019427,0.8323690875436884,429008000
2016-03-24,0.8441202044487,0.8455891014076983,0.8326139422170674,0.8353068810630225,244956000
2016-03-28,0.8526886105537415,0.8563607940636488,0.8416719432874102,0.8426511883321652,265388000
2016-03-29,0.8663986325263977,0.8683571235568194,0.84705828553557,0.8490167765659918,261812000
2016-03-30,0.8754565715789795,0.8874524871304971,0.869091389516202,0.8695810413550004,376700000
2016-03-31,0.872273862361908,0.8813319823899777,0.865419087757416,0.8793734920367835,379884000
2016-04-01,0.885004460811615,0.88549411271467,0.860278177889731,0.8668881575551702,348292000
2016-04-04,0.8764358758926392,0.8970003206135088,0.873008487895269,0.8923488321208926,393940000
2016-04-05,0.8752118349075317,0.8832907114080579,0.8651744092857215,0.8686018556558874,339568000
2016-04-06,0.8764358758926392,0.8769255277644025,0.8477926130501074,0.8641951627817999,453376000
2016-04-07,0.8673779964447021,0.8786394673277269,0.8637058106692995,0.8708053853999687,378104000
2016-04-08,0.8730083107948303,0.8801079404693676,0.8644397841713114,0.8744772077438122,255936000
2016-04-11,0.8783944845199585,0.8928385444797879,0.8754566898270005,0.8781496293833265,387524000
2016-04-12,0.8774152398109436,0.882556322159584,0.8602781819121528,0.8813322215803868,292764000
2016-04-13,0.8994483947753906,0.8996931915084778,0.8813320940555864,0.8813320940555864,350716000
2016-04-14,0.9018966555595398,0.9058136956445334,0.8933281267255959,0.8970003700453797,416564000
2016-04-15,0.9089962244033813,0.9170751007816562,0.8987140021851252,0.9016517966384336,436972000
2016-04-18,0.9050790667533875,0.9072824123065084,0.8962657429092192,0.9072824123065084,307320000
2016-04-19,0.888921320438385,0.9102201524508787,0.8832905873540307,0.9085064586906382,309152000
2016-04-20,0.8923489451408386,0.8977348829390905,0.8864734137771385,0.8874526592763666,200172000
2016-04-21,0.8913694024085999,0.8967553384108758,0.8874523633495184,0.8925934442823872,178280000
2016-04-22,0.8879420757293701,0.9004275838621381,0.8850042816424524,0.8943072573388143,223540000
2016-04-25,0.8923489451408386,0.8972452310053107,0.8857389650606345,0.8881871079928706,191972000
2016-04-26,0.8930831551551819,0.9080168639081905,0.8891661158368793,0.8977346429936859,214536000
2016-04-27,0.9134028553962708,0.9138925072600202,0.8891662263229729,0.8908799202936113,352396000
2016-04-28,0.8862282633781433,0.9131578850294376,0.8840249763309906,0.9077719490255163,381224000
2016-04-29,0.8698258399963379,0.8845146947726343,0.8602780668812491,0.8825562041497896,321904000
2016-05-02,0.8813321590423584,0.886718096145657,0.87398773119331,0.8781495678042717,256076000
2016-05-03,0.8708048462867737,0.8749666814942066,0.8632156242459612,0.8712944979922441,224024000
2016-05-04,0.8509753346443176,0.8610127034221875,0.8421620081808628,0.8602782546862051,525764000
2016-05-05,0.8561161756515503,0.866153599963078,0.8497509939828539,0.8580747245171658,246884000
2016-05-06,0.8649296760559082,0.8671330220910494,0.8529337588001332,0.8546474529269114,183240000
2016-05-09,0.8637053966522217,0.8708049679797121,0.8566057669564187,0.8671327839645705,333336000
2016-05-10,0.8803529143333435,0.8818218115779256,0.8607677733877785,0.8690914466159788,269676000
2016-05-11,0.8828008770942688,0.8925934455719642,0.8781493895568698,0.8830457321640298,328176000
2016-05-12,0.8708048462867737,0.8930829774403496,0.8551367504996783,0.8891659389014996,670540000
2016-05-13,1.0032495260238647,1.0037391193860477,0.9547762810693097,0.9594277098515847,2110256000
2016-05-16,1.032872200012207,1.0478059674452975,0.9924778223994102,0.9956604132639528,973032000
2016-05-17,1.0350761413574219,1.0424205137890354,1.015001282121842,1.0282212458881022,628392000
2016-05-18,1.0615155696868896,1.0735115435642846,1.028220762342728,1.028220762342728,541072000
2016-05-19,1.0661672353744507,1.073756519086883,1.0558850703988918,1.057353851049692,398880000
2016-05-20,1.0852628946304321,1.0896695872392848,1.0710636296041327,1.0727773239403524,391084000
2016-05-23,1.0869760513305664,1.094075621963817,1.0803660740550258,1.089913844950054,413636000
2016-05-24,1.1133626699447632,1.1167990767108735,1.087344947411717,1.0902903720456167,415788000
2016-05-25,1.1086984872817993,1.12146179055619,1.0998622191998013,1.1167983411704157,458076000
2016-05-26,1.120479941368103,1.1285797943917804,1.1074710900585534,1.110661944796358,309964000
2016-05-27,1.1266164779663086,1.1283346219100971,1.1180256412075873,1.1217074785498014,277416000
2016-05-31,1.1467435359954834,1.1491980946421576,1.1307892559114954,1.131525670321417,412524000
2016-06-01,1.148952603340149,1.1599977655650942,1.1379073240754116,1.1413436123729224,387132000
2016-06-02,1.1570523977279663,1.1668703972106484,1.1437979930905382,1.1550887041996012,329208000
2016-06-03,1.140852451324463,1.1472341620292439,1.1207255895877062,1.145761567595624,461076000
2016-06-06,1.1349619626998901,1.1526343870814346,1.1290711155594424,1.1437981163707631,322512000
2016-06-07,1.137170433998108,1.1482157086423475,1.136679569315173,1.1418339996052198,193400000
2016-06-08,1.1334891319274902,1.1415889873754295,1.124161997280824,1.1374162849156726,234616000
2016-06-09,1.1629430055618286,1.1646611494396084,1.1271072994941065,1.1295618576279485,472168000
2016-06-10,1.13398015499115,1.1595070040949116,1.1325074431551787,1.1491981382829168,400024000
2016-06-13,1.1484614610671997,1.1707974489223256,1.135207174615957,1.135207174615957,475588000
2016-06-14,1.1506707668304443,1.156070631811614,1.1329983431177684,1.1457617667458007,298344000
2016-06-15,1.1624523401260376,1.1725157727132918,1.1474799074689186,1.1602433310585263,301036000
2016-06-16,1.1671159267425537,1.169079503394497,1.1425709259937724,1.1538616380421913,246456000
2016-06-17,1.1467435359954834,1.1688340956563585,1.1420799681986409,1.1685886631996507,471000000
2016-06-20,1.1673614978790283,1.1823339325585718,1.164416074031293,1.1651524885131317,293768000
2016-06-21,1.160243272781372,1.1754611371216463,1.1585250116554209,1.172270281384516,212508000
2016-06-22,1.1592615842819214,1.1703068646523596,1.1572980074924624,1.1626978729234259,202620000
2016-06-23,1.190187931060791,1.1914152100646256,1.1695700885474885,1.1703065027656963,297880000
2016-06-24,1.1224437952041626,1.1624522055124176,1.1118894989440626,1.1413434959524376,1017684000
2016-06-27,1.1104167699813843,1.1217074803615654,1.0939715107217336,1.1131166435889681,449088000
2016-06-28,1.1266164779663086,1.132752639457109,1.1111530654324326,1.1315254773828158,381920000
2016-06-29,1.1450250148773193,1.1538612826491588,1.1334888739305509,1.136434296521164,318932000
2016-06-30,1.1538617610931396,1.1609797711054415,1.137662047167383,1.1469890665187215,430940000
2016-07-01,1.145270824432373,1.1624523838429524,1.1413436710447082,1.1474799506227578,218488000
2016-07-05,1.1622068881988525,1.1641704647859286,1.1298074648728296,1.1388890504779774,371084000
2016-07-06,1.1695702075958252,1.1764429004929962,1.148216065730485,1.1541069119166945,273104000
2016-07-07,1.200006127357483,1.204178829844307,1.1720248402757625,1.1774247049294875,395400000
2016-07-08,1.2481141090393066,1.254004954247573,1.2081057055859779,1.2127692718692287,481932000
2016-07-11,1.2768323421478271,1.286159361606587,1.2645597818034138,1.2660324937263359,448776000
2016-07-12,1.2959773540496826,1.3077589312472857,1.274868524220938,1.2910683537973648,436760000
2016-07-13,1.2954859733581543,1.3057949526428732,1.293522397269557,1.298431396010931,324604000
2016-07-14,1.3087403774261475,1.3205220691100628,1.2915589387867255,1.302358783817057,316892000
2016-07-15,1.2935224771499634,1.2994133228193014,1.2724137695545281,1.2920497657326289,428616000
2016-07-18,1.3001500368118286,1.3114407499378047,1.2952410361935698,1.3094771730984625,252992000
2016-07-19,1.3136494159698486,1.318803847256861,1.296958726084586,1.2994132840535058,382652000
2016-07-20,1.3308308124542236,1.3379489367122406,1.3126675287967964,1.3180673923058255,296460000
2016-07-21,1.3062865734100342,1.332058860977734,1.3018684368739009,1.3278861569647475,361308000
2016-07-22,1.3418760299682617,1.3418760299682617,1.3013767628295623,1.3109493275205055,315768000
2016-07-25,1.3666667938232422,1.3698576495113155,1.3440853715753054,1.3499762180886057,312528000
2016-07-26,1.3899850845336914,1.3971030955296662,1.3767307925881807,1.3786943697208813,514508000
2016-07-27,1.3759939670562744,1.4044662366162335,1.367648678954849,1.402011678153573,446676000
2016-07-28,1.378938913345337,1.3892477744266196,1.3747662122182946,1.3791843456987367,221916000
2016-07-29,1.4015204906463623,1.4052022104530304,1.3593030779412951,1.384093504100497,409588000
2016-08-01,1.3924391269683838,1.412566108660322,1.3833575414467183,1.407411676276708,301120000
2016-08-02,1.3755030632019043,1.3998026295026769,1.3622487755905348,1.399066215168831,282748000
2016-08-03,1.379184603691101,1.3818845941630604,1.3661757502094674,1.3737847397869531,299828000
2016-08-04,1.4047114849090576,1.4110931956276414,1.3831119116521915,1.385811785159441,272712000
2016-08-05,1.4285200834274292,1.429256380594045,1.4140385191260925,1.42091109417357,371588000
2016-08-08,1.4417743682861328,1.4515923660764831,1.426556389783254,1.448156078553837,305064000
2016-08-09,1.4454559087753296,1.459446606557829,1.441774189320896,1.4488921958714345,372344000
2016-08-10,1.4361289739608765,1.4604285363656524,1.4314654073935233,1.458219527797861,375740000
2016-08-11,1.465338110923767,1.4714743912932928,1.440793106485477,1.4437385304260346,681064000
2016-08-12,1.5473178625106812,1.5556631487098456,1.4881644449296774,1.5193365812453032,1425744000
2016-08-15,1.545845627784729,1.5586090519208804,1.5249823473344661,1.549036483818767,573304000
2016-08-16,1.5365177392959595,1.546090184938928,1.5318541741141516,1.5436357447083477,287652000
2016-08-17,1.5009280443191528,1.5399547268114178,1.4889010359313228,1.5365184387006092,595212000
2016-08-18,1.5242458581924438,1.526700299503784,1.4928281667208456,1.4987190131317163,331684000
2016-08-19,1.5281727313995361,1.5397088726428363,1.5168820225384692,1.523509165017817,291560000
2016-08-22,1.5345546007156372,1.5367637264644711,1.5146731712147798,1.5328364568219746,244748000
2016-08-23,1.5469725131988525,1.5570544879279513,1.5425462374926227,1.5501692483330003,339764000
2016-08-24,1.523120403289795,1.5531205691545276,1.5159892768719085,1.552382914941151,298448000
2016-08-25,1.513037919998169,1.5243494349457551,1.4941035117039376,1.5236117809788303,406032000
2016-08-26,1.5253331661224365,1.5339397157719528,1.5049232143759321,1.5169725011406998,300024000
2016-08-29,1.5243498086929321,1.5376285213968264,1.521890844278177,1.5314810517322046,274652000
2016-08-30,1.5154972076416016,1.5304972289793297,1.5113168161595518,1.5223824479598433,285544000
2016-08-31,1.5083659887313843,1.5226283562224499,1.5039398297471056,1.518448081931136,388544000
2016-09-01,1.5528744459152222,1.5585301457822343,1.5083660320573657,1.509595572812963,428492000
2016-09-02,1.5376286506652832,1.5577927233877151,1.5201696618118872,1.5560714129760356,323148000
2016-09-06,1.5521366596221924,1.5521366596221924,1.5351694429289848,1.5430383395314358,306812000
2016-09-07,1.5292677879333496,1.5548416733595845,1.5204153522695174,1.5472186612216576,397988000
2016-09-08,1.5403331518173218,1.5427922329511887,1.5103331124189734,1.5277920959965725,315808000
2016-09-09,1.4636121988296509,1.531973086424128,1.4508252533435633,1.5233665335990647,697760000
2016-09-12,1.4938576221466064,1.4968084727471185,1.4095130816351196,1.4441854003079637,598260000
2016-09-13,1.4722181558609009,1.5073822417170435,1.4638574911778286,1.4901690257774665,471768000
2016-09-14,1.4852508306503296,1.4901688750992872,1.4633655738918685,1.4756606263865482,319048000
2016-09-15,1.5415630340576172,1.5432843443306599,1.4842676738472085,1.4877104116487623,515212000
2016-09-16,1.5452516078948975,1.5553335852637706,1.5275466176897057,1.5469729182443277,902444000
2016-09-19,1.565661907196045,1.604760401588082,1.5543503864581003,1.561481514143881,417128000
2016-09-20,1.5513989925384521,1.5836122327714994,1.5427924419150854,1.5836122327714994,331112000
2016-09-21,1.594923973083496,1.5978748243551957,1.5558254868721642,1.5560713716022267,336212000
2016-09-22,1.5988579988479614,1.6091859759448552,1.5897596796320537,1.6042679306981502,308732000
2016-09-23,1.5971368551254272,1.605497521189569,1.5900057298148103,1.600825477386002,276132000
2016-09-26,1.582136631011963,1.5885301014068942,1.5622185658225745,1.5789398958144971,230040000
2016-09-27,1.6362354755401611,1.6386945572561809,1.5752517264017962,1.57598938056332,402752000
2016-09-28,1.642136812210083,1.643366352794319,1.6212350912998492,1.6386941923785778,319788000
2016-09-29,1.657382845878601,1.6625468932835272,1.6241860683066645,1.6394319740701737,336684000
2016-09-30,1.6849242448806763,1.7013996933159405,1.6566453920991604,1.6664814842173918,429932000
2016-10-03,1.683202862739563,1.7092686365365168,1.6802521288289276,1.68492429029935,242596000
2016-10-04,1.6795144081115723,1.7139407324926519,1.666973348904763,1.6856619953506335,281624000
2016-10-05,1.6777929067611694,1.7109898037197966,1.6726289762801725,1.693776584861013,305440000
2016-10-06,1.6559075117111206,1.6679566818702807,1.6293499728160383,1.6576288217338577,360212000
2016-10-07,1.6438584327697754,1.6713995138817666,1.6391862714711245,1.6669732372953396,286260000
2016-10-10,1.6500059366226196,1.6613174536043505,1.634514027976907,1.652464900876669,287876000
2016-10-11,1.6261534690856934,1.6470551942723346,1.613612410522615,1.6445962298562127,388540000
2016-10-12,1.6335304975509644,1.642137048367444,1.6059894176827683,1.6195140142880167,419920000
2016-10-13,1.6069731712341309,1.6180388050514745,1.5663992587408548,1.614350299530852,390116000
2016-10-14,1.6227107048034668,1.6377107264539035,1.6131204981936489,1.6266450944229247,330636000
2016-10-17,1.6133664846420288,1.6377108297433833,1.6111534049984384,1.6224649224371122,195328000
2016-10-18,1.6379562616348267,1.647300581556434,1.629103828252284,1.635743182603049,269372000
2016-10-19,1.6345138549804688,1.6421368661465785,1.6185301786267456,1.6268909610698068,199060000
2016-10-20,1.6654971837997437,1.6709071144507466,1.6303332208453334,1.6536939012751022,312084000
2016-10-21,1.6608251333236694,1.6637758659987045,1.6450873451981827,1.6595955929767423,279508000
2016-10-24,1.7387769222259521,1.7407441172611937,1.671891352983974,1.6721373549619163,339836000
2016-10-25,1.7673012018203735,1.7778750636313927,1.7274650703475976,1.7358257355731637,397460000
2016-10-26,1.7744324207305908,1.7938587168659261,1.7508257334087942,1.7525470433666437,333792000
2016-10-27,1.7380387783050537,1.7913996210755274,1.7309076538598505,1.7879570011878125,388664000
2016-10-28,1.7350881099700928,1.7729570474081304,1.7318913746324722,1.7463996259912533,290856000
2016-10-31,1.7498422861099243,1.7613996870749307,1.7397601932525992,1.7407438492465064,252388000
2016-11-01,1.6979570388793945,1.7658261434926255,1.6792683938748245,1.756235936280617,473224000
2016-11-02,1.6908254623413086,1.7341043286092688,1.6878746118960364,1.7109895288803736,295848000
2016-11-03,1.67115318775177,1.7001696867281633,1.6386940692026435,1.6986942615890726,309664000
2016-11-04,1.6615629196166992,1.6900876482108358,1.6372185816331524,1.6600874945338693,328780000
2016-11-07,1.752547025680542,1.763612656586731,1.7090222733191032,1.7102518139210008,487580000
2016-11-08,1.7498422861099243,1.7648423071704258,1.7336127243709023,1.7591864904025032,429884000
2016-11-09,1.7203339338302612,1.7434488535226456,1.6898421216713344,1.7023830616498223,456532000
2016-11-10,1.666481375694275,1.758203051842006,1.641645262301416,1.7579571671433827,869280000
2016-11-11,2.1632044315338135,2.1828766141908655,1.9303347406828184,1.9551709709544856,2175344000
2016-11-14,2.0567281246185303,2.1686137181065166,2.056236355375173,2.1661546373788836,1348796000
2016-11-15,2.1194334030151367,2.1504169777994933,2.063859253992869,2.0727118044359103,626092000
2016-11-16,2.253204584121704,2.276073382915659,2.1233680969997093,2.147712438335083,987984000
2016-11-17,2.2718939781188965,2.3309105400674106,2.229106747920801,2.269926665582891,832988000
2016-11-18,2.295745611190796,2.319597946728445,2.2573847913917815,2.2718930411422726,576060000
2016-11-21,2.2864015102386475,2.3200901731205668,2.2721390265161694,2.3136967025407067,436436000
2016-11-22,2.3028769493103027,2.30509002874976,2.2716473661935153,2.2942703989841298,330368000
2016-11-23,2.3142054080963135,2.3457278807664426,2.284652957858194,2.3080485008412905,443236000
2016-11-25,2.3188843727111816,2.342033778414981,2.3004138873291065,2.325287414811933,195564000
2016-11-28,2.3176538944244385,2.3331688827232244,2.3050939406817426,2.3117433555881193,278736000
2016-11-29,2.2964742183685303,2.325780538610454,2.2787428389172955,2.3149444737983282,444568000
2016-11-30,2.270615816116333,2.318884895538684,2.2681530528618588,2.3050935622308475,440500000
2016-12-01,2.158315896987915,2.2698765150098725,2.087636295829725,2.2681526280270385,1035524000
2016-12-02,2.178264617919922,2.1868840556755753,2.096256421795451,2.124084992918874,478292000
2016-12-05,2.262735366821289,2.2807131185774803,2.1918093713041853,2.2161901675843105,602284000
2016-12-06,2.299921989440918,2.3082952908858023,2.2551006828930897,2.27086203952567,498796000
2016-12-07,2.3412957191467285,2.34695988744067,2.268153332478517,2.2863774540014417,480804000
2016-12-08,2.302138328552246,2.3794673579479024,2.2915488691474986,2.3442507353453412,381544000
2016-12-09,2.2612571716308594,2.3215934533344424,2.2339211141610815,2.3198695662818256,382312000
2016-12-12,2.206338882446289,2.215204688731009,2.155853412967606,2.212741925619362,601332000
2016-12-13,2.2452495098114014,2.2728319382784252,2.2176673162063802,2.2186523274459873,387796000
2016-12-14,2.3752810955047607,2.3915349585030987,2.2551007755985717,2.2789890643782584,983980000
2016-12-15,2.4309377670288086,2.4612290940420447,2.3789745485626055,2.386362602633979,746548000
2016-12-16,2.4728035926818848,2.4799452759171126,2.406802912562164,2.4585197564874592,1089528000
2016-12-19,2.5028491020202637,2.523043244541883,2.438079788922998,2.4553188972959252,744656000
2016-12-20,2.59002947807312,2.6136714001109738,2.5641709276793336,2.575499500337568,848056000
2016-12-21,2.606283187866211,2.6092384573022174,2.554073819266878,2.6016040308310395,576136000
2016-12-22,2.637805223464966,2.6811487725529908,2.6235213857392914,2.6306633046021286,718612000
2016-12-23,2.703559398651123,2.7050371504690864,2.6171184328848396,2.6198273314017486,647692000
2016-12-27,2.889247417449951,2.8902324286741403,2.7390221672471493,2.7597090469891152,1194272000
2016-12-28,2.690507173538208,2.9535242151955567,2.676716075851655,2.9453972847928354,2295764000
2016-12-29,2.744194269180298,2.7456720211159054,2.53166267996832,2.583379535335879,2175368000
2016-12-30,2.6286935806274414,2.7562619604652205,2.6178577498720776,2.742224490139509,1212932000
2017-01-03,2.512207269668579,2.619581254650973,2.4474379603116216,2.5710658064833773,1501996000
2017-01-04,2.57081937789917,2.598155435405798,2.500385909157029,2.5464385888955823,1199220000
2017-01-05,2.5055580139160156,2.606036456222518,2.488565275730568,2.5742676077678412,984296000
2017-01-06,2.5390512943267822,2.5673723715160026,2.4922597247547893,2.5328943852451693,822856000
2017-01-09,2.641991138458252,2.6597227471331077,2.5489010149321376,2.5489010149321376,916248000
2017-01-10,2.6220438480377197,2.689029311109559,2.6013569674968213,2.655044073942524,880920000
2017-01-11,2.58978271484375,2.615394891024939,2.5649094146691085,2.610469598992737,525664000
2017-01-12,2.547423839569092,2.5784540443368833,2.502602537065401,2.5668793394711082,625616000
2017-01-13,2.547177791595459,2.5858421876069,2.538065614682627,2.5513642072218117,457820000
2017-01-17,2.4900426864624023,2.541513164797707,2.4767440950975965,2.5365878736702263,580612000
2017-01-18,2.535356283187866,2.5422518311151547,2.440788399687641,2.468616961620765,654424000
2017-01-19,2.58978271484375,2.6217979350702363,2.536095833896295,2.5383122270538885,644872000
2017-01-20,2.5614609718322754,2.6301705509724767,2.539542946537368,2.612438940611527,492024000
2017-01-23,2.5880582332611084,2.608006236824073,2.5538266277355985,2.556289390617346,369904000
2017-01-24,2.6432230472564697,2.6493799549120256,2.5833792670441382,2.5981556105554597,428052000
2017-01-25,2.6545515060424805,2.6917383812324687,2.6185960123323992,2.6855814738329324,522760000
2017-01-26,2.7003581523895264,2.7077462073253162,2.6277082800785005,2.6572607346836925,458800000
2017-01-27,2.7525675296783447,2.755522798643677,2.6806565328666703,2.7072537186926278,471996000
2017-01-30,2.709470272064209,2.7338510663246804,2.65750727897753,2.7316346731850096,496004000
2017-01-31,2.688784122467041,2.7102096515677054,2.6646494591483227,2.6831199534218046,362756000
2017-02-01,2.8062541484832764,2.8104405634912486,2.7055293556844564,2.7232607314969033,590004000
2017-02-02,2.841717481613159,2.8503371533465853,2.75970952876394,2.7902469958028577,483240000
2017-02-03,2.8168437480926514,2.85427699371924,2.8050229085753107,2.8431947952041052,372744000
2017-02-06,2.889000654220581,2.88949315976568,2.8074849975265717,2.8074849975265717,506768000
2017-02-07,2.9338226318359375,2.9779050590505225,2.903531302551721,2.92323293812711,746224000
2017-02-08,2.9210171699523926,2.9382560460522824,2.8660986670223445,2.9158455071224254,449580000
2017-02-09,2.8660976886749268,2.93209837081462,2.846888796070365,2.9271728451176613,842568000
2017-02-10,2.7981276512145996,2.972487107275527,2.7730079829764387,2.953524347109578,1651092000
2017-02-13,2.669081926345825,2.8069933871573283,2.664648905302271,2.7924634120643206,1180724000
2017-02-14,2.6789326667785645,2.712671772443368,2.6176111288393518,2.659477165507735,850632000
2017-02-15,2.68435001373291,2.704051647110392,2.6538125524564116,2.6818874857072217,373020000
2017-02-16,2.6412532329559326,2.6951864800163072,2.602096095709946,2.693955098388103,647176000
2017-02-17,2.6407599449157715,2.6451929648306307,2.580670037034632,2.6277077251145333,563740000
2017-02-21,2.735328197479248,2.739268477151218,2.6651408649066832,2.6653872351383034,551952000
2017-02-22,2.7311360836029053,2.756780575952077,2.7121491603299304,2.7474104548892346,433772000
2017-02-23,2.4778966903686523,2.623379768932994,2.4579237491815964,2.6014340841612937,1592888000
2017-02-24,2.5018155574798584,2.5151309323258646,2.359784578911242,2.3935662607985138,1029904000
2017-02-27,2.574556589126587,2.589598023687165,2.5042809224158082,2.520062165195632,715400000
2017-02-28,2.5023086071014404,2.5940370817591676,2.485047980087699,2.5841735975702798,625360000
2017-03-01,2.534611463546753,2.5735713410547736,2.4931857144494813,2.559269473963886,504804000
2017-03-02,2.4411566257476807,2.535844108587207,2.438444308405568,2.5217889243301634,754332000
2017-03-03,2.4271011352539062,2.435484766604196,2.3726064732643226,2.4305532602496216,864692000
2017-03-06,2.4083614349365234,2.4189644934452623,2.3467160631226713,2.3908541248849127,883568000
2017-03-07,2.4347448348999023,2.4542248836666634,2.3955385265566216,2.408360771650134,603400000
2017-03-08,2.430307388305664,2.4978707645153895,2.4280881979492857,2.48307577020877,638712000
2017-03-09,2.4298136234283447,2.452252437483682,2.401703259201276,2.414279059851573,478060000
2017-03-10,2.44411563873291,2.4680340731990014,2.425868755337029,2.4561983141429136,499740000
2017-03-13,2.511432409286499,2.5212956588131687,2.4537322937341925,2.4544721021172577,774136000
2017-03-14,2.5097062587738037,2.5336244557921654,2.477403958971125,2.5242545689540004,522016000
2017-03-15,2.5286927223205566,2.5395422249014943,2.4737049308081387,2.5212953448862074,615036000
2017-03-16,2.5597622394561768,2.560255601831062,2.5252409827196938,2.5392961666017295,523100000
2017-03-17,2.6154897212982178,2.616722656858964,2.559762115681193,2.577269424390327,1119688000
2017-03-20,2.698834180831909,2.7027796688139567,2.616969185318364,2.6329971129545777,748568000
2017-03-21,2.611543655395508,2.7114092972857398,2.6036531517433303,2.6815728747316188,913484000
2017-03-22,2.664806365966797,2.6694914277340547,2.5965031836814667,2.600448436970092,616764000
2017-03-23,2.6406404972076416,2.6768880452858737,2.6310239303557905,2.656914868155684,533940000
2017-03-24,2.6500110626220703,2.6948889308286477,2.624120120478903,2.686998425173136,439500000
2017-03-27,2.6692447662353516,2.6731900195531146,2.5540912005854275,2.60340745495359,506644000
2017-03-28,2.655435800552368,2.6850255480308256,2.6450794242086695,2.6704772378837034,432444000
2017-03-29,2.646806240081787,2.675163060089446,2.6445870495421535,2.6628339363422318,349992000
2017-03-30,2.697601318359375,2.712396310797067,2.6482850688311137,2.6539563846162175,525532000
2017-03-31,2.6860122680664062,2.709684258279853,2.672943572364645,2.6879850123036766,440808000
2017-04-03,2.672450542449951,2.70376635922231,2.648778551374155,2.6865057283615905,445232000
2017-04-04,2.485048532485962,2.5748042832259213,2.474199026688231,2.549652910301884,1271280000
2017-04-05,2.4665544033050537,2.5242545156214145,2.45348547495698,2.4663077221383936,747048000
2017-04-06,2.484555959701538,2.4966384039935066,2.426609140070365,2.4717337067341605,635120000
2017-04-07,2.473951816558838,2.5084733060381126,2.4589103792964018,2.490965997707498,429068000
2017-04-10,2.4108269214630127,2.481349042485652,2.4066349879357776,2.474691473199803,756332000
2017-04-11,2.4194576740264893,2.4386910473879277,2.3758127385322747,2.380744246103742,618148000
2017-04-12,2.399484634399414,2.4337594488644303,2.394306445321256,2.4194578173854873,414092000
2017-04-13,2.3546063899993896,2.3970183856494143,2.3546063899993896,2.375319378210694,506892000
2017-04-17,2.446829319000244,2.447075765150882,2.3622517279403263,2.3674299190062142,497292000
2017-04-18,2.4483072757720947,2.4544719533265704,2.406635090200816,2.4325260304544023,370116000
2017-04-19,2.4579243659973145,2.4899797523938854,2.451266560491939,2.4658148719992696,380828000
2017-04-20,2.4968838691711426,2.5015689299027044,2.4512661973278713,2.472472311198814,404016000
2017-04-21,2.507240056991577,2.509952373732373,2.474691315468514,2.48652707183066,341896000
2017-04-24,2.5385568141937256,2.5516255108319195,2.5178440564312443,2.538803260267012,371820000
2017-04-25,2.5826942920684814,2.5972426024536075,2.5316519827120727,2.5531045441059486,388440000
2017-04-26,2.5649404525756836,2.5987218981352314,2.562967708713354,2.5962562622553262,327004000
2017-04-27,2.604886770248413,2.6132704031829403,2.5543375859803685,2.572338022619069,319700000
2017-04-28,2.5718448162078857,2.6048866900325303,2.5661732655392253,2.59798243894903,348248000
2017-05-01,2.629544496536255,2.6347229196144433,2.575543192379813,2.582694124098837,307732000
2017-05-02,2.5516254901885986,2.603900981793853,2.528939988231022,2.602668045961994,629972000
2017-05-03,2.5706119537353516,2.580228522258433,2.52992601929458,2.5447207762775395,336904000
2017-05-04,2.560749053955078,2.5878729355692793,2.5528583120152595,2.5767767487365485,209788000
2017-05-05,2.5609941482543945,2.5681450779219923,2.533623599868357,2.5491583943295746,228428000
2017-05-08,2.5341174602508545,2.574310024501023,2.522774595956449,2.5728306431539494,365240000
2017-05-09,2.5383102893829346,2.5873801042145317,2.531406036369973,2.5397899065477016,847672000
2017-05-10,2.9907875061035156,3.0038564390632287,2.8115228986316123,2.8181804705798346,2129096000
2017-05-11,3.119255304336548,3.2161619645433097,2.956758263206955,2.9602103885186835,1939792000
2017-05-12,3.1535301208496094,3.1956956682007585,3.101501559857041,3.1224609929514577,962620000
2017-05-15,3.311835527420044,3.314301398456841,3.190270860175151,3.1947094750730662,1087540000
2017-05-16,3.373480796813965,3.3890155957789365,3.2884103648802956,3.3628777397828635,1120700000
2017-05-17,3.149339199066162,3.325398339384972,3.145147264381759,3.3066580914959633,1271368000
2017-05-18,3.281259775161743,3.290136770472964,3.1328176667286507,3.1932301007652577,1156032000
2017-05-19,3.3570399284362793,3.4118384616334136,3.337786300672824,3.3824644911444244,1018372000
2017-05-22,3.428623914718628,3.4429406064438894,3.38986971755904,3.40073088339787,836608000
2017-05-23,3.38246488571167,3.4505930606512383,3.3498818557582286,3.4483715332282503,681248000
2017-05-24,3.420477867126465,3.482188153994059,3.4083824682253114,3.47947274506226,815996000
2017-05-25,3.4128265380859375,3.456517442478721,3.3679013994248352,3.4557768548365067,608228000
2017-05-26,3.501194953918457,3.5861082775250783,3.3844391928108704,3.4046801129507833,779140000
2017-05-30,3.5759880542755127,3.61103931308788,3.531062922922893,3.547107494988647,989652000
2017-05-31,3.56315279006958,3.628565556757788,3.506379192224187,3.6209134457355656,887316000
2017-06-01,3.5633997917175293,3.5799382493724083,3.517981003830303,3.578950720657552,503340000
2017-06-02,3.5456268787384033,3.586602370649756,3.53970264883635,3.560437218087437,487456000
2017-06-05,3.6534969806671143,3.6663327360107516,3.5177344916020616,3.529336012538871,817376000
2017-06-06,3.6369576454162598,3.694965232363003,3.623628247466925,3.6488058683678517,758728000
2017-06-07,3.6808958053588867,3.6996557888026516,3.645844542310824,3.6613954697099995,612612000
2017-06-08,3.9479777812957764,3.949458720970966,3.7468020958689103,3.788024526071077,1161744000
2017-06-09,3.6927437782287598,4.15927365729685,3.5236574793535245,4.066461516348402,3692928000
2017-06-12,3.701876640319824,3.7445802418766707,3.5078596708421856,3.600918748052399,1697532000
2017-06-13,3.737175941467285,3.8203614014766347,3.5952420597728643,3.8112281149004037,1672504000
2017-06-14,3.7450742721557617,3.802835157675937,3.6655915252993485,3.7401375710906484,1184640000
2017-06-15,3.7611191272735596,3.791480392407653,3.6162231473938036,3.627577960175783,963824000
2017-06-16,3.7426059246063232,3.818633147953035,3.708541956399725,3.770745898424974,924960000
2017-06-19,3.883305311203003,3.8884889530914366,3.7830877638811313,3.7867902307122523,778176000
2017-06-20,3.8776278495788574,3.992409031306997,3.8734317361299944,3.925515096828308,1095444000
2017-06-21,3.9363760948181152,3.940078797178212,3.843317007903689,3.905274242455218,682652000
2017-06-22,3.909224033355713,3.9578518737431545,3.885280406974886,3.9445222381034273,469132000
2017-06-23,3.7971582412719727,3.9326740062486705,3.7821007248024636,3.916876137560779,1088588000
2017-06-26,3.7556886672973633,3.8655329192882406,3.661395342163939,3.829987775466849,1063960000
2017-06-27,3.6181981563568115,3.746802393577929,3.6125208673750255,3.738162989604319,999492000
2017-06-28,3.7458152770996094,3.750505273107416,3.597710462145663,3.685832857646056,994948000
2017-06-29,3.6206655502319336,3.7203891955389174,3.556486803465832,3.7174273168322047,1064424000
2017-06-30,3.568336009979248,3.651521457332143,3.542170859321787,3.6379451177454887,731060000
2017-07-03,3.4392387866973877,3.5952424376653336,3.4207257413932193,3.5804320955844564,709072000
2017-07-05,3.531062602996826,3.55994292426096,3.4836690078031616,3.5026756928277063,820188000
2017-07-06,3.541677713394165,3.588577676946066,3.4498528437325175,3.5019364502970816,746284000
2017-07-07,3.6226413249969482,3.6409076621196017,3.575494660053965,3.598450993110566,654972000
2017-07-10,3.7939491271972656,3.801354297110711,3.6700348834712586,3.6962000368777996,958492000
2017-07-11,3.8477604389190674,3.8554125495002274,3.7556886417618474,3.7976516617574285,757956000
2017-07-12,4.011415481567383,4.023510645453302,3.864545163569078,3.9074954718858117,1145208000
2017-07-13,3.9650094509124756,4.10496824805885,3.9186033810316947,4.023510684797449,1369132000
2017-07-14,4.071646213531494,4.073126918130159,3.9743905222926355,3.9813020464606486,941948000
2017-07-17,4.054367542266846,4.134591140786141,3.9926572267327245,4.10571056998922,930792000
2017-07-18,4.096576690673828,4.111140325132777,3.981548319439998,3.9933967798154524,776640000
2017-07-19,4.075347423553467,4.132120774787683,4.063252259992133,4.105708685234267,687044000
2017-07-20,4.134591579437256,4.134838285131611,4.045975741487179,4.095837598865769,699596000
2017-07-21,4.1493988037109375,4.1790199431861765,4.099783689347437,4.114100612661472,648332000
2017-07-24,4.101266384124756,4.166185738711283,4.090652393568662,4.156559041368289,652524000
2017-07-25,4.081518173217773,4.095835098561295,4.037827280555946,4.07830911790055,496556000
2017-07-26,4.128664970397949,4.194571605405604,4.093860184221281,4.139032253341611,640404000
2017-07-27,3.9924097061157227,4.165198742665717,3.889230024989945,4.153596987256577,782856000
2017-07-28,4.057822227478027,4.0822597356975585,3.9316866905191863,3.956617374537965,513348000
2017-07-31,4.011415481567383,4.107436675970088,3.9647627065788362,4.07139788987388,559672000
2017-08-01,4.060290813446045,4.062018694339238,3.974143474396219,4.002036274297123,431384000
2017-08-02,4.057822227478027,4.095342194822809,3.9808081771548176,4.091393021931075,478444000
2017-08-03,4.109411716461182,4.113114183118184,4.040296023720251,4.057328123641886,442420000
2017-08-04,4.127431392669678,4.19802779443059,4.109411998457126,4.132121152702893,589096000
2017-08-07,4.254307746887207,4.254801158043025,4.146931498163025,4.156558665447548,717412000
2017-08-08,4.203705310821533,4.3088593257287275,4.164457466711079,4.29232110663528,755336000
2017-08-09,4.248383522033691,4.250851990252031,4.138785981362695,4.157545963172341,530784000
2017-08-10,4.066461563110352,4.261959719685869,4.056340984996345,4.249617379005804,1328088000
2017-08-11,3.8497350215911865,3.9247747167644094,3.774448620828798,3.8788622887272868,1497196000
2017-08-14,4.156805515289307,4.160507982335129,3.9297116105058465,3.941313129034538,1279020000
2017-08-15,4.121755123138428,4.188155196229652,4.087444204937751,4.161990272687135,764532000
2017-08-16,4.076582908630371,4.160262261852931,4.044247049094893,4.136812513656435,596632000
2017-08-17,3.9857444763183594,4.085221444248436,3.9835231843628574,4.0681898129448575,525444000
2017-08-18,3.9864840507507324,4.05708090963184,3.9405716337904835,4.040048811844736,601204000
2017-08-21,3.9284770488739014,4.022276717848377,3.8845394467230907,4.010922141258779,623672000
2017-08-22,4.015936374664307,4.021865821113382,3.9457718866526093,3.9650424698054114,450456000
2017-08-23,4.0962300300598145,4.107347681731615,3.9739358616700096,3.982583342949593,579520000
2017-08-24,4.08115816116333,4.132793756041695,4.054723292518573,4.1283463195864,469700000
2017-08-25,4.0470662117004395,4.1155015351990105,4.0406424481704555,4.1053720442335955,357200000
2017-08-28,4.075725555419922,4.0789374377715,4.010502101774578,4.066090379592057,389496000
2017-08-29,4.069053649902344,4.0907951087611325,4.008771499267955,4.016924664146684,324096000
2017-08-30,4.093265056610107,4.104382706961231,4.058429626516147,4.088817619488338,384400000
2017-08-31,4.186159133911133,4.190111783263288,4.106112329809888,4.113523782958517,612684000
2017-09-01,4.211358547210693,4.246935215567035,4.190111409544542,4.198758889491126,445432000
2017-09-05,4.0989484786987305,4.164913163351103,4.040890037423131,4.159971879047322,695364000
2017-09-06,4.096477031707764,4.145641999785319,4.061642068031826,4.1318067834343974,397672000
2017-09-07,4.1155009269714355,4.147865248993115,4.075230363123344,4.113277208102748,352868000
2017-09-08,4.044100284576416,4.1187119596802555,4.019888658171419,4.1038885822605975,498856000
2017-09-11,4.175288200378418,4.185912005249824,4.084370672577162,4.089806272009039,567444000
2017-09-12,4.1903605461120605,4.199995721088757,4.125137098228529,4.199995721088757,411488000
2017-09-13,4.209136009216309,4.238041526996603,4.132794925634419,4.165159247485521,580960000
2017-09-14,4.185171127319336,4.263241609649804,4.145641804966695,4.170100355230046,513712000
2017-09-15,4.449772357940674,4.449772357940674,4.26546657102455,4.270654778996923,1364792000
2017-09-18,4.633581638336182,4.723758399252469,4.567123128871037,4.574040736232068,1684460000
2017-09-19,4.628641128540039,4.690405753276462,4.56119398114663,4.583182360964218,874280000
2017-09-20,4.591334819793701,4.679781708898288,4.5510642601304765,4.632346619002792,724920000
2017-09-21,4.465830326080322,4.513759744276348,4.388006752219894,4.487571316005897,1075600000
2017-09-22,4.422347068786621,4.504123749191941,4.41246497379538,4.454464937768215,491232000
2017-09-25,4.224699974060059,4.392699810758895,4.203947152845256,4.391464254509458,874580000
2017-09-26,4.24841833114624,4.414441884314873,4.208642080662409,4.359347936896705,1125620000
2017-09-27,4.341559886932373,4.354901259739183,4.26793635611186,4.338842322049042,713720000
2017-09-28,4.3403239250183105,4.352676661530446,4.2928883612639215,4.348723540808683,435244000
2017-09-29,4.4166646003723145,4.440381908848342,4.37911160625196,4.4243234471001935,619092000
2017-10-02,4.422347068786621,4.495970584939476,4.372935651377029,4.46681767431394,503480000
2017-10-03,4.431488037109375,4.461382184906847,4.387264357945185,4.428523078993048,390332000
2017-10-04,4.468545436859131,4.490780731465104,4.401098313724144,4.437663135598227,427848000
2017-10-05,4.4660773277282715,4.496465800820647,4.436183171536309,4.493006996198112,437364000
2017-10-06,4.479170322418213,4.49251169230366,4.422346981467149,4.438405915640862,318800000
2017-10-09,4.580216407775879,4.6133224317042405,4.497204660836243,4.5159811554551235,563492000
2017-10-10,4.6676764488220215,4.766994077654325,4.626417721951962,4.729441077725951,974876000
2017-10-11,4.717334270477295,4.71881674943267,4.638275637514394,4.684228244091434,529508000
2017-10-12,4.719558238983154,4.7704521306237195,4.6923816557521825,4.720793324026995,528292000
2017-10-13,4.807510852813721,4.81764034092914,4.734875976645561,4.781816748376553,628728000
2017-10-16,4.89002799987793,4.892992957794958,4.7741576141220765,4.837404709116929,576640000
2017-10-17,4.885581970214844,4.913993642487508,4.850993929400595,4.869276112227167,478596000
2017-10-18,4.881381988525391,4.895217205026853,4.776135385503057,4.894476436622892,567316000
2017-10-19,4.886819362640381,4.891760176593888,4.754643047039528,4.803807562271881,570772000
2017-10-20,4.8645830154418945,4.931041543437328,4.855688609764402,4.90386542318161,451620000
2017-10-23,4.857663631439209,4.912757562791282,4.837404656648006,4.886322220708762,428696000
2017-10-24,4.908559322357178,4.910288724682846,4.840865237590448,4.866806272475474,407244000
2017-10-25,4.7845354080200195,4.921900364719075,4.72301816817099,4.869029664690874,828160000
2017-10-26,4.834686756134033,4.846298250437027,4.788239836468888,4.8122045357210705,322744000
2017-10-27,4.987123012542725,4.987369935325871,4.8608757288054605,4.886817229063083,572192000
2017-10-30,5.036040306091309,5.091628087744789,4.9713107272448065,4.987122737802117,504056000
2017-10-31,5.1094160079956055,5.1360982729659765,5.062227845378508,5.067910367203167,411908000
2017-11-01,5.119051933288574,5.187487243115151,5.054816666955568,5.1721695483095855,502576000
2017-11-02,5.087924003601074,5.134124022657987,5.03134757015407,5.089406483150176,342308000
2017-11-03,5.155864715576172,5.155864715576172,5.073100328096132,5.119052950416676,353640000
2017-11-06,5.179088115692139,5.187735127067258,5.106700142972769,5.1190528817295755,389944000
2017-11-07,5.238381385803223,5.259875921080676,5.189711205998855,5.201817020250571,427700000
2017-11-08,5.16747522354126,5.237639929406407,5.1200401351820926,5.233933731797108,522988000
2017-11-09,5.072606563568115,5.09755943819214,4.950312832746893,5.0713714780320815,978564000
2017-11-10,5.339922904968262,5.402428774316869,5.2284994602024915,5.264323058525985,1253256000
2017-11-13,5.253204822540283,5.365369023257795,5.2378871282189765,5.339922311541653,582376000
2017-11-14,5.291499137878418,5.3068168337940556,5.218616856490611,5.262346225323295,529292000
2017-11-15,5.187734127044678,5.237640331795257,5.1338757440694005,5.236404775421684,501948000
2017-11-16,5.228005886077881,5.29199424380355,5.219111951548242,5.261853164312221,441768000
2017-11-17,5.221827983856201,5.320404359405614,5.206757684147104,5.285075083270091,515664000
2017-11-20,5.289029121398926,5.301134936310986,5.200581747489465,5.237393509074331,396100000
2017-11-21,5.337699890136719,5.349311860702259,5.296935474191861,5.328805955697387,399176000
2017-11-22,5.313717842102051,5.364894666353506,5.28108346849205,5.364894666353506,356640000
2017-11-24,5.363905429840088,5.364894750374522,5.305559096014242,5.330035112382122,180752000
2017-11-27,5.294185638427734,5.373793860928678,5.290971526175311,5.372557917822222,422896000
2017-11-28,5.209387302398682,5.3087739478440685,5.148321507488108,5.29937917389212,512752000
2017-11-29,4.856096267700195,5.194801421589406,4.727783528266251,5.1920819682575585,1396788000
2017-11-30,4.962157249450684,5.010861724484525,4.8617822234962516,4.924825718492615,823768000
2017-12-01,4.887247085571289,4.94781869922789,4.758440158752851,4.927545639350391,811548000
2017-12-04,4.614797592163086,4.952019561034658,4.561395983380852,4.945838430681996,1240844000
2017-12-05,4.641498565673828,4.7641247835091916,4.464481888253141,4.509477576362793,981488000
2017-12-06,4.679078102111816,4.700834193729968,4.569802040659538,4.5910639435784715,467032000
2017-12-07,4.7465715408325195,4.786375893324269,4.700339434507561,4.745829786245209,542600000
2017-12-08,4.7342119216918945,4.815550787845362,4.725805995422978,4.796513670746606,466876000
2017-12-11,4.812582969665527,4.815549988587643,4.732480532081165,4.748303061151835,372748000
2017-12-12,4.7181396484375,4.792308969396166,4.694652956155313,4.769069371433169,455016000
2017-12-13,4.602931022644043,4.760416415984596,4.595513948251795,4.75918047269627,554280000
2017-12-14,4.610100269317627,4.681055481822733,4.563868165161839,4.596502536147798,438164000
2017-12-15,4.735942363739014,4.756215423863795,4.5890876397094225,4.654109311520127,670036000
2017-12-18,4.892685413360596,4.895651960446319,4.7468195716777695,4.776486928751553,477704000
2017-12-19,4.848430156707764,4.888481600496074,4.819998747979577,4.883289790334076,373100000
2017-12-20,4.8654890060424805,4.896886960757909,4.809862132799577,4.887739755339642,288820000
2017-12-21,4.842991352081299,4.893920605894958,4.834585429296911,4.868950403426557,300904000
2017-12-22,4.827662944793701,4.837057716317147,4.7282763250392765,4.806153949486824,466276000
2017-12-26,4.881312370300293,4.888976539556863,4.74236894622792,4.772283868609482,355080000
2017-12-27,4.874636173248291,4.943860778469477,4.8533747445099795,4.867961325754705,329488000
2017-12-28,4.880322456359863,4.9292740082423325,4.874141797741405,4.898370243596015,240248000
2017-12-29,4.783904075622559,4.906530316535513,4.783904075622559,4.906530316535513,279964000
2018-01-02,4.928534030914307,4.93224280466593,4.808627701506926,4.840272760492806,355616000
2018-01-03,5.252899169921875,5.283308751359066,5.037314533526364,5.045967551442448,914704000
2018-01-04,5.280588150024414,5.390853048055927,5.258337400649796,5.334237325777807,583268000
2018-01-05,5.325336933135986,5.362668450590756,5.218533247472981,5.295422017377992,580124000
2018-01-08,5.488509178161621,5.562678029939186,5.403956234443299,5.448952394339711,881216000
2018-01-09,5.487025260925293,5.533504454880867,5.405439341417313,5.493947674001484,497000000
2018-01-10,5.530043601989746,5.533504808749186,5.340170947315524,5.394561406614446,582664000
2018-01-11,5.539932727813721,5.594076089799403,5.5184232623627505,5.562677664819072,406032000
2018-01-12,5.512737274169922,5.562430580882371,5.472191644071267,5.528065609445347,359916000
2018-01-16,5.441783905029297,5.624734198192705,5.3572314097114315,5.539192853741618,702348000
2018-01-17,5.555755615234375,5.565644575410841,5.362421751821587,5.456368995491275,538408000
2018-01-18,5.548832893371582,5.603223350205553,5.505320244971986,5.536471104395202,408632000
2018-01-19,5.6890130043029785,5.713241453808726,5.612124694118849,5.639072596102207,609380000
2018-01-22,5.777519702911377,5.779250305953967,5.639318082226527,5.696922642738749,550944000
2018-01-23,5.906574726104736,5.929319662269429,5.8123799261992355,5.830921901464233,475228000
2018-01-24,5.829685688018799,5.945636569950167,5.774058821695778,5.909788092591555,579972000
2018-01-25,5.843284606933594,5.927342895011972,5.828450930082728,5.884077336161995,409884000
2018-01-26,6.0158514976501465,6.016098592001294,5.874188628015064,5.88704460758633,516356000
2018-01-29,6.10287618637085,6.134027521352492,5.948604906857678,6.001264767159597,455116000
2018-01-30,6.0007710456848145,6.092246423963267,5.894214893577583,5.960967158411522,570832000
2018-01-31,6.076916217803955,6.162705098029106,6.043540095637736,6.076174463326391,478576000
2018-02-01,5.94588565826416,6.104113294596944,5.885561622425427,5.896934093794209,519224000
2018-02-02,5.773317813873291,5.883335617741371,5.71521905402616,5.859354264970945,718464000
2018-02-05,5.283308029174805,5.7661482491085225,5.068217610887506,5.61212407970193,1165204000
2018-02-06,5.577016830444336,5.5799833766662825,5.043494031659267,5.053383462173756,1114800000
2018-02-07,5.656625270843506,5.809166407208525,5.604707168935576,5.675909474090779,802932000
2018-02-08,5.377749919891357,5.815346886092659,5.377502354017995,5.782218328250371,1144000000
2018-02-09,5.737717628479004,5.906081307958318,5.377750668311046,5.890258781347157,1674604000
2018-02-12,5.637589454650879,5.82177613919737,5.563420592106352,5.818809120625277,1093172000
2018-02-13,5.751315116882324,5.797547222970472,5.568859050623406,5.601246328630242,625524000
2018-02-14,5.968629360198975,5.997555426399767,5.699890257236931,5.711015631040773,744988000
2018-02-15,6.0942230224609375,6.140455127802304,5.971102609330808,6.051946784316371,698900000
2018-02-16,6.0284600257873535,6.180753602150273,6.019312348241568,6.067027962216665,637656000
2018-02-20,6.158007621765137,6.226984654317432,6.047248075701885,6.050956847892975,686240000
2018-02-21,5.97085428237915,6.229457337500068,5.967145981548249,6.2225349244535755,892292000
2018-02-22,5.990397930145264,6.076487375000942,5.9248413831604765,6.004746328236906,534364000
2018-02-23,6.0839104652404785,6.0839104652404785,5.999552679682315,6.050266344559125,415300000
2018-02-26,6.099989891052246,6.134623471587733,6.037648974241224,6.130170650068477,469312000
2018-02-27,6.087126731872559,6.157631085537884,6.064119933808233,6.073272825968691,455436000
2018-02-28,5.986688137054443,6.137591933903856,5.975060879540058,6.09801056372888,523116000
2018-03-01,5.744499683380127,6.038391585053892,5.643319605796115,5.984461811942051,1040120000
2018-03-02,5.851615905761719,5.858048125781038,5.488209158236849,5.636886772044606,913428000
2018-03-05,5.829598426818848,5.869179790605233,5.677951967028865,5.801396598955456,620776000
2018-03-06,5.9906439781188965,6.009940160907829,5.871899907491747,5.914944621297914,636808000
2018-03-07,5.982729434967041,6.0349275228502925,5.886497158107259,5.887733869414305,581208000
2018-03-08,5.966402053833008,6.010188994512682,5.922120145526819,6.010188994512682,411912000
2018-03-09,6.069067478179932,6.081930976271816,5.997820911736378,6.013900520274829,505524000
2018-03-12,6.178658485412598,6.2588106989716925,6.102216878305703,6.110380778717193,605060000
2018-03-13,6.127943515777588,6.295917311703118,6.086630470326972,6.221454647629757,619772000
2018-03-14,6.153423309326172,6.198199706049297,6.091082406533051,6.170987343549128,505496000
2018-03-15,6.168268203735352,6.249409878180265,6.126212935242739,6.167031492241684,401952000
2018-03-16,6.196469306945801,6.215517775890499,6.146992359791897,6.184594801881093,399456000
2018-03-19,5.961949348449707,6.168514583670847,5.862995928228588,6.139571009058713,713772000
2018-03-20,6.174204349517822,6.21304350057435,5.964917508158366,5.964917508158366,554696000
2018-03-21,6.1489715576171875,6.234071545337446,6.118543080402229,6.167772306200336,438688000
2018-03-22,5.982976913452148,6.1321494994676,5.9456221908964775,6.085641414237361,551196000
2018-03-23,5.76330041885376,5.999056953598304,5.752168129344331,5.996583059057638,735620000
2018-03-26,6.048038482666016,6.049275193920681,5.835783254093983,5.887733620037756,611424000
2018-03-27,5.579000473022461,6.184596113092106,5.4387339728443145,6.12893465370483,1409000000
2018-03-28,5.4758405685424805,5.674736886875905,5.36822874571568,5.544613235986637,945904000
2018-03-29,5.729161739349365,5.825888521930046,5.459760597305427,5.544118378156464,916628000
2018-04-02,5.468418121337891,5.804860199450898,5.38059699625157,5.658656489559017,922092000
2018-04-03,5.574794292449951,5.698486201262858,5.475840859769062,5.635403535381037,667432000
2018-04-04,5.596810817718506,5.607200891261207,5.294012838404969,5.3189985588548625,789168000
2018-04-05,5.476583003997803,5.668305365788988,5.405089191104517,5.6551941481934005,701240000
2018-04-06,5.300198078155518,5.482025334218606,5.271006780267874,5.373918538495116,662988000
2018-04-09,5.3288960456848145,5.491179898725603,5.308857635090495,5.363282388589393,499524000
2018-04-10,5.638123989105225,5.6650886369671625,5.502062622929911,5.559208500529911,761676000
2018-04-11,5.596810817718506,5.664594015483117,5.564156166056554,5.623280969202248,460244000
2018-04-12,5.803624153137207,5.821435912629541,5.645545908279811,5.689827823160644,593920000
2018-04-13,5.72693395614624,5.875611554552852,5.678694198386889,5.86720040855909,503036000
2018-04-16,5.726688385009766,5.760085259047768,5.6324350164034405,5.733615102127525,350792000
2018-04-17,5.876353740692139,5.897628853438739,5.723223322184177,5.778884762339266,447224000
2018-04-18,5.847409248352051,5.9186557919093055,5.758351422790761,5.82588688939131,391364000
2018-04-19,5.666077136993408,5.766514971571178,5.610663419624735,5.733118109329715,471996000
2018-04-20,5.657915115356445,5.74177792762923,5.626744891600924,5.657420147679795,386200000
2018-04-23,5.53842830657959,5.72693453583259,5.5124531223641,5.675726382928785,427508000
2018-04-24,5.4721293449401855,5.660140599894155,5.406820043029598,5.564156045646277,414596000
2018-04-25,5.359818458557129,5.481531453334308,5.202482412930201,5.442444571917941,588492000
2018-04-26,5.571576118469238,5.579740015463411,5.455553184947435,5.521604688861973,375824000
2018-04-27,5.599036693572998,5.697248363053848,5.55673418614317,5.677457680431636,400848000
2018-04-30,5.563662052154541,5.665089380551641,5.544366333142125,5.61536517991178,327844000
2018-05-01,5.619075298309326,5.621796440592739,5.496867368664506,5.555497675012702,253788000
2018-05-02,5.598541259765625,5.660139471896114,5.572318361965201,5.61561079734238,268248000
2018-05-03,5.763796329498291,5.790019240588605,5.585185157703722,5.630456542401162,443144000
2018-05-04,5.9139580726623535,5.917174183353301,5.717782870070184,5.7350996632564755,400660000
2018-05-07,6.15194034576416,6.2090862262742945,6.008705008550383,6.018600587036718,687616000
2018-05-08,6.194489479064941,6.197210621111661,6.103204529561816,6.1521865019439765,506616000
2018-05-09,6.327583312988281,6.3298099599466715,6.187316822637004,6.214529194619265,596760000
2018-05-10,6.435194969177246,6.444347860329408,6.362711224455021,6.38052298278593,994080000
2018-05-11,6.296658992767334,6.42678309972674,6.19795329707649,6.253367020973104,1214456000
2018-05-14,6.3171916007995605,6.394623122549954,6.293443065299179,6.334756108439021,523140000
2018-05-15,6.074758052825928,6.256338094355804,5.974320170914812,6.253616479297792,963528000
2018-05-16,6.08588981628418,6.1479830243338665,5.999305377772936,6.036165611515858,553828000
2018-05-17,6.127943515777588,6.221701895514723,6.071539856096061,6.087619933713946,519784000
2018-05-18,6.0841569900512695,6.243224682626679,6.079209200932519,6.179894774925811,483716000
2018-05-21,6.042102813720703,6.185338173112817,5.9493338743593025,6.181627566529474,640624000
2018-05-22,6.004005432128906,6.080694284307306,5.943396188540577,6.05546131205039,518264000
2018-05-23,6.127524375915527,6.128762324010405,5.947070070213386,5.947812744642541,442956000
2018-05-24,6.1312384605407715,6.17356760620898,6.070592212062383,6.1238126590922075,437372000
2018-05-25,6.170597076416016,6.18693450104351,6.108218076277748,6.143863151765477,292112000
2018-05-29,6.1535162925720215,6.2215892810621005,6.106732047673409,6.1525262172712605,352684000
2018-05-30,6.26243257522583,6.271096324244064,6.162427888193122,6.1871816591618956,390996000
2018-05-31,6.242628574371338,6.317137275194572,6.219855430068926,6.2304993278413185,493868000
2018-06-01,6.377042293548584,6.383231090742736,6.278770350797195,6.287434100302282,421968000
2018-06-04,6.556011199951172,6.578041673065869,6.379022379852716,6.411201950716572,642024000
2018-06-05,6.561457633972168,6.5990833315188215,6.514425512038851,6.559229610246792,391712000
2018-06-06,6.563438892364502,6.566656992020134,6.455017828878615,6.471355255871544,371356000
2018-06-07,6.507742881774902,6.571607234441996,6.417391531749834,6.559725384611143,369448000
2018-06-08,6.492394924163818,6.534970997911066,6.416153455000071,6.434966303448487,360456000
2018-06-11,6.451301574707031,6.521354223189166,6.438429654913211,6.479768238688574,265372000
2018-06-12,6.499820709228516,6.5119499587248075,6.427540013865091,6.477790233917247,319160000
2018-06-13,6.495365619659424,6.576310070715226,6.486206595581126,6.5013065444481875,338208000
2018-06-14,6.607004165649414,6.663690110712842,6.525564448253936,6.540416994936527,430016000
2018-06-15,6.566161632537842,6.6211148382645435,6.518882102430394,6.549824205757986,432260000
2018-06-18,6.561953544616699,6.579528446757594,6.4948710912000145,6.5220998194765984,356268000
2018-06-19,6.4401631355285645,6.526058410815592,6.312681871018981,6.458728106943417,594932000
2018-06-20,6.493136405944824,6.546108969555368,6.442886194997707,6.481254559408616,369780000
2018-06-21,6.3644185066223145,6.543387499735003,6.356744832151095,6.525069924612877,359516000
2018-06-22,6.211935520172119,6.3985786585561994,6.196588643478719,6.385211460496101,434160000
2018-06-25,5.919100761413574,6.109208957411784,5.830482626573193,6.105496056096434,665816000
2018-06-26,5.99014139175415,6.080740117613366,5.938653704785579,6.032470529115045,478884000
2018-06-27,5.834936618804932,6.100048276676049,5.829490496596424,6.033708512012404,453892000
2018-06-28,5.962170600891113,5.974052448646908,5.817361348593089,5.825035022262918,338012000
2018-06-29,5.8641462326049805,6.039897113250916,5.862908284353152,6.027273062771362,392300000
2018-07-02,5.996331214904785,6.000044115536288,5.774043007984825,5.794588606138498,357572000
2018-07-03,5.862661361694336,6.03692737964503,5.854245012595614,6.03098645511293,222732000
2018-07-05,6.008459568023682,6.013409944080932,5.878997673314478,5.917860840162393,306216000
2018-07-06,6.1223273277282715,6.13074367672411,5.962665986175089,5.983954259476636,296352000
2018-07-09,6.169853687286377,6.2062419052918445,6.09113727163684,6.196588080979745,303880000
2018-07-10,6.268868923187256,6.29089939744523,6.1418824386193105,6.182230958788451,360016000
2018-07-11,6.127277374267578,6.210697234447164,6.116633002941496,6.176042239755019,367508000
2018-07-12,6.21886682510376,6.266889024728982,6.162676149038038,6.172577847662981,345508000
2018-07-13,6.17158842086792,6.237433406692297,6.129507138347782,6.237433406692297,246988000
2018-07-16,6.143864154815674,6.196837211129183,6.131487501950183,6.143864154815674,197036000
2018-07-17,6.279761791229248,6.294861742014185,6.069107987784655,6.094604440235666,362136000
2018-07-18,6.230501174926758,6.286197048460998,6.179508749806437,6.272335048317182,277640000
2018-07-19,6.238670349121094,6.2723357499665635,6.1965895423423,6.2116890204142035,235752000
2018-07-20,6.210450649261475,6.275057671624511,6.199558875725473,6.236194497881875,222352000
2018-07-23,6.1738152503967285,6.185697099749566,6.02207497853552,6.183964349724735,301584000
2018-07-24,6.156485557556152,6.3084731761089445,6.138910190607232,6.221835233583928,354620000
2018-07-25,6.234708309173584,6.247332830971745,6.107969233912311,6.165893121577728,319112000
2018-07-26,6.3082275390625,6.345110563301713,6.197826339304394,6.214659037881903,325124000
2018-07-27,6.2384233474731445,6.351795265316582,6.184460214467215,6.3448642640258255,295420000
2018-07-30,6.043116092681885,6.258473322404388,6.00821321783401,6.252532397491154,340340000
2018-07-31,6.061185359954834,6.135941475759892,5.993855517213203,6.032718688086741,283988000
2018-08-01,6.101038932800293,6.147823652968639,6.03717458630776,6.092623056111181,283556000
2018-08-02,6.2037672996521,6.207727601359724,5.970835176504149,6.029748677586334,269668000
2018-08-03,6.240401744842529,6.26416544095455,6.211440271362289,6.228272495992537,214288000
2018-08-06,6.288176536560059,6.291642036230769,6.1812408483559205,6.22777769311657,207508000
2018-08-07,6.360457897186279,6.379023345740433,6.310208146674644,6.336942071538125,258132000
2018-08-08,6.396845817565918,6.441897791360942,6.32679314039958,6.361696014638974,262100000
2018-08-09,6.348328113555908,6.417390707637706,6.340654439531383,6.414667882430087,204280000
2018-08-10,6.306990146636963,6.339417595842179,6.255255046114106,6.266394220993968,256396000
2018-08-13,6.339911937713623,6.4607101025868205,6.31392068892518,6.31565343884441,375208000
2018-08-14,6.4713544845581055,6.48546435790696,6.362190759382864,6.445363233835185,466220000
2018-08-15,6.413182735443115,6.526059345309651,6.334465847841366,6.492146551694704,591136000
2018-08-16,6.372587203979492,6.485464301227943,6.312435754467006,6.482988876589445,801260000
2018-08-17,6.06019401550293,6.261936572823642,6.033212226186968,6.26119389845894,1143188000
2018-08-20,6.134952068328857,6.267631617628296,5.909198347296482,6.019600019258192,854388000
2018-08-21,6.270601272583008,6.275056847309131,6.131485547982805,6.151288469540267,673988000
2018-08-22,6.505762100219727,6.510712949551802,6.234462072339854,6.237927572444511,749856000
2018-08-23,6.60527229309082,6.670621996329652,6.453284611251658,6.467146612285471,720684000
2018-08-24,6.738445281982422,6.753049953669833,6.60923126012657,6.613686834649381,531512000
2018-08-27,6.829539775848389,6.9038006207522615,6.736713483649078,6.768150382655216,505776000
2018-08-28,6.791914939880371,6.846373340370309,6.6718594356791865,6.823599715841663,475384000
2018-08-29,6.897424221038818,6.922439074905445,6.763433452796604,6.784237829588971,420108000
2018-08-30,6.880581378936768,6.977421393707401,6.843678179797916,6.866216251597537,346608000
2018-08-31,6.951663017272949,6.964541982104828,6.8506125324698415,6.86051964652384,306592000
2018-09-04,7.026459693908691,7.064105497292537,6.9100534712909125,6.938535714247108,391720000
2018-09-05,6.895688056945801,7.044291447695359,6.8146993436204815,7.0088744156720555,393156000
2018-09-06,6.754515647888184,6.881819135433522,6.721575391002667,6.879342356904184,322796000
2018-09-07,6.733216762542725,6.85878656279511,6.61755360483397,6.662382213427763,295420000
2018-09-10,6.80429744720459,6.834018315575585,6.711915927729688,6.755753913328671,220140000
2018-09-11,6.756496429443359,6.845658082310702,6.737177748517391,6.757982118439867,243112000
2018-09-12,6.642568588256836,6.736188747765042,6.487030376326553,6.716622526045148,419092000
2018-09-13,6.7203369140625,6.810984736361112,6.69111159018085,6.708448566653494,305536000
2018-09-14,6.846402645111084,6.91253117267807,6.773834870772904,6.8107380707229375,386936000
2018-09-17,6.784482955932617,6.869930147975262,6.765164747886444,6.820891074784446,205528000
2018-09-18,6.712410926818848,6.891230262542851,6.705724144855776,6.788446558357534,299520000
2018-09-19,6.73618745803833,6.7540199784345045,6.643805941808614,6.6938356354449295,224860000
2018-09-20,6.595015525817871,6.656438032238799,6.541022883197873,6.614086202422878,430584000
2018-09-21,6.524924278259277,6.652475789122586,6.49173648139254,6.606904098173497,435128000
2018-09-24,6.58065128326416,6.58411867947691,6.406785455457229,6.49396590554809,293912000
2018-09-25,6.647768974304199,6.672783823248832,6.561083615661837,6.646778357375283,280388000
2018-09-26,6.610866069793701,6.6930934196939695,6.595015253435617,6.6527228255726865,268548000
2018-09-27,6.6227545738220215,6.667335645422472,6.591300476510908,6.646035726618243,214428000
2018-09-28,6.960083961486816,6.982374497197594,6.7267768897641975,6.754764063675634,709396000
2018-10-01,7.166642189025879,7.233513316592928,6.999215652993143,7.037852545923775,622060000
2018-10-02,7.09531307220459,7.250850799273947,7.073022537327065,7.139151061144093,383964000
2018-10-03,7.101505756378174,7.173082919462411,6.997483403483076,7.165652582685162,320552000
2018-10-04,6.917237758636475,7.0896174149789255,6.840211492864486,7.065345642833717,391220000
2018-10-05,6.683682918548584,6.954636308398517,6.626222873367784,6.892470713745559,426636000
2018-10-08,6.582383632659912,6.715878831895351,6.441458097749331,6.600463690978605,408612000
2018-10-09,6.576687812805176,6.656437913549567,6.508825588409752,6.561827140673811,273500000
2018-10-10,6.085058212280273,6.516503319072675,6.082828969789823,6.47068362292545,684940000
2018-10-11,5.82351541519165,6.131371906855081,5.801967964480048,5.99787625448639,725436000
2018-10-12,6.106109142303467,6.18041107223223,5.935463231605909,6.080599224013442,608236000
2018-10-15,5.829707145690918,6.0927350393864845,5.828716528886356,6.0927350393864845,449760000
2018-10-16,6.088525772094727,6.099671040053119,5.8931125147950025,5.942399135483466,408712000
2018-10-17,6.019920825958252,6.188833553271723,5.970881738492521,6.150691725866869,329668000
2018-10-18,5.932491302490234,6.127657000012227,5.872059421159257,6.089268115778525,524020000
2018-10-19,5.675904273986816,6.007289544971391,5.639496616028506,5.987723794649381,613608000
2018-10-22,5.7266764640808105,5.828222026869173,5.623892748164543,5.728162625752078,368844000
2018-10-23,5.47504186630249,5.5525631967375535,5.367304119370685,5.459438113358586,626436000
2018-10-24,4.938830852508545,5.483214283431702,4.924961271134348,5.436651982419131,884288000
2018-10-25,5.147618293762207,5.194923672745789,4.796914422998775,4.841247951462722,951720000
2018-10-26,4.9110918045043945,5.073316781065452,4.783045237529511,4.911586876766648,664784000
2018-10-29,4.597290515899658,5.055731623936277,4.359277470175553,5.052264228953305,758016000
2018-10-30,5.027745723724365,5.037652838972946,4.597291675474802,4.620325293270222,807192000
2018-10-31,5.221672058105469,5.265262504513675,5.052759373521883,5.192446736431233,745772000
2018-11-01,5.401978015899658,5.411389585008951,5.131519762566331,5.2580801646965245,566528000
2018-11-02,5.322970867156982,5.4983228235564425,5.2063170990310255,5.392566786769668,452960000
2018-11-05,5.244954586029053,5.333126118845687,5.084215274543809,5.309844491906411,379332000
2018-11-06,5.2273688316345215,5.321236508464822,5.190217629718907,5.2370279362778325,299012000
2018-11-07,5.294984340667725,5.384641563731165,5.230341970352969,5.293993723588164,483812000
2018-11-08,5.101800441741943,5.236533815970145,5.048302866495386,5.235790735042061,511352000
2018-11-09,5.093874931335449,5.184275244219184,4.979202844219404,5.012886190231208,413240000
2018-11-12,4.6943793296813965,5.024526441101933,4.672583864639357,5.002483439892698,617116000
2018-11-13,4.93635368347168,5.057712983290463,4.7860165977763,4.7922087795974075,644712000
2018-11-14,4.883847236633301,5.123841523086037,4.775862444353351,5.109476398130589,526580000
2018-11-15,5.012637615203857,5.0847103143793335,4.841991205166018,4.8779037866819195,840708000
2018-11-16,4.072474002838135,4.2267735763869965,4.002630075136236,4.044982374724914,1963520000
2018-11-19,3.5838165283203125,4.007831039907984,3.582082830610161,4.007088431515515,1697820000
2018-11-20,3.6922969818115234,3.8205910884480687,3.301718023948827,3.320293390834246,1692032000
2018-11-21,3.58406400680542,3.846348846272988,3.556820152341425,3.829507177902595,1025496000
2018-11-23,3.5912463665008545,3.704927798712592,3.536510888346897,3.5493898521711906,411968000
2018-11-26,3.7906227111816406,3.8010248971738907,3.629883428153442,3.712358307718153,814832000
2018-11-27,3.807465076446533,3.888701581665841,3.7287053501165137,3.764617699216656,738060000
2018-11-28,3.964489459991455,3.969690554253884,3.792604868352016,3.9251094763488963,804524000
2018-11-29,3.9012694358825684,4.003908214089231,3.8710232578611787,3.9667203057963714,549172000
2018-11-30,4.051755905151367,4.0624162815776605,3.860609407126036,3.910937174746628,729564000
2018-12-03,4.215631484985352,4.330666535641296,4.148692973451854,4.27909913175207,890804000
2018-12-04,3.895071506500244,4.175964742708844,3.879948181145754,4.171006228867709,812112000
2018-12-06,3.924325704574585,3.929283981511298,3.7388815130168824,3.754500404554684,692308000
2018-12-07,3.6595468521118164,3.9387048579851647,3.610210922187739,3.9285400477175796,681676000
2018-12-10,3.7649130821228027,3.7897051766590972,3.610954690480573,3.6146735755914983,629472000
2018-12-11,3.673926591873169,3.8648248715949456,3.5948400502405327,3.856643513372085,671912000
2018-12-12,3.6915292739868164,3.787722128739641,3.590377905222886,3.679629029508132,654136000
2018-12-13,3.6912808418273926,3.802597010032099,3.6553325649979467,3.7383857739369306,471384000
2018-12-14,3.6307880878448486,3.733426846106509,3.6072356244041646,3.649629822162487,471820000
2018-12-17,3.5596349239349365,3.6729342967678447,3.5016215991702935,3.600789730252953,662868000
2018-12-18,3.6429362297058105,3.7269810401161405,3.5762457421556,3.6035168547122054,564372000
2018-12-19,3.4339396953582764,3.66276992638671,3.382372292711314,3.6092190711629706,745364000
2018-12-20,3.3493993282318115,3.515505750691875,3.2896505634525437,3.4255108095773554,749588000
2018-12-21,3.212299346923828,3.4088999594373757,3.1847802121194433,3.375926507147233,863740000
2018-12-24,3.150566577911377,3.22246334957057,3.086603142028631,3.1359392979702165,463840000
2018-12-26,3.2998149394989014,3.300806547513137,3.0856120037198855,3.196680140101247,695100000
2018-12-27,3.2519664764404297,3.2819648676628312,3.103462405351536,3.2475040035457465,637044000
2018-12-28,3.313450813293457,3.40617303143989,3.2306456223341833,3.27254402188619,628728000
2018-12-31,3.3097317218780518,3.38931382107092,3.278989509153288,3.356836412542405,465140000
2019-01-02,3.377166271209717,3.4331961511819213,3.224199719565695,3.238827003762373,508752000
2019-01-03,3.173128366470337,3.350887027376785,3.165690831876521,3.316921962937244,705552000
2019-01-04,3.37642240524292,3.414601916728265,3.2155222923306335,3.2462642704199265,585620000
2019-01-07,3.555173397064209,3.5921135244875004,3.382373005044777,3.43369263469947,709160000
2019-01-08,3.466665029525757,3.6389695763201972,3.394024420567132,3.6367381035703574,786016000
2019-01-09,3.5348432064056396,3.582195919323559,3.4674088935532117,3.5179844508663427,617260000
2019-01-10,3.600541830062866,3.6092189915794513,3.4550128275092074,3.5155054107654147,523156000
2019-01-11,3.689793586730957,3.712602229451064,3.5504624735758616,3.578229393529933,874764000
2019-01-14,3.7297093868255615,3.754997292161271,3.6139307142593706,3.637483186701208,730168000
2019-01-15,3.7155778408050537,3.8018539107978313,3.6972316685211393,3.7624345251690743,617012000
2019-01-16,3.6900410652160645,3.7758213112496786,3.6845869843535026,3.742848096532631,470104000
2019-01-17,3.7614428997039795,3.801358089304009,3.629797321972779,3.6570686781975725,493436000
2019-01-18,3.890608310699463,3.9166400322433517,3.759706588014555,3.8112739906322273,651336000
2019-01-22,3.6883065700531006,3.8720153717099572,3.658060388081846,3.8603631463133268,661552000
2019-01-23,3.7011969089508057,3.8323466324851796,3.669959131437386,3.7435913395638756,591020000
2019-01-24,3.9131693840026855,3.930771492182378,3.781028025703517,3.7857385189506694,708972000
2019-01-25,3.9704391956329346,3.9885373467771843,3.7510301450986026,3.8536689295318864,1154572000
2019-01-28,3.4215445518493652,3.511539510000543,3.2477527787136116,3.385348246922362,2511528000
2019-01-29,3.262627363204956,3.423775514995445,3.248000078520702,3.3754309512408227,1153932000
2019-01-30,3.40617299079895,3.42055225446587,3.2591563273056403,3.3387386726274992,974228000
2019-01-31,3.5638504028320312,3.5995509001077153,3.3811332267987457,3.402950263032487,842852000
2019-02-01,3.588146448135376,3.6392180550777917,3.5348438408869116,3.5824443461450226,625048000
2019-02-04,3.698470115661621,3.7356580160683075,3.5819476651871502,3.6040124797901867,528592000
2019-02-05,3.717559814453125,3.7542519103179797,3.6766530300414866,3.710370065545958,542424000
2019-02-06,3.7931759357452393,3.8576351905941415,3.7453274168733373,3.7507814978286778,702464000
2019-02-07,3.654836893081665,3.7490465303665164,3.611946882233914,3.7468152936594596,637120000
2019-02-08,3.673429489135742,3.684089863933932,3.5732697731606886,3.5876490318126915,461604000
2019-02-11,3.6307880878448486,3.6835948789869755,3.582443532736612,3.629300439398643,495180000
2019-02-12,3.7478065490722656,3.7634256774212536,3.6548365490287362,3.6692160490049512,591060000
2019-02-13,3.7902004718780518,3.863336880862979,3.763672948471687,3.777308622279526,605372000
2019-02-14,3.8311071395874023,3.8593700943270304,3.746070491596269,3.7892087478922534,827264000
2019-02-15,3.900773286819458,4.062664778284348,3.8779646451867205,4.039856373086544,1516748000
2019-02-19,3.883418321609497,3.963992501448019,3.871022512189641,3.8901122667589396,551892000
2019-02-20,3.9307708740234375,3.9979571608568003,3.901516547450828,3.912672728192345,540988000
2019-02-21,3.861849546432495,3.967959175815402,3.8472222634462367,3.9434153392615996,448548000
2019-02-22,3.9466381072998047,3.965480078870193,3.9000292188340384,3.9136648934865437,401740000
2019-02-25,3.9342434406280518,4.0976226179652455,3.925566040141732,4.030188522232043,656020000
2019-02-26,3.8948230743408203,3.9855618346970005,3.8613538187575283,3.9295319582533,488464000
2019-02-27,3.8529245853424072,3.9069710078849105,3.795902865732788,3.8804437188639986,500256000
2019-02-28,3.828355312347412,3.8690562226778793,3.806019715350334,3.846720389002192,324944000
2019-03-01,3.8827056884765625,3.9248953043997576,3.819917224583058,3.87823838003678,357188000
2019-03-04,3.8908956050872803,3.9440050996638467,3.8343114319756366,3.921172951744745,409992000
2019-03-05,3.884443521499634,3.922662386693749,3.8209104567408554,3.875260864007676,362924000
2019-03-06,3.7735090255737305,3.8839470639310143,3.7707791741875525,3.8755092338834474,403524000
2019-03-07,3.7042675018310547,3.7596107701403376,3.6581068900495652,3.7499317985772644,450104000
2019-03-08,3.738515853881836,3.7491874555473017,3.5935812126105824,3.6149244159415135,422416000
2019-03-11,3.99910044670105,4.021932359972223,3.714939360002491,3.762092841789363,859728000
2019-03-12,4.033348560333252,4.079756975177056,3.9507058339743053,4.0268957547605755,579576000
2019-03-13,4.184734344482422,4.214019055350413,4.063376469103331,4.070821903061282,768900000
2019-03-14,4.108794689178467,4.205831522907976,4.101101212402681,4.193919012199835,519384000
2019-03-15,4.214268684387207,4.256954619660461,4.148501850393394,4.151976292489557,661484000
2019-03-18,4.192924976348877,4.299640511747437,4.165873560400984,4.245786192369545,486992000
2019-03-19,4.360692024230957,4.405115656151409,4.270604564374885,4.28748022396908,854972000
2019-03-20,4.32818078994751,4.443085881950919,4.293435898567081,4.389728112353983,719148000
2019-03-21,4.564939975738525,4.591246802463729,4.346297702344163,4.35126132600661,824312000
2019-03-22,4.405116081237793,4.586284121959003,4.391218310810665,4.5376419254640545,747644000
2019-03-25,4.312794208526611,4.4286919404417375,4.246531296109056,4.364414761621294,525212000
2019-03-26,4.389481067657471,4.510590479838049,4.333144921833872,4.454502846597486,703508000
2019-03-27,4.380298614501953,4.461451940703796,4.310809759458087,4.4150435153812095,474372000
2019-03-28,4.398911476135254,4.464677841788595,4.345801737164983,4.406356439276526,480264000
2019-03-29,4.456238269805908,4.4805598314759,4.415289566289316,4.465668963508858,456896000
2019-04-01,4.523744106292725,4.554021459162338,4.4763425798006855,4.548065204278134,483824000
2019-04-02,4.541612148284912,4.586035781574947,4.504882464098707,4.547816915410112,440920000
2019-04-03,4.681085109710693,4.740151081311282,4.586282097551609,4.591245720043847,783504000
2019-04-04,4.672152996063232,4.71459089807257,4.609364517015921,4.665700189350782,457376000
2019-04-05,4.738910675048828,4.75628335646995,4.678852537650183,4.715334174584486,481744000
2019-04-08,4.759757995605469,4.784823678760386,4.6843124336172295,4.708385486749751,424192000
2019-04-09,4.696970462799072,4.737423102715258,4.654780601659932,4.726255184373802,439972000
2019-04-10,4.767452239990234,4.793262520732675,4.691759092451784,4.696226165396186,444772000
2019-04-11,4.75355339050293,4.8014514592230695,4.704166613377398,4.769932969819874,374600000
2019-04-12,4.715582370758057,4.796239594720298,4.706896266436853,4.792268601306097,471708000
2019-04-15,4.583802700042725,4.712854112654156,4.544094645909568,4.707890487548176,440092000
2019-04-16,4.67091178894043,4.689773183653292,4.590255019645924,4.623014184493045,394964000
2019-04-17,4.6480793952941895,4.7267508960104765,4.625743560344529,4.705904242952725,351004000
2019-04-18,4.623509883880615,4.6887801690019675,4.5957143458909,4.654780337476299,380988000
2019-04-22,4.677363872528076,4.69299886151223,4.5684150280058,4.599933045157507,279936000
2019-04-23,4.731961727142334,4.763232174587185,4.680837733630485,4.690516467511366,346856000
2019-04-24,4.74437141418457,4.785072088397006,4.681582945174319,4.742385680628854,318204000
2019-04-25,4.638648986816406,4.726503150176021,4.558984851013382,4.704167313840032,499296000
2019-04-26,4.41975736618042,4.489246674747815,4.30088128210903,4.484779129606712,868988000
2019-04-29,4.450531959533691,4.478327497963614,4.355480401234242,4.427699571996782,391920000
2019-04-30,4.491978168487549,4.5175399393497,4.399160363674042,4.418269800345679,362920000
2019-05-01,4.478822708129883,4.58653086063983,4.478574195641726,4.544341013864703,354280000
2019-05-02,4.546327590942383,4.588020898179105,4.4453202525601405,4.488502741728818,394684000
2019-05-03,4.541860103607178,4.564692015477626,4.480312305186082,4.554765241338322,336824000
2019-05-06,4.463435649871826,4.4755961939879665,4.318252764495517,4.355478987575535,422176000
2019-05-07,4.2961649894714355,4.415041040845223,4.248018896400284,4.415041040845223,555220000
2019-05-08,4.3162689208984375,4.396429606729053,4.256706849757391,4.268619358657053,419168000
2019-05-09,4.22369909286499,4.256954806788146,4.104823465441121,4.2472760710029815,660248000
2019-05-10,4.189699649810791,4.25844438355847,4.070078946976801,4.19292605315742,569500000
2019-05-13,3.932340621948242,4.08074969246832,3.9164573587367038,4.05766927014251,656912000
2019-05-14,4.021435737609863,4.056676706245999,3.933333316019523,3.9720484896725825,524880000
2019-05-15,3.9603846073150635,3.996866246148692,3.906530522834444,3.965844309174504,502320000
2019-05-16,3.9755241870880127,4.01821060427923,3.9124879016555503,3.9549258062491783,781088000
2019-05-17,3.8846914768218994,4.062881606672626,3.8452317064220436,3.9335821803930817,1022068000
2019-05-20,3.7660629749298096,3.8410119816204253,3.7412453321358456,3.785916994493548,572064000
2019-05-21,3.8482091426849365,3.864092406656991,3.788150765280584,3.82686617683523,361848000
2019-05-22,3.777231454849243,3.8355526164462623,3.7663115767827158,3.809494300630132,325868000
2019-05-23,3.6561214923858643,3.7149389637297254,3.5963111543301847,3.7149389637297254,591844000
2019-05-24,3.6022677421569824,3.7102239603420277,3.5955668971144394,3.674982987427909,357584000
2019-05-28,3.5570995807647705,3.65264720758781,3.5551140839343893,3.6198880482974656,428356000
2019-05-29,3.4828953742980957,3.544442703052247,3.4481507160128766,3.509450005571907,559800000
2019-05-30,3.456310272216797,3.5219033772699504,3.4180475486195356,3.486125298427434,394300000
2019-05-31,3.365622043609619,3.4746954649339212,3.3638828399762724,3.407363167758667,389720000
2019-06-03,3.3238813877105713,3.4155625421325624,3.294563246166129,3.376802941079021,478644000
2019-06-04,3.5529603958129883,3.5581780071440128,3.365870880848056,3.387983648434124,641836000
2019-06-05,3.510226011276245,3.632219326384705,3.473951049012242,3.626753155033698,511616000
2019-06-06,3.572341203689575,3.5969386227339704,3.5119656990398047,3.514450344264203,408140000
2019-06-07,3.61507511138916,3.649362305643528,3.559171793970496,3.578303272594242,348856000
2019-06-10,3.687873601913452,3.7564482276821622,3.6712267677547046,3.6712267677547046,402780000
2019-06-11,3.7455153465270996,3.785517265029859,3.7060105464220445,3.74775143152192,383872000
2019-06-12,3.63246750831604,3.70824751565187,3.617311554238628,3.702035903686525,358892000
2019-06-13,3.683650016784668,3.702035819104979,3.636939596277801,3.654580194738311,308080000
2019-06-14,3.5937087535858154,3.614827765371009,3.548986321589801,3.590478904158087,394428000
2019-06-17,3.603398561477661,3.6404189697294425,3.5691111208059567,3.591969335604156,276040000
2019-06-18,3.7984378337860107,3.8538440352609276,3.6538348796125053,3.664766984360565,581920000
2019-06-19,3.80440092086792,3.84514805098579,3.7783126256635913,3.8337190645925183,331644000
2019-06-20,3.8287506103515625,3.9090028027021644,3.814340094593239,3.8950891685977402,350168000
2019-06-21,3.7706103324890137,3.8630371705668067,3.764150398562844,3.813842343809536,434428000
2019-06-24,3.79297137260437,3.822538073043303,3.744770312586503,3.7919776095984568,282948000
2019-06-25,3.763653516769409,3.8729755119662834,3.760920549821552,3.797940949509374,311868000
2019-06-26,3.9569544792175293,4.0180756486661435,3.878193185474219,3.891113053531932,584072000
2019-06-27,4.055592060089111,4.074723299938851,4.00664556249485,4.042672194049393,445440000
2019-06-28,4.080438613891602,4.108762994332991,4.0337284316468605,4.0995698564825584,397668000
2019-07-01,4.1286396980285645,4.321940598852988,4.091122179552119,4.287653165839552,709756000
2019-07-02,4.030745029449463,4.133110167867306,4.017576844616487,4.111990933798081,400228000
2019-07-03,4.043666362762451,4.0598163154070654,3.9837879929011004,4.054101585545819,246636000
2019-07-05,3.98105525970459,3.9897512792010867,3.9176980046329453,3.9852791083025343,396552000
2019-07-08,3.906020402908325,3.9403078358017027,3.875957055501114,3.92142491548064,329788000
2019-07-09,3.9085052013397217,3.936581023680068,3.8511112342786356,3.8637825434406228,342860000
2019-07-10,3.9768309593200684,4.034224681476754,3.9380713594400163,3.951984989053758,452076000
2019-07-11,4.131372928619385,4.1721200612613805,4.012609464778736,4.049878189437848,682560000
2019-07-12,4.164417743682861,4.235477257878733,4.15920013178468,4.15920013178468,506392000
2019-07-15,4.155971050262451,4.201687482943118,4.1276471353420305,4.185537998726512,289840000
2019-07-16,4.151249408721924,4.1783312304111115,4.095594409841845,4.141062507589218,341444000
2019-07-17,4.216594219207764,4.223551034878386,4.123670496867281,4.152988641164196,348204000
2019-07-18,4.228270530700684,4.2911306531086675,4.170379696570208,4.227028445580013,442192000
2019-07-19,4.185039043426514,4.27299346141532,4.179075991876641,4.2665337653431346,344896000
2019-07-22,4.256595134735107,4.269515000614863,4.198952619741011,4.206406552559214,315940000
2019-07-23,4.3644256591796875,4.366413184778085,4.280197982807363,4.2958512870612156,428176000
2019-07-24,4.438963413238525,4.444678142132087,4.331629440557488,4.407657750189458,366236000
2019-07-25,4.307778835296631,4.410144031614596,4.284423740461101,4.397472484005741,392700000
2019-07-26,4.349767208099365,4.396477383563403,4.334859816203861,4.334859816203861,274160000
2019-07-29,4.3435564041137695,4.3597063572260515,4.255353652473047,4.342562641043361,248160000
2019-07-30,4.359209060668945,4.371383487104763,4.2826836206034615,4.297094369279475,197772000
2019-07-31,4.191996097564697,4.328648698706648,4.1497580897786355,4.327654461810294,359416000
2019-08-01,4.0975823402404785,4.292870766755365,4.0454057500594125,4.202431691299694,421212000
2019-08-02,4.004908084869385,4.074228411288873,3.9574526851335556,4.004908084869385,428348000
2019-08-05,3.7465100288391113,3.8225383542046103,3.699551287599022,3.8212960318814724,589156000
2019-08-06,3.785269260406494,3.8667637536986543,3.73756531703224,3.8212958956468266,361272000
2019-08-07,3.8235323429107666,3.8354584483576475,3.7070052033399605,3.724397242992687,372560000
2019-08-08,3.9321088790893555,3.933351201478096,3.8237808784481175,3.8811748458948316,309300000
2019-08-09,3.8307368755340576,3.8945907635856605,3.7802997346850566,3.8911123564201238,341816000
2019-08-12,3.7629077434539795,3.830736920934551,3.741043300333821,3.778560575884407,279200000
2019-08-13,3.877199172973633,3.923164151825202,3.7224095529757264,3.7614174793234634,351956000
2019-08-14,3.728620767593384,3.8001769201562063,3.684892113004436,3.7889962565089688,419880000
2019-08-15,3.696321964263916,3.7673812519363756,3.662034761481364,3.7475045645655736,477200000
2019-08-16,3.9644081592559814,4.013602746694141,3.89782106009125,3.9591905479072564,1007960000
2019-08-19,4.2431793212890625,4.259080954242912,4.061556182081943,4.077706137362355,815112000
2019-08-20,4.1708784103393555,4.238210728393089,4.1497591640304305,4.237713609816223,463188000
2019-08-21,4.254359722137451,4.309517604649429,4.215351793901761,4.2369676824080065,427244000
2019-08-22,4.260571479797363,4.306536222939866,4.22131475619423,4.2640498876687145,303488000
2019-08-23,4.035964012145996,4.238458036425113,4.01608733008714,4.184045601517838,568056000
2019-08-26,4.110751152038574,4.138827214496607,4.072488660978373,4.114726678884054,318208000
2019-08-27,4.020063877105713,4.151746751479944,3.990745728080132,4.149013784011052,290968000
2019-08-28,4.009617328643799,4.062342701369023,3.9544048518582726,3.993700431897789,255612000
2019-08-29,4.153368949890137,4.185700354271746,4.097658861975754,4.101140712822491,357976000
2019-08-30,4.16605281829834,4.2493691499726784,4.147897384294275,4.1996280139551665,290616000
2019-09-03,4.082985877990723,4.12626045181507,4.060105276036855,4.093182863925962,296140000
2019-09-04,4.197139739990234,4.204601050623411,4.14366819970205,4.14366819970205,227728000
2019-09-05,4.470219612121582,4.476437136282169,4.297618447020891,4.299359372760523,695676000
2019-09-06,4.443110466003418,4.503794298218014,4.4050586682068325,4.446840885593928,376976000
2019-09-09,4.489119529724121,4.575669131205191,4.472705023741487,4.4741973809307884,417524000
2019-09-10,4.555773735046387,4.582384755788009,4.446592082100578,4.456291457142539,352812000
2019-09-11,4.584373950958252,4.632622724271211,4.54134795366165,4.5704465482479675,361512000
2019-09-12,4.582882404327393,4.685597491850589,4.574923954851905,4.630882618044122,327840000
2019-09-13,4.524933815002441,4.553286233268547,4.481161635519684,4.51622918760056,324592000
2019-09-16,4.481907844543457,4.516477786278243,4.439379454039742,4.449825006992703,231832000
2019-09-17,4.503295421600342,4.507523450206749,4.442114002379941,4.488621842683926,223048000
2019-09-18,4.476187705993652,4.512001438992079,4.389638562797423,4.49633310869276,258152000
2019-09-19,4.400582313537598,4.500561738527124,4.389887716090269,4.482157258963519,245476000
2019-09-20,4.294882297515869,4.423214140254403,4.284685785594348,4.399587358711012,350244000
2019-09-23,4.348352909088135,4.393866010859159,4.291399508443675,4.295130401616108,249712000
2019-09-24,4.290902614593506,4.409286020008458,4.255337926785013,4.3796902872463725,317268000
2019-09-25,4.432663917541504,4.452311706754026,4.245637779443651,4.290404701956607,308432000
2019-09-26,4.410529136657715,4.431669283656626,4.359544690134751,4.422964656764894,234564000
2019-09-27,4.271751880645752,4.419482431562982,4.2110675912707505,4.368746557430835,362056000
2019-09-30,4.329200744628906,4.339397724012572,4.266278418133448,4.2976155345767095,186184000
2019-10-01,4.3274617195129395,4.501555200642923,4.322736554076414,4.352332284583876,366008000
2019-10-02,4.303586006164551,4.317513407561002,4.231212853022396,4.3055754994021775,293372000
2019-10-03,4.509265422821045,4.515482945969058,4.277721388425438,4.3080632998556965,450588000
2019-10-04,4.525680065155029,4.5550272306781165,4.446343196125105,4.511503618614806,265524000
2019-10-07,4.584373950958252,4.684104305808644,4.581886846993333,4.590591473687261,480984000
2019-10-08,4.407793998718262,4.492602216350679,4.389638564091479,4.492602216350679,444436000
2019-10-09,4.49434232711792,4.543834887746248,4.455793403019347,4.48464295407397,292412000
2019-10-10,4.552042007446289,4.603026452067715,4.4868815922346394,4.492104368174887,309124000
2019-10-11,4.625660419464111,4.708976292793463,4.617204358303706,4.636105974650476,446404000
2019-10-14,4.639089584350586,4.659980691880222,4.585866594282239,4.616954687448954,200040000
2019-10-15,4.883813858032227,4.956436057481802,4.7154407688692315,4.729368645375923,664124000
2019-10-16,4.8300933837890625,4.95469476392603,4.818653086362403,4.849741170790548,428944000
2019-10-17,4.832085132598877,4.919629032257951,4.777618348390591,4.874613530130887,263436000
2019-10-18,4.737576007843018,4.86516164659299,4.663213352051364,4.832581200278946,307440000
2019-10-21,4.874860763549805,4.888291029812565,4.780104144199307,4.799005754453119,261868000
2019-10-22,4.864912986755371,5.0370165038770205,4.857203106670978,4.931814329150137,328720000
2019-10-23,4.851979732513428,4.866155701752452,4.751005599593208,4.782839862732736,279916000
2019-10-24,4.896001815795898,4.929576538933724,4.859193335168025,4.893265668927395,232020000
2019-10-25,5.087006568908691,5.107897674755416,4.968871729518342,4.976581610157008,423092000
2019-10-28,5.1429643630981445,5.195440687008096,5.101430252122373,5.130777412368008,330792000
2019-10-29,5.046716690063477,5.135504372192702,5.027317939867172,5.1290378058828265,211236000
2019-10-30,5.0487060546875,5.07929701107862,4.980560913880429,5.073576623671343,205960000
2019-10-31,4.999462604522705,5.048706132637017,4.919628593911619,5.027815025140034,209732000
2019-11-01,5.038508892059326,5.070840295500885,4.939026628988037,4.964145762847227,283640000
2019-11-04,5.235234260559082,5.247669781403055,5.096457358253294,5.119586525726514,376716000
2019-11-05,5.213100433349609,5.261100173608546,5.165100218724003,5.234986288413269,300868000
2019-11-06,5.163856506347656,5.214591915289873,5.07631214409579,5.188975642702698,269012000
2019-11-07,5.18151330947876,5.265078193583213,5.136746390338283,5.250404613392347,280340000
2019-11-08,5.1675872802734375,5.1991729847474,5.127048379340189,5.164603039575898,189100000
2019-11-11,5.177535533905029,5.200664703086255,5.080540361625758,5.166840937752793,243436000
2019-11-12,5.213100433349609,5.269059097601395,5.180768549841169,5.2158361059367335,283504000
2019-11-13,5.187233924865723,5.209368342980656,5.120829721787799,5.181762106581593,300188000
2019-11-14,5.217576503753662,5.219815039843929,5.136250141306643,5.196187787124285,518080000
2019-11-15,5.078300476074219,5.2670670272805,4.990009963551623,5.215336413806538,1053628000
2019-11-18,5.279504776000977,5.306115798093272,5.067857068134432,5.070841308927021,574588000
2019-11-19,5.17280912399292,5.2720423433741646,5.1146124087740565,5.248415567089709,414564000
2019-11-20,5.252147197723389,5.335960676371232,5.137245623670361,5.149929714598084,472588000
2019-11-21,5.227275371551514,5.303378950113375,5.20563808890876,5.2476693393979,288388000
2019-11-22,5.24493408203125,5.29641566752283,5.22130682973307,5.2499078159765284,224100000
2019-11-25,5.501598358154297,5.506572567464583,5.3600852815336015,5.37301794112032,506476000
2019-11-26,5.39689302444458,5.48866494408061,5.390426458356778,5.483939303575425,385244000
2019-11-27,5.431737422943115,5.4767861387721615,5.40535551713588,5.442439910912744,215784000
2019-11-29,5.394402027130127,5.429246218269743,5.370508596224962,5.400873362465484,141556000
2019-12-02,5.207985877990723,5.400874630648359,5.192803966022088,5.387434453929182,372036000
2019-12-03,5.168413162231445,5.172395085277545,4.986973620057206,5.024306759555825,465232000
2019-12-04,5.212217807769775,5.274439872857708,5.183595714795328,5.252039891448717,273424000
2019-12-05,5.195292949676514,5.249799436817116,5.164679424539357,5.234119546988307,184884000
2019-12-06,5.280661106109619,5.3135148181328224,5.254527957051325,5.2644837136734965,232236000
2019-12-09,5.280661106109619,5.335416818098354,5.249052575739093,5.257763625425191,211880000
2019-12-10,5.325709819793701,5.377478610360905,5.258011914973825,5.310776186172465,256388000
2019-12-11,5.409335613250732,5.414811468518899,5.333673867242396,5.336162806052192,233796000
2019-12-12,5.576839447021484,5.595008279610874,5.371506906020866,5.380466709179545,404348000
2019-12-13,5.574848175048828,5.69904355345229,5.520839183395513,5.579826054178629,454704000
2019-12-16,5.603720188140869,5.676146778018652,5.594262405708543,5.622387001412159,320976000
2019-12-17,5.681869983673096,5.70451871570871,5.612927832005348,5.622385612100623,321196000
2019-12-18,5.7122344970703125,5.772714351725524,5.708252098829291,5.716714398393536,343548000
2019-12-19,5.860321998596191,5.873762175351524,5.741851245868105,5.746829124275014,445360000
2019-12-20,5.957637310028076,5.983023729631733,5.9076107253155365,5.926775034446558,603044000
2019-12-23,5.943949222564697,6.018366756693051,5.933247210027286,5.986260244364152,355060000
2019-12-24,5.938971996307373,5.956145348334653,5.894172030099983,5.928518734154545,138864000
2019-12-26,5.9531569480896,5.981281056144188,5.9235389070114515,5.942454463178205,182852000
2019-12-27,5.895416259765625,5.981780516027428,5.869033880243233,5.968340337367276,254644000
2019-12-30,5.782172679901123,5.878741455264291,5.7508128929512505,5.873514824105978,258056000
2019-12-31,5.856340408325195,5.865798187948946,5.727665139968271,5.746829450735264,231004000
2020-01-02,5.971078395843506,5.971078395843506,5.891683450284185,5.942207549705271,237536000
2020-01-03,5.8755059242248535,5.91931041118895,5.826474805979537,5.851363729816335,205384000
2020-01-06,5.900143623352051,5.905370252862974,5.756037709855697,5.782170857410312,262636000
2020-01-07,5.971574783325195,6.017370217404022,5.883468334889304,5.928517039782527,314856000
2020-01-08,5.982773303985596,6.024088827531883,5.927271353542796,5.967342170512901,277108000
2020-01-09,6.048482418060303,6.120908991813925,5.9947226534222215,6.069140188913055,255112000
2020-01-10,6.080837249755859,6.1861170582643075,6.066650817633669,6.155752757707768,316296000
2020-01-13,6.271486282348633,6.296623954505938,6.141317545571688,6.163966752912107,319840000
2020-01-14,6.154508113861084,6.254063307729737,6.141316688702072,6.228676412859519,359088000
2020-01-15,6.111947536468506,6.189600725851947,6.086063140007359,6.167200749117624,263104000
2020-01-16,6.1955742835998535,6.201547642568613,6.14206327909564,6.165458737258032,284192000
2020-01-17,6.204286098480225,6.2222061775969015,6.156748447081117,6.2147393592857885,253792000
2020-01-21,6.17093563079834,6.204535602628313,6.136837681171992,6.167699961913598,217916000
2020-01-22,6.2249436378479,6.311556638293385,6.19731702825236,6.216232587499454,239240000
2020-01-23,6.2933878898620605,6.301850188800662,6.176161835918426,6.265015025340445,244516000
2020-01-24,6.2341532707214355,6.458650589403411,6.179895527061451,6.408872747111983,373512000
2020-01-27,5.97829532623291,6.029317393777205,5.779931189053332,5.929512971699287,470536000
2020-01-28,6.171681880950928,6.204037143136165,5.990988586548067,6.044250844374252,310976000
2020-01-29,6.111202239990234,6.193335342652405,6.071379683662624,6.157246432843524,258848000
2020-01-30,6.117920875549316,6.131361051433275,5.958383823099121,6.01338780936454,290504000
2020-01-31,5.884464263916016,6.084072633373489,5.842651224069046,6.072125914926748,370420000
2020-02-03,5.981532573699951,6.000945640261272,5.860074870395955,5.866296982769879,255564000
2020-02-04,6.150774955749512,6.169939741532912,6.073370982195707,6.123397571961286,271544000
2020-02-05,6.2411208152771,6.281938371636145,6.15774301796561,6.2717338638672375,208220000
2020-02-06,6.327982425689697,6.327982425689697,6.1943297709458776,6.275467378988387,218284000
2020-02-07,6.261778354644775,6.310062726456048,6.23639146189148,6.287911501846782,189752000
2020-02-10,6.545013427734375,6.54575968220344,6.2794493755293335,6.284427253622599,529608000
2020-02-11,6.667466640472412,6.782204223899052,6.5913069033457505,6.653280208935729,638556000
2020-02-12,6.783199787139893,6.789671124211894,6.681404401745411,6.720231000027536,374644000
2020-02-13,6.739395618438721,6.806595557928401,6.697831327462878,6.725209186080892,528016000
2020-02-14,7.212532043457031,7.341456059311746,7.118203476398175,7.149563256675008,1041924000
2020-02-18,7.381277561187744,7.399695615382053,7.089829584227376,7.10924264439084,620164000
2020-02-19,7.832512855529785,7.850184182869734,7.50373169839315,7.50373169839315,694332000
2020-02-20,7.6831793785095215,7.872831981192019,7.37580228217202,7.784476779114279,810052000
2020-02-21,7.319055080413818,7.596067859152949,7.234184304281981,7.570930193121083,768180000
2020-02-24,6.801617622375488,7.015412909789479,6.670204661652405,6.724711152192472,856916000
2020-02-25,6.522116184234619,6.938755036778845,6.420320797299767,6.876781729497486,1055496000
2020-02-26,6.661494255065918,6.855627272496365,6.520872727258311,6.522365711253271,747732000
2020-02-27,6.290677070617676,6.649290620071094,6.198284236261924,6.347955488412159,906416000
2020-02-28,6.725746154785156,6.7852661121284985,6.021469330447976,6.038154678531449,1133252000
2020-03-02,6.8841328620910645,6.913021448545588,6.499868777188003,6.895837826861566,890744000
2020-03-03,6.621647357940674,6.999685572996747,6.536227533507572,6.939916728422714,652792000
2020-03-04,7.085354804992676,7.094818241686137,6.654271347325983,6.728982764642871,597408000
2020-03-05,6.805934906005859,7.052730474037817,6.761357053076483,6.885875600923197,540328000
2020-03-06,6.625383377075195,6.683907250630591,6.425157325422228,6.626379453327108,515412000
2020-03-09,6.112366199493408,6.460021937653119,5.931565322628148,5.974399445452702,614160000
2020-03-10,6.50186014175415,6.50186014175415,6.126063463078123,6.388797187781808,580648000
2020-03-11,6.138017177581787,6.39029187874802,6.040892861634512,6.361901569855591,499964000
2020-03-12,5.386922359466553,5.8802646697201535,5.374221317468399,5.614791089429549,816540000
2020-03-13,5.997808933258057,6.002291513290289,5.469103414722863,5.740304494178519,634836000
2020-03-16,4.891088962554932,5.630729524713613,4.8313201098048415,5.289797356213266,726972000
2020-03-17,5.410829544067383,5.500234162523847,4.756609277259598,5.003404879250918,833632000
2020-03-18,5.050970077514648,5.228284456212011,4.499602269107652,4.983232149697851,874268000
2020-03-19,5.303743839263916,5.397381660894162,4.816129105879897,5.029553533106183,765512000
2020-03-20,5.123938083648682,5.735821893342123,5.1084977163710255,5.453911927886964,804636000
2020-03-23,5.2967705726623535,5.39115604913871,4.943884999796366,5.122942664733292,643876000
2020-03-24,6.20550537109375,6.292170637864776,5.679290313877494,5.702948663929641,1101644000
2020-03-25,6.116848468780518,6.520288248729925,6.068036941761633,6.320560510878276,793432000
2020-03-26,6.406231880187988,6.530252179522313,6.2259287517373485,6.324049164664414,696108000
2020-03-27,6.293914318084717,6.552663734688867,6.193054129417796,6.225927016464721,638828000
2020-03-30,6.6141767501831055,6.623391286850987,6.31533202177179,6.359411602587438,602252000
2020-03-31,6.564618110656738,6.85848196477575,6.418931160097484,6.65427114369263,949960000
2020-04-01,6.053343296051025,6.513065851422506,6.0087659268955615,6.366632231374816,656912000
2020-04-02,6.362148761749268,6.3753475979764165,6.0344160579743935,6.082479923858315,675764000
2020-04-03,6.074264049530029,6.366135274074595,5.93679555989796,6.324546124267488,663212000
2020-04-06,6.68415641784668,6.721014090642787,6.298895768250316,6.356423567850926,727884000
2020-04-07,6.450809001922607,6.929458605024685,6.407725493136537,6.905799772742966,784520000
2020-04-08,6.648045063018799,6.672948867099333,6.489906453358047,6.559885910074075,542444000
2020-04-09,6.548430919647217,6.796720857250795,6.485424465320429,6.7738096784050175,525564000
2020-04-13,6.720266342163086,6.728982602723563,6.40025370444109,6.488661761554823,398408000
2020-04-14,7.071408748626709,7.105526615595516,6.820877290444887,6.848520424449045,530948000
2020-04-15,6.99395751953125,7.076886915806902,6.857983386674097,6.903307939292964,366148000
2020-04-16,7.339123725891113,7.446209763060646,7.136158815907621,7.14935765781439,745620000
2020-04-17,7.279853343963623,7.442723456928721,7.145871343771936,7.421306153923963,539120000
2020-04-20,7.148610591888428,7.3092396501151224,7.10428210942452,7.153342548022557,449388000
2020-04-21,6.711798667907715,7.091829035567349,6.652029823288924,7.030566314208489,735160000
2020-04-22,7.126196384429932,7.169030984977875,6.858481793507247,6.904055247287236,483356000
2020-04-23,7.072903156280518,7.30027407803628,7.047750448452174,7.168284705768839,424160000
2020-04-24,7.211864948272705,7.21385710057877,6.9879805641097965,7.0626919755938395,352328000
2020-04-27,7.398393630981445,7.558275486016847,7.32169006960919,7.34634497237191,479388000
2020-04-28,7.255945205688477,7.575708955867215,7.2504665488320335,7.545824293467083,442904000
2020-04-29,7.432762145996094,7.485557989512816,7.315465493772328,7.3906747163764015,379160000
2020-04-30,7.2788567543029785,7.432761694690941,7.26491073705107,7.378720402839211,375916000
2020-05-01,7.042270183563232,7.1946807476885954,6.993956931536458,7.0813689006672105,342096000
2020-05-04,7.2542009353637695,7.267898050583051,6.994953247305761,6.994953247305761,317556000
2020-05-05,7.315216064453125,7.477837263737754,7.254201764682971,7.358299567249931,368896000
2020-05-06,7.416075706481934,7.520920683811323,7.356805134500558,7.3946588804721864,323464000
2020-05-07,7.592394828796387,7.655650187350407,7.5039867620181475,7.555288254782303,373732000
2020-05-08,7.782409191131592,7.788635023484385,7.630247511426569,7.66411647642628,339216000
2020-05-11,8.034435272216797,8.081254179162244,7.748789399788098,7.777428609621731,469060000
2020-05-12,7.77244758605957,8.141022376410879,7.762735249455846,8.09221131809432,493060000
2020-05-13,7.750034809112549,8.047384694158001,7.565498035666604,7.887005024962632,625852000
2020-05-14,7.999570369720459,8.005049026479924,7.657891048162896,7.811547087740847,602312000
2020-05-15,8.458045959472656,8.467757819588039,7.843671294571095,7.859360560912241,987660000
2020-05-18,8.716547966003418,8.882157876251767,8.647066777794294,8.726758578966196,774460000
2020-05-19,8.771583557128906,9.052496956794625,8.72899786170041,8.756392090923336,717320000
2020-05-20,8.935450553894043,9.008169334494243,8.854513314184649,8.956369577080315,587536000
2020-05-21,8.74145221710205,9.01763371676121,8.703847369492491,9.016638115500731,761068000
2020-05-22,8.991485595703125,9.05797903478298,8.679691377999005,8.791259527464495,1038764000
2020-05-26,8.684174537658691,9.146388212957113,8.638601071075438,9.121483926571722,770780000
2020-05-27,8.492416381835938,8.599501483551341,7.965951285953803,8.591781772614254,1175892000
2020-05-28,8.454314231872559,8.726760384109577,8.3469783234028,8.379851221936049,734896000
2020-05-29,8.841317176818848,8.841317176818848,8.452321055870867,8.521553357486386,745256000
2020-06-01,8.772331237792969,8.806698478293196,8.656031150738611,8.799227669489188,389876000
2020-06-02,8.79125690460205,8.803210767049968,8.624651431110726,8.762369274520486,391320000
2020-06-03,8.735724449157715,8.832102079332936,8.666492155647125,8.788271870132402,365440000
2020-06-04,8.736721992492676,8.912870831436944,8.648023612555617,8.698351988030383,424280000
2020-06-05,8.889698028564453,8.966436118041159,8.678418318204127,8.764624637150327,481748000
2020-06-08,8.775089263916016,8.859550588229734,8.656244065795697,8.847093241462918,387736000
2020-06-09,9.015270233154297,9.078803940290415,8.721522237530877,8.770106557565944,468488000
2020-06-10,9.334930419921875,9.46772799834327,9.12240468175973,9.136607026501476,632180000
2020-06-11,8.766368865966797,9.229788430093894,8.756153594691645,9.118916430156073,583652000
2020-06-12,8.902155876159668,9.156040732560726,8.673684691916993,9.131375052473425,570908000
2020-06-15,9.14258861541748,9.151059841541885,8.714048931272924,8.785306836293802,400004000
2020-06-16,9.037693977355957,9.235271292358194,8.808724754785406,9.193663162244485,535716000
2020-06-17,9.204625129699707,9.2674108433434,9.039437684911618,9.082790811495686,408304000
2020-06-18,9.186688423156738,9.250969183096228,9.083539630190096,9.195657676798437,254408000
2020-06-19,9.229788780212402,9.412914727632721,9.195904834357798,9.211103234912088,524160000
2020-06-22,9.49438762664795,9.498872728106782,9.241748771132274,9.26840846511835,398468000
2020-06-23,9.417898178100586,9.609744370023234,9.375543006727439,9.518554914018466,375108000
2020-06-24,9.204127311706543,9.52403697253175,9.113435883941849,9.444058844499436,449372000
2020-06-25,9.457762718200684,9.47271210611004,9.151058380419418,9.323969070455242,376072000
2020-06-26,9.1239013671875,9.467729712336192,9.094003539480816,9.467729712336192,592084000
2020-06-29,9.168746948242188,9.173232049293702,8.869765873209746,9.138600111994467,342248000
2020-06-30,9.465484619140625,9.493887403842274,9.235020409436098,9.282358700750349,367892000
2020-07-01,9.497624397277832,9.543219591160486,9.381022242501066,9.48840613314034,326648000
2020-07-02,9.579599380493164,9.704423793705326,9.545714476509124,9.606258128160851,364056000
2020-07-06,9.805828094482422,9.875091989623506,9.679508640731992,9.708659430125925,315892000
2020-07-07,9.838215827941895,10.035792195918855,9.817287255578739,9.912462837226059,357800000
2020-07-08,10.181295394897461,10.190265597048889,9.931646628346138,9.959800403312192,365480000
2020-07-09,10.473301887512207,10.534094547843514,10.198737434711537,10.344989389421626,494548000
2020-07-10,10.443649291992188,10.619051018119535,10.343490609459353,10.552777224369041,497676000
2020-07-13,10.018101692199707,10.755587630848778,9.990943973478354,10.559008288759605,457076000
2020-07-14,10.341748237609863,10.367410922178168,9.752257335870901,10.040774113605373,542676000
2020-07-15,10.192506790161133,10.397557343822024,10.021589192844909,10.37887180037714,403984000
2020-07-16,10.100323677062988,10.172078651972994,9.861886201857047,9.980980432503275,344964000
2020-07-17,10.16684627532959,10.21368655172987,10.05348316903242,10.190764916562662,266284000
2020-07-20,10.475044250488281,10.495474793400428,10.12224671574614,10.239347866244826,284852000
2020-07-21,10.293415069580078,10.524129314223586,10.251806935143245,10.477288085807832,277036000
2020-07-22,10.403291702270508,10.566485168713976,10.256541709263525,10.332283763774852,367292000
2020-07-23,10.095338821411133,10.51117107626877,9.99717318149924,10.414500470016959,411660000
2020-07-24,10.159868240356445,10.329539823365863,9.743786985539828,9.841453644009734,473292000
2020-07-27,10.386096954345703,10.406277531256803,10.183038512490914,10.197489869903114,292132000
2020-07-28,10.18079662322998,10.346731094386874,10.17456842547589,10.33900786305012,271636000
2020-07-29,10.429947853088379,10.48052523133756,10.311850649072026,10.355451837217872,284508000
2020-07-30,10.577943801879883,10.586913053355934,10.260276238263634,10.339755382635078,308880000
2020-07-31,10.578690528869629,10.729925581420863,10.39755765547587,10.527365160235048,386080000
2020-08-03,10.972847938537598,11.061047324167738,10.678849986437134,10.696041448492522,412720000
2020-08-04,11.189608573913574,11.189608573913574,10.868951887154713,11.012462764883185,310336000
2020-08-05,11.248407363891602,11.33311864646592,11.128317104973485,11.205803183965019,249924000
2020-08-06,11.296992301940918,11.319415905932198,11.140775066047947,11.311193696033985,244316000
2020-08-07,11.161456108093262,11.465669360906174,11.000006708128012,11.274072170779698,342516000
2020-08-10,11.12707233428955,11.369495904917775,10.819620023247541,11.295747876802203,427796000
2020-08-11,10.813142776489258,11.098918523004569,10.759076349780809,11.036131858187444,354512000
2020-08-12,11.401387214660645,11.428045955610024,10.921024246348408,10.953414108119377,464412000
2020-08-13,11.404129028320312,11.681932558558554,11.317175651807057,11.50677883510985,374460000
2020-08-14,11.524714469909668,11.66498624024063,11.401634158052328,11.490829580618339,366436000
2020-08-17,12.295090675354004,12.367593632314799,11.777106641549244,11.810990587312567,621300000
2020-08-18,12.219099998474121,12.453551324655562,12.045193262326693,12.407707107828923,503448000
2020-08-19,12.097267150878906,12.273166969973811,12.056904085940626,12.254730435791068,622624000
2020-08-20,12.09975528717041,12.332960564965441,11.838396236704872,11.934319795564626,921388000
2020-08-21,12.640413284301758,12.765237661782223,12.153821184084608,12.160299346303887,999868000
2020-08-24,12.677041053771973,12.868638255826683,12.465013305133034,12.839985497737981,490564000
2020-08-25,12.706689834594727,12.717901163534192,12.53103807773133,12.587844615488446,289076000
2020-08-26,12.729610443115234,12.82478602619739,12.634683873931435,12.755771158963569,321244000
2020-08-27,12.58535385131836,12.80635085836099,12.523813196214713,12.73808302554578,317604000
2020-08-28,13.103087425231934,13.103336439127528,12.599553765736271,12.631943630422956,537160000
2020-08-31,13.329066276550293,13.528884701935283,12.993460206549758,13.137967138426383,500840000
2020-09-01,13.77817153930664,13.95038574188467,13.394862527172423,13.438227675991252,511316000
2020-09-02,14.302042961120605,14.681114606346256,13.856925815100713,14.658185164607415,874012000
2020-09-03,12.975167274475098,13.841473875875945,12.838840818617765,13.785896742009523,945128000
2020-09-04,12.58338451385498,13.134172141716105,11.668478174710607,12.744133979096368,1463684000
2020-09-08,11.876086235046387,12.511112497161491,11.667983300343312,11.698139163954473,795728000
2020-09-09,12.675597190856934,12.769554842405869,12.193844135233684,12.361572823047036,736200000
2020-09-10,12.273598670959473,13.024763704510125,12.129296630055405,12.94899900089753,698684000
2020-09-11,12.126802444458008,12.613290048561256,11.85888511069282,12.446807764179184,636928000
2020-09-14,12.832362174987793,13.273740196264075,12.592109741002641,13.040466040853438,1201744000
2020-09-15,12.950743675231934,13.257539768805044,12.787999584615463,13.23884768114521,727556000
2020-09-16,12.47572135925293,13.05217948485614,12.474974093966145,12.917099400279763,556384000
2020-09-17,12.424878120422363,12.55073716303664,11.99745669318927,12.094654408006981,792512000
2020-09-18,12.15147876739502,12.59335495759462,11.951600527210127,12.554725337708717,698460000
2020-09-21,12.478460311889648,12.483694019829388,11.867609111725981,11.888045766743714,721044000
2020-09-22,12.598587036132812,12.608805364071547,12.117832199845257,12.536031626594971,646452000
2020-09-23,12.08617877960205,12.687559837051763,12.041817283948461,12.536528628986584,647012000
2020-09-24,12.309735298156738,12.530549304190643,11.97677067037228,12.034840589809768,731240000
2020-09-25,12.833855628967285,12.843575780040306,12.207802412776056,12.408927017578229,588016000
2020-09-28,12.994606018066406,13.011304446570705,12.710489349429492,12.999839726157738,573808000
2020-09-29,13.18476390838623,13.401091441820128,12.893170810331622,12.897407213832448,621460000
2020-09-30,13.488571166992188,13.580286078672284,13.109499534654345,13.116726900529311,689184000
2020-10-01,13.572310447692871,13.720100667181514,13.41903648100408,13.715366086554479,525004000
2020-10-02,13.021773338317871,13.477606072110225,13.010557705011829,13.184019258253107,552496000
2020-10-05,13.600224494934082,13.601969064421914,13.18177500481166,13.194984295527707,479820000
2020-10-06,13.693934440612793,14.098178326883055,13.622656172875551,13.787144848699635,784420000
2020-10-07,13.920729637145996,14.07549911308544,13.820540949044304,13.956369246859877,418084000
2020-10-08,13.795866966247559,14.040855872703876,13.71536767762151,14.0313848089131,378900000
2020-10-09,13.720100402832031,13.78141036861387,13.618417204714074,13.724337757339686,346892000
2020-10-12,14.181916236877441,14.3025415705262,13.869388259768023,13.946149317152287,434744000
2020-10-13,14.20409870147705,14.304038298400052,13.97531003975401,14.25219938609199,344604000
2020-10-14,14.0515718460083,14.298304361964878,13.916740866696482,14.246216365246953,276100000
2020-10-15,13.92671012878418,13.962348784110764,13.725086380494536,13.767953352964803,267224000
2020-10-16,13.76870059967041,14.07774039175941,13.749759423521498,13.99325283964249,242392000
2020-10-19,13.455923080444336,13.940167071941861,13.36520451854094,13.859916877432626,298068000
2020-10-20,13.603216171264648,13.756988333381303,13.465145135362771,13.541408020040002,229212000
2020-10-21,13.482837677001953,13.748761375507442,13.4357343061922,13.582777253942538,219596000
2020-10-22,13.319597244262695,13.569569814147943,13.190747236945244,13.480596768269912,290480000
2020-10-23,13.548138618469238,13.5511295811218,13.250065327089063,13.408322998452133,233484000
2020-10-26,13.1005277633667,13.650319103468638,12.998096338348244,13.385392673750909,336896000
2020-10-27,13.355236053466797,13.400345770075305,13.150621352779737,13.264766581144487,250520000
2020-10-28,12.587870597839355,13.218909394525857,12.569926727116144,13.157101249805214,376520000
2020-10-29,12.98363971710205,13.151866582703395,12.710488656298974,12.79871442390701,320080000
2020-10-30,12.495159149169922,12.896411055077888,12.261884079576626,12.810179890792627,416820000
2020-11-02,12.541764259338379,12.796970513139906,12.356589868250463,12.618525311108584,299652000
2020-11-03,12.979154586791992,13.064389401209851,12.563696069043367,12.669118451633498,272900000
2020-11-04,13.75150203704834,13.78464980363339,13.295669383040554,13.347757372361434,410228000
2020-11-05,14.116120338439941,14.294565548026274,13.947644368672051,14.11861312375407,319028000
2020-11-06,14.516876220703125,14.543542941145084,13.851943272038088,14.066027152955076,383348000
2020-11-09,13.588510513305664,14.64597345153763,13.568572984005263,14.507404247847195,582976000
2020-11-10,12.730427742004395,13.564334744395342,12.589116673777136,13.564334744395342,644068000
2020-11-11,13.376421928405762,13.39336944833699,12.908127137369895,13.0133004455934,404744000
2020-11-12,13.415051460266113,13.723343065028084,13.274737671002764,13.437232689082359,365812000
2020-11-13,13.255794525146484,13.626392406024213,13.018781223457097,13.585020917023794,346312000
2020-11-16,13.473369598388672,13.607203277120108,13.115232761882497,13.131681153069124,413776000
2020-11-17,13.380657196044922,13.554117795380119,13.262524644847927,13.510503557144846,312028000
2020-11-18,13.38713550567627,13.563587043651735,13.144141246087537,13.423522372522545,510924000
2020-11-19,13.398600578308105,13.445703950537874,13.05940495942846,13.171805613149495,565936000
2020-11-20,13.047192573547363,13.452681814970418,13.024512222080595,13.41230763297263,341088000
2020-11-23,13.09928035736084,13.341028219522052,12.975165900762292,13.130433515692037,361356000
2020-11-24,12.917597770690918,13.121214239336203,12.845073111917616,13.101774885108085,346500000
2020-11-25,13.193737983703613,13.228380285277073,12.979654112179025,12.992115187065773,259916000
2020-11-27,13.220154762268066,13.365952276272498,13.129686242574325,13.333552723080512,167276000
2020-11-30,13.35997200012207,13.370938545272066,12.932052369557857,13.223895571225766,286952000
2020-12-01,13.348506927490234,13.486827040045208,13.1872573732238,13.450440170378451,296948000
2020-12-02,13.502528190612793,13.631128151987834,13.19323932249745,13.309129121055353,283360000
2020-12-03,13.358433723449707,13.621693331672965,13.29162217345362,13.549396414005608,199520000
2020-12-04,13.52022933959961,13.521974424507142,13.351204314555789,13.410786363398698,202244000
2020-12-07,13.568592071533203,13.692743209564702,13.462141895080437,13.563107654973566,223244000
2020-12-08,13.3125638961792,13.560616077431042,13.244255468660604,13.546904559527674,271920000
2020-12-09,12.894488334655762,13.37638282728768,12.832163602712681,13.263201471655023,401300000
2020-12-10,12.935872077941895,13.032101859901006,12.813466022626018,12.83291206940528,207764000
2020-12-11,12.97675895690918,12.983490135259263,12.78704205504218,12.930887469523446,209264000
2020-12-14,13.271427154541016,13.35120272682699,13.040825861183126,13.051296369383167,270156000
2020-12-15,13.323034286499023,13.426243461845102,13.14977159927555,13.402061434232618,193016000
2020-12-16,13.205365180969238,13.399568888218685,13.175448623392954,13.384859771427013,223116000
2020-12-17,13.30383586883545,13.341978569105423,13.141542045726027,13.329263701682226,231384000
2020-12-18,13.234781265258789,13.367407711372202,13.033846398297575,13.341480601086888,342064000
2020-12-21,13.294862747192383,13.332507130400108,12.93113568684749,13.0380851445966,302332000
2020-12-22,13.241013526916504,13.299848088352803,13.017392551262413,13.281898915745092,185580000
2020-12-23,12.97276782989502,13.237772518322112,12.968530174223998,13.218825746792993,179144000
2020-12-24,12.957311630249023,13.095672613802039,12.902466511804553,13.000689591227811,97884000
2020-12-28,12.863823890686035,13.025868569074484,12.727458111823653,13.025868569074484,212564000
2020-12-29,12.906951904296875,13.035839963058338,12.806235314111813,12.888753571154453,170372000
2020-12-30,13.108885765075684,13.176694914698261,12.860584432443018,12.953821418799093,225396000
2020-12-31,13.018389701843262,13.114120204120733,12.87878196648037,13.099661201740249,192424000
2021-01-04,13.076725006103516,13.61421397971434,12.926148437741286,13.067501258122682,560640000
2021-01-05,13.367159843444824,13.405800875139692,13.050300910946934,13.063014829846537,322760000
2021-01-06,12.57912540435791,13.207857143489328,12.55070572206963,13.185420201840708,580424000
2021-01-07,13.306578636169434,13.34023452196622,12.850362120145352,12.93113434405788,461480000
2021-01-08,13.239518165588379,13.38336356753175,13.005426670817448,13.325028278582424,292528000
2021-01-11,13.58329963684082,13.921847963012926,13.325026156059941,13.381118027153345,518344000
2021-01-12,13.446934700012207,13.71592883730901,13.307577070665623,13.7139336394329,291476000
2021-01-13,13.493802070617676,13.586790839609762,13.347464109941011,13.452169197546132,210028000
2021-01-14,13.163229942321777,13.561609449275576,13.143535688218217,13.536929103411671,283120000
2021-01-15,12.82343864440918,13.287882305059432,12.812469810724464,13.190905033846901,277780000
2021-01-19,12.988722801208496,13.057279430107188,12.807980522839523,12.979747264530975,226188000
2021-01-20,13.328269958496094,13.392838104481921,13.02013644379151,13.074981565628885,258572000
2021-01-21,13.82861042022705,13.959991048301735,13.215833672489648,13.380869233947863,337780000
2021-01-22,13.674043655395508,13.802931705716695,13.589032833311224,13.701466685293624,246820000
2021-01-25,13.614962577819824,13.789721185785888,13.19938129579068,13.74310221612875,251112000
2021-01-26,13.397574424743652,13.606486294408791,13.349957856187535,13.542416475351589,163980000
2021-01-27,12.881524085998535,13.195640288057769,12.757871281264219,13.192897604485092,371272000
2021-01-28,13.01440143585205,13.302342356675961,12.924155341787754,12.959805478023089,228316000
2021-01-29,12.953324317932129,13.297357142281673,12.87529381345068,13.038335162725016,271552000
2021-02-01,13.19987964630127,13.233534581974757,12.866566542246508,13.016644788412517,217204000
2021-02-02,13.518733024597168,13.533939513350386,13.248242969774687,13.361176112515281,220440000
2021-02-03,13.492557525634766,13.892682206778403,13.478596845978661,13.597760947043264,245408000
2021-02-04,13.625930786132812,13.635154533800035,13.30034647317784,13.493054232332696,201340000
2021-02-05,13.552887916564941,13.698728527166663,13.50776486683177,13.686512931697463,169152000
2021-02-08,14.398258209228516,14.43315990300418,13.688753373760923,13.688753373760923,434624000
2021-02-09,14.22325325012207,14.542355599688753,14.182617019413179,14.300535315470242,287560000
2021-02-10,14.722846031188965,14.863201253824297,14.301282039333971,14.422690490908412,485352000
2021-02-11,15.20798110961914,15.229421401855387,14.883145228492026,14.938240455389991,450828000
2021-02-12,14.919294357299805,15.24836885971314,14.73356597486961,15.007795360880671,374756000
2021-02-16,15.287260055541992,15.329392207780066,14.908076391399229,15.0220061893389,321960000
2021-02-17,14.864200592041016,15.180810369685322,14.738553519197914,15.128456867917356,274756000
2021-02-18,14.787415504455566,14.83154095008502,14.53412713480313,14.687695554072727,233868000
2021-02-19,14.88464069366455,15.13443792178438,14.805114282360956,14.982365438062779,271724000
2021-02-22,14.315491676330566,15.090811453956276,14.284827635904886,14.733316330627298,325884000
2021-02-23,14.102341651916504,14.198820593637908,13.35195136230545,14.035778314628121,391780000
2021-02-24,14.458340644836426,14.466069421564784,13.717424178877225,14.08314643202328,448320000
2021-02-25,13.270180702209473,14.33443798699334,13.179187133736889,14.006110991803554,824436000
2021-02-26,13.67603874206543,13.815645509869658,13.323529751360189,13.713931328326733,500932000
2021-03-01,13.802933692932129,13.885950280412095,13.515242901527062,13.836090305328044,353184000
2021-03-02,13.368656158447266,13.881463899435085,13.358434810228255,13.861021202997064,264116000
2021-03-03,12.768844604492188,13.413780548805313,12.7628609117656,13.388601869747923,377592000
2021-03-04,12.33556079864502,12.938615575725441,12.04986423160692,12.764853610702268,573344000
2021-03-05,12.426554679870605,12.514806524253467,11.646497921681421,12.514806524253467,542840000
2021-03-08,11.56074047088623,12.436277690098503,11.53406492027041,12.415087507609316,543112000
2021-03-09,12.48945140838623,12.585713469776065,12.029584993693858,12.100410437756945,521824000
2021-03-10,12.437576293945312,12.948066572746527,12.42685292339801,12.808910100942292,384376000
2021-03-11,12.96153450012207,13.014155316080448,12.703171840009764,12.918141567568973,299916000
2021-03-12,12.82437515258789,12.85704471942903,12.55902969809042,12.617135882333454,243964000
2021-03-15,13.158798217773438,13.174260154911902,12.735841507996014,12.83310149724649,221988000
2021-03-16,13.258553504943848,13.479258807224893,13.084482313956556,13.32364243314881,272128000
2021-03-17,13.308426856994629,13.420150815607716,12.957541896819428,13.007668319701601,243864000
2021-03-18,12.691200256347656,13.151565052474703,12.685713947139764,13.104182253321333,293896000
2021-03-19,12.814149856567383,12.889713864876905,12.581473976517742,12.718635542098236,299208000
2021-03-22,13.15381145477295,13.361549203796526,12.87499901936367,12.880984776838993,297804000
2021-03-23,13.038595199584961,13.311671106919352,12.989216509091099,13.221643113543065,222048000
2021-03-24,12.611896514892578,13.126877093413306,12.605662461359328,13.118896401350066,245840000
2021-03-25,12.504410743713379,12.6834697198719,12.241808987248234,12.468749258322461,295144000
2021-03-26,12.807662963867188,12.82462133897218,12.343059043552696,12.523613510506973,363968000
2021-03-29,12.916396141052246,13.03036526004874,12.66875684725543,12.78871077199155,273520000
2021-03-30,12.840083122253418,12.943328859463614,12.673743402077953,12.81040644183664,200204000
2021-03-31,13.315412521362305,13.437361379878029,12.950561986434117,12.983480795926578,314776000
2021-04-01,13.777771949768066,13.835878123071739,13.47801034601489,13.5388611010894,308276000
2021-04-05,13.953089714050293,13.979524270576526,13.699215418219154,13.833385038729487,255672000
2021-04-06,13.827401161193848,14.01967698259922,13.739618291490467,13.965311422908092,191744000
2021-04-07,14.108704566955566,14.208457976713019,13.677767211137832,13.84660035897789,251284000
2021-04-08,14.281779289245605,14.435899213055192,14.213945783814793,14.217687357595498,244416000
2021-04-09,14.364574432373047,14.372555124634204,14.140128521718337,14.179032137087,195172000
2021-04-12,15.17158317565918,15.314730471035531,14.104465091205773,14.254595135072282,869324000
2021-04-13,15.640925407409668,15.661375156600382,15.088537687934439,15.194027608780681,676212000
2021-04-14,15.239418983459473,15.681827538993751,15.19004028928494,15.586562476746503,385500000
2021-04-15,16.097551345825195,16.174361581809492,15.593044896398382,15.623968769706602,598480000
2021-04-16,15.873353958129883,16.12598105828335,15.82621945225456,16.013507430530804,335208000
2021-04-19,15.323954582214355,15.76860812333835,15.195521502696458,15.498274965742102,404420000
2021-04-20,15.133926391601562,15.458874387907025,14.926188677668558,15.285551919658973,334132000
2021-04-21,15.322710990905762,15.32470592597656,15.06509609224263,15.0815550200728,216776000
2021-04-22,14.813716888427734,15.400519884321316,14.747130576116172,15.337175698398932,277788000
2021-04-23,15.22769546508789,15.29727370248584,14.863593646617081,14.89750944608486,227500000
2021-04-26,15.439921379089355,15.440919322295558,15.087790126519275,15.147642935688191,197796000
2021-04-27,15.34390926361084,15.631948601560827,15.316726012485972,15.540174924345006,164572000
2021-04-28,15.239169120788574,15.494041387544131,15.178070060901838,15.326703691397503,209416000
2021-04-29,15.2870512008667,15.398525946792525,15.034424071797295,15.362115759293001,173196000
2021-04-30,14.972577095031738,15.327202807389392,14.960108034536171,15.137172118355222,201912000
2021-05-03,14.800250053405762,15.209241257751458,14.751121563712845,15.08779089742156,203912000
2021-05-04,14.31594467163086,14.601490591862607,13.975783949931254,14.6012413438704,405324000
2021-05-05,14.422929763793945,14.77705690361153,14.352104335830429,14.67281322109117,292024000
2021-05-06,14.48727035522461,14.53540184870253,14.18302136153679,14.459588610408613,193380000
2021-05-07,14.775809288024902,14.93391906739071,14.635654875272314,14.771819417961543,229328000
2021-05-10,14.2306547164917,14.76957547077731,14.214943531610285,14.750871407443766,268904000
2021-05-11,14.271055221557617,14.319435968974824,13.716174016861329,13.790989321233113,285584000
2021-05-12,13.724654197692871,14.225169885401517,13.67552570275034,13.975036189887499,303408000
2021-05-13,13.631630897521973,14.046109333462992,13.42588811866728,13.999224078927785,285404000
2021-05-14,14.207961082458496,14.292752013541277,13.714677433186372,13.855829803441582,258616000
2021-05-17,14.130650520324707,14.134391142572785,13.819418762550056,14.122171332609264,216980000
2021-05-18,13.981268882751465,14.368813321991661,13.969547568974676,14.231901032825663,186256000
2021-05-19,14.031147003173828,14.044863252937322,13.509932366145637,13.533124795954503,344000000
2021-05-20,14.57655143737793,14.647626114558799,14.23539279664413,14.267313661284234,321592000
2021-05-21,14.954866409301758,15.184550295946321,14.83291756981621,15.126443178932425,672992000
2021-05-24,15.573593139648438,15.706265365867367,15.13866492809838,15.17507511104745,554816000
2021-05-25,15.609254837036133,15.779584439719866,15.444411543967227,15.727213823403543,435408000
2021-05-26,15.661376953125,15.754896323009897,15.547907279022002,15.69554295501756,370440000
2021-05-27,15.449899673461914,15.711255241190996,15.421968674803152,15.661128802147099,581476000
2021-05-28,16.20453453063965,16.237454287840492,15.462864882329143,15.462864882329143,644536000
2021-06-01,16.2244815826416,16.347927786199005,15.8641204983863,16.22996884163976,472804000
2021-06-02,16.736970901489258,16.87712625493025,16.195556800663763,16.212265926193794,594168000
2021-06-03,16.928003311157227,17.21654307093119,16.54220545944608,16.659665958022718,580008000
2021-06-04,17.535009384155273,17.61755424083514,17.053446982678363,17.07040345886154,617120000
2021-06-07,17.575654983520508,17.76867947172536,17.150455047093143,17.528023884085115,575756000
2021-06-08,17.414058685302734,17.57815332039615,17.208564141055195,17.484135437637658,323848000
2021-06-09,17.31951332092285,17.535780721881775,17.21724304760244,17.476663064864983,381656000
2021-06-10,17.3861141204834,17.452965945027934,17.137671136572692,17.311282630136223,287772000
2021-06-11,17.785476684570312,17.89922263315235,17.404827691754896,17.440497358543247,416308000
2021-06-14,17.97853660583496,17.999240343517034,17.62333209959281,17.866039129449224,321376000
2021-06-15,17.748804092407227,17.97604663575129,17.68843990745718,17.875022883618865,243032000
2021-06-16,17.770503997802734,17.914682262565314,17.545257811678535,17.751048686283887,307124000
2021-06-17,18.615617752075195,18.79297075616805,17.71662916794355,17.73483795778775,809656000
2021-06-18,18.59716033935547,19.331767425396844,18.542532064726206,18.74208655422543,968856000
2021-06-21,18.386127471923828,18.4951346885807,17.782976662910134,18.394109040503217,672384000
2021-06-22,18.844602584838867,18.92143232381055,18.344970443440133,18.430280361670633,580144000
2021-06-23,19.014724731445312,19.11001257671834,18.865558432257274,18.96533567291674,332356000
2021-06-24,19.16264533996582,19.376667140371925,19.0456565249528,19.184846818923116,320924000
2021-06-25,18.9885311126709,19.30233009055786,18.852336315853158,19.23747460979559,278364000
2021-06-28,19.940406799316406,20.03394760894078,19.275892522351057,19.318047927502214,495436000
2021-06-29,19.982059478759766,20.05389740507961,19.613133627200476,19.838130514850587,367632000
2021-06-30,19.957866668701172,20.117509490168736,19.81942620130902,19.954623798999663,326568000
2021-07-01,20.166894912719727,20.410349886109096,19.974324818701906,20.08008916798285,480136000
2021-07-02,20.441282272338867,20.45949296291919,20.24247763436387,20.39463747913961,342764000
2021-07-06,20.65230941772461,20.795488562446426,20.30483712715848,20.691221944768234,446708000
2021-07-07,20.3262939453125,20.82842115434022,20.286633492945466,20.806969493155897,418428000
2021-07-08,19.85834312438965,20.08807879827033,19.656794160465697,19.812196926089005,503300000
2021-07-09,20.005502700805664,20.03543643453273,19.71016375978145,19.917949051250865,296624000
2021-07-12,20.466726303100586,20.48692953104882,20.142700097359224,20.194833408061367,321984000
2021-07-13,20.204811096191406,20.41558998557854,20.06911490682044,20.354974593131452,290708000
2021-07-14,19.79722023010254,20.372184323242063,19.70866935395099,20.31231875455306,380100000
2021-07-15,18.923927307128906,19.802712615853245,18.81641780631907,19.767541563589802,550564000
2021-07-16,18.120471954345703,19.114249610724638,18.032668986212673,18.988032725090143,688224000
2021-07-19,18.73784065246582,18.999504392664644,17.825629630506736,17.875269883894855,749060000
2021-07-20,18.57046890258789,18.79596444122418,18.123468610489642,18.688205629147088,434687000
2021-07-21,19.366683959960938,19.483423438095404,18.700175417850065,18.839862381024883,371017000
2021-07-22,19.550273895263672,19.84261930571644,19.232982752333722,19.59816711341448,323826000
2021-07-23,19.51435661315918,19.656039936097546,19.207043356145515,19.612137498497777,195672000
2021-07-26,19.25094985961914,19.39861843921064,18.871796689116085,19.267912125385813,203943000
2021-07-27,19.165142059326172,19.57821787441653,18.699183100563786,19.22201408557832,248863000
2021-07-28,19.459476470947266,19.60215699543012,18.95261072554939,19.27588707854818,202191000
2021-07-29,19.61812400817871,19.808697767774508,19.28486780665784,19.475441566253632,190781000
2021-07-30,19.455486297607422,19.586192570661208,19.220012897722576,19.374665779501278,183497000
2021-08-02,19.705928802490234,19.91645840741657,19.317796898621157,19.656041136379148,217444000
2021-08-03,19.770784378051758,20.176875767387045,19.177110872013746,19.69595097546281,301811000
2021-08-04,20.228759765625,20.27266220607287,19.783753941478007,19.945393101365298,231309000
2021-08-05,20.590946197509766,20.686732636563846,20.296604434887584,20.454252790573072,211435000
2021-08-06,20.320552825927734,20.52409807521408,20.164900800366695,20.4782011954325,178497000
2021-08-09,20.249713897705078,20.462237955728927,20.098052643578864,20.400376028225207,146443000
2021-08-10,19.891511917114258,20.384408995827474,19.790735571713213,20.276650205072418,179238000
2021-08-11,19.655040740966797,20.004260090424093,19.386641917461688,19.998272961888595,185925000
2021-08-12,19.86058235168457,19.984304288652414,19.576218486098607,19.825660607005055,151652000
2021-08-13,20.1429500579834,20.168893013178696,19.806702182493282,19.860582533688213,183063000
2021-08-16,19.905481338500977,20.24172919957382,19.409588774585117,20.09006796888295,210876000
2021-08-17,19.414579391479492,19.72588343328819,19.224005625797794,19.641072122334368,204585000
2021-08-18,18.99751091003418,19.590185192021558,18.957599261263073,19.456483452348944,285913000
2021-08-19,19.75381851196289,20.44926356783825,18.72012927852923,19.45049607508558,766555000
2021-08-20,20.76955223083496,20.818442681603692,19.888523090251827,19.946392332251655,675741000
2021-08-23,21.909000396728516,21.947912925807106,20.903250350633197,20.924203397298,575807000
2021-08-24,21.744367599487305,21.909997531385216,21.48694391201485,21.70445785017865,297299000
2021-08-25,22.163427352905273,22.41985378434502,21.673523877274985,21.688489793298512,347701000
2021-08-26,22.018760681152344,22.29015313079848,21.741381101605732,22.150466120406026,237940000
2021-08-27,22.58548927307129,22.671297812529208,22.117535945744294,22.134498209537867,304722000
2021-08-30,22.637367248535156,22.99157454349071,22.500673857239274,22.779050547135782,262580000
2021-08-31,22.338985443115234,22.64834767167244,22.074530788334712,22.64834767167244,259850000
2021-09-01,22.39487075805664,22.650345047811708,22.311043792069864,22.4387809369474,201767000
2021-09-02,22.3499698638916,22.5465654762907,22.249177614645635,22.47171886089875,187834000
2021-09-03,22.796051025390625,22.93875676620903,22.154372938246212,22.27911602482771,280532000
2021-09-07,22.61541748046875,22.851929824701582,22.475703964992363,22.786065507103327,198107000
2021-09-08,22.29308319091797,22.563526062752924,21.93182586082569,22.466725323109348,254434000
2021-09-09,22.13141632080078,22.49167436409393,22.08551134357219,22.26613906339988,196856000
2021-09-10,22.43179702758789,22.579491625302524,22.224224389626503,22.30206317714799,248376000
2021-09-13,22.106468200683594,22.91679945314238,21.813071877295915,22.637374292609916,297500000
2021-09-14,22.196277618408203,22.363931529281412,22.04059817112836,22.229208820860716,199755000
2021-09-15,22.29507827758789,22.321025809840197,21.92084908003349,22.26314446387039,166538000
2021-09-16,22.196277618408203,22.23120551650679,21.881924632093252,22.137398889695206,156033000
2021-09-17,21.85498809814453,22.27512233612111,21.785132275135172,22.254165589218303,294503000
2021-09-20,21.069602966308594,21.38894489978741,20.619529786404915,21.102534175277412,349440000
2021-09-21,21.20233154296875,21.380962578052618,20.90694040948947,21.372979599788614,204688000
2021-09-22,21.895898818969727,21.91485886480449,21.152429377866472,21.32208000784405,268726000
2021-09-23,22.435789108276367,22.488679665471388,21.845004991544315,22.094491122204907,248555000
2021-09-24,22.035614013671875,22.103475038068282,21.81606688764935,22.02463694288499,217655000
2021-09-27,21.615480422973633,21.754194664924476,21.281169887279056,21.665376892847107,245215000
2021-09-28,20.656448364257812,21.37496947470969,20.608546703103997,21.170390970412182,343069000
2021-09-29,20.474828720092773,20.97380099971787,20.42493035007335,20.896959603658967,218394000
2021-09-30,20.673419952392578,21.022700943326686,20.64547762539211,20.72531311731177,221009000
2021-10-01,20.69936752319336,20.816125716896938,20.161473920626037,20.707350501370968,240978000
2021-10-04,19.69144058227539,20.499775067963235,19.51480436585159,20.461853071607546,345635000
2021-10-05,20.408958435058594,20.605553958330656,19.813185585330604,19.908988905051082,279282000
2021-10-06,20.65744972229004,20.6774071635698,20.038723360348456,20.078642049763726,297202000
2021-10-07,21.03167724609375,21.278169233572847,20.92888834187174,21.04864059401469,256919000
2021-10-08,20.788185119628906,21.162414376696862,20.732300460878932,21.05763064154066,151258000
2021-10-11,20.652462005615234,21.019705627765678,20.468840194540014,20.532709726416876,163388000
2021-10-12,20.628511428833008,21.013717707370695,20.48580570766781,20.785188312861532,162134000
2021-10-13,20.895959854125977,20.946855619421928,20.670424556091195,20.87500311019732,180652000
2021-10-14,21.70130157470703,21.710281948455567,21.078583653114016,21.24424280701027,243589000
2021-10-15,21.817060470581055,21.88591887935075,21.61747272820035,21.765167314945042,226994000
2021-10-18,22.17632293701172,22.245181351573397,21.599509992231866,21.70429561198073,189494000
2021-10-19,22.244184494018555,22.333000354248618,21.991704268986588,22.23021142807593,161473000
2021-10-20,22.057567596435547,22.38688920042201,21.936816024402503,22.259152047447255,146276000
2021-10-21,22.645355224609375,22.66431717444452,22.037607791883655,22.051578953476707,187590000
2021-10-22,22.679283142089844,23.082451989687545,22.514623314038865,22.776083865908273,249384000
2021-10-25,23.118379592895508,23.30699025615322,22.72319371456026,22.925775538059284,230235000
2021-10-26,24.66619300842285,25.207080642552555,23.874823758987613,23.939690683779567,485898000
2021-10-27,24.400739669799805,25.038426104852544,24.23208643543216,24.42369310756561,245990000
2021-10-28,24.88973617553711,24.89871845350775,24.472596064958047,24.82686594002739,234204000
2021-10-29,25.514448165893555,25.656156492279774,24.948614160155966,24.94961155653505,292503000
2021-11-01,25.773908615112305,25.84077032372531,25.175141619253885,25.59627502178263,265740000
2021-11-02,26.34672737121582,26.623158377452754,25.746962995391332,25.768919034563826,294112000
2021-11-03,26.54332733154297,26.728945830452645,26.18107451423238,26.61517983790427,239910000
2021-11-04,29.73974609375,31.30053054584952,27.062260305806582,27.17303221163715,1153631000
2021-11-05,29.690841674804688,31.335452807247698,29.34954374126454,30.124946942378365,851260000
2021-11-08,30.74068260192871,31.03607369583626,29.8455251398631,30.08702828256524,503101000
2021-11-09,30.593984603881836,32.24358866979207,29.902410166166877,32.21564634517442,646746000
2021-11-10,29.398447036743164,30.786588600174127,28.7188470671738,29.29566001580233,636206000
2021-11-11,30.327531814575195,30.527121469817228,29.715792890325954,30.405372503422235,332172000
2021-11-12,30.327531814575195,30.61693662433334,29.56909378945469,29.948313753728954,413054000
2021-11-15,29.963279724121094,30.581006779573574,29.186879115830916,30.48919684042176,384909000
2021-11-16,30.14091682434082,30.32753271977368,29.644938667134358,29.697831126511854,264484000
2021-11-17,29.200851440429688,30.446287176657105,28.74079861985027,30.355472726652906,428508000
2021-11-18,31.609886169433594,32.69265486336279,31.25661378214152,32.30046499188138,781711000
2021-11-19,32.91719436645508,33.01998327209769,31.839414565134348,32.176719094226264,533867000
2021-11-22,31.890310287475586,34.575778624471646,31.834425645300712,33.44810039838388,754335000
2021-11-23,31.680747985839844,32.293486259552104,30.81652687837705,31.470181244113295,532163000
2021-11-24,32.60682678222656,32.78745442884217,30.8644160156458,31.396321189058206,435162000
2021-11-26,31.43824577331543,32.64276360965814,31.285560386970182,32.53298910580226,283069000
2021-11-29,33.307403564453125,33.343328875138795,31.970157441692912,32.29948103783534,454964000
2021-11-30,32.60882568359375,33.28443590404543,31.798496565026007,33.100812239560405,622066000
2021-12-01,31.374225616455078,33.22464323996772,31.31933164435788,33.15477887681169,484368000
2021-12-02,32.06388854980469,32.41520919739524,30.96501733909854,31.153653016640646,472890000
2021-12-03,30.63365936279297,32.06688384228752,30.07174622980887,31.93813163483009,544325000
2021-12-06,29.97892951965332,30.18253369080409,27.983793678236385,29.82223155843537,658938000
2021-12-07,32.36430358886719,32.38626422162918,30.591738246734344,30.897148284520917,593053000
2021-12-08,31.76447296142578,32.22757663926126,31.360255237742003,31.937138846191818,475551000
2021-12-09,30.431049346923828,32.142735562331445,30.369168945749347,31.6726436363354,488507000
2021-12-10,30.139617919921875,31.244478098261293,29.803269551316273,31.089777075680235,488825000
2021-12-13,28.106552124023438,30.235429453900565,28.06163905199242,30.190516381869546,598344000
2021-12-14,28.282215118408203,28.62255545688328,27.197316754829743,27.64544809567348,667035000
2021-12-15,30.400115966796875,30.441037070657124,27.784182622942243,28.345096432600926,698297000
2021-12-16,28.332115173339844,31.099754518870387,28.038684877718026,31.091770564933462,707366000
2021-12-17,27.747251510620117,28.866084513821278,27.706330412496648,27.930895789317223,713758000
2021-12-20,27.665407180786133,28.089584712553346,27.09251756222263,27.25220806149929,461847000
2021-12-21,29.01878547668457,29.063698547231173,27.348020394547447,28.319140617374146,524385000
2021-12-22,29.343154907226562,29.497855901035386,28.393993446436667,28.835140182439634,395184000
2021-12-23,29.582691192626953,30.00088169101399,29.374095654399202,29.697468614565754,343022000
2021-12-27,30.88516616821289,31.026891802908334,29.58268913888967,29.602650924882987,403686000
2021-12-28,30.263378143310547,31.269428770384458,29.95397610422819,31.251463920554766,420591000
2021-12-29,29.9429988861084,30.48894226101068,29.30922629538712,30.214474295872787,343139000
2021-12-30,29.528799057006836,30.39811536049081,29.482888465222835,29.76933233244258,308864000
2021-12-31,29.354137420654297,29.97194206030295,29.274292165132447,29.616629435851035,266530000
2022-01-03,30.062767028808594,30.651626527613114,29.727416179654284,29.757358865642377,391547000
2022-01-04,29.233373641967773,30.409095675209777,28.29419292188651,30.218464956704405,527154000
2022-01-05,27.55063247680664,29.359129558729837,27.479770596008006,28.893031463942076,498064000
2022-01-06,28.123519897460938,28.38301743954945,27.01267281731573,27.586559964920273,454186000
2022-01-07,27.19432258605957,28.367052077902994,27.004689383729875,28.086595203604723,409939000
2022-01-10,27.34702491760254,27.415891757825346,25.594419420833177,26.52960811483407,594681000
2022-01-11,27.763219833374023,28.010741462593767,26.787111899859354,27.27017541907624,404089000
2022-01-12,27.944868087768555,28.539714564955542,27.554623289676226,28.012735506788296,383413000
2022-01-13,26.523622512817383,28.424938300544927,26.44676981062193,28.324133734411912,540171000
2022-01-14,26.889909744262695,27.144417793034062,26.15932464358932,26.249150789783805,395832000
2022-01-18,25.852916717529297,26.586496212425658,25.720174450253865,26.20922681229784,424270000
2022-01-19,25.018539428710938,26.491685829524776,25.003569036171825,26.028584046386747,488315000
2022-01-20,24.103307723999023,25.529545731359246,24.031446427083026,25.255077800339837,435181000
2022-01-21,23.32880973815918,24.775007677466373,23.218024282355426,23.461552019986037,718958000
2022-01-24,23.326812744140625,23.334796698374127,20.847616010504623,22.286827510617645,913982000
2022-01-25,22.280839920043945,22.898644579433583,21.957466910396736,22.502410844337714,664616000
2022-01-26,22.72797203063965,24.010487462454297,22.256884472463902,23.195067611762184,755959000
2022-01-27,21.901575088500977,23.948610407504805,21.633094151119476,23.52243589687238,573353000
2022-01-28,22.795846939086914,22.813811792060246,21.254831102829137,21.96944656936075,543774000
2022-01-31,24.438657760620117,24.461614007193518,23.007430303531233,23.137178118250812,564680000
2022-02-01,24.59036636352539,25.0963861195441,23.843811420300632,25.0554650218014,518925000
2022-02-02,25.193201065063477,25.76708829461429,24.505532004420324,25.74413394762899,543419000
2022-02-03,23.90169906616211,25.028515976458163,23.734024607139915,24.410713264329317,410178000
2022-02-04,24.271982192993164,24.58737122731306,23.58631015608026,23.925652956622258,354829000
2022-02-07,24.680192947387695,25.133313778359717,24.155208910844877,24.324880318773864,376868000
2022-02-08,25.059459686279297,25.181223570518206,23.93364013673913,24.311907144504435,410359000
2022-02-09,26.65336799621582,26.673329784734484,25.303982693125686,25.57246170515625,524282000
2022-02-10,25.774072647094727,26.87294386426825,25.55050669154954,25.944743476270883,513200000
2022-02-11,23.902694702148438,26.101436285260135,23.727036302814017,25.865892523567283,605472000
2022-02-14,24.220088958740234,24.82691341838262,23.709077685149918,23.88773250791551,440424000
2022-02-15,26.443782806396484,26.493685388900154,24.736089934152872,24.90076997934418,699869000
2022-02-16,26.459741592407227,26.53060536722061,25.502596150742473,26.2082299220689,732676000
2022-02-17,24.459619522094727,25.735148587356477,24.118281669763785,25.58044757027019,810595000
2022-02-18,23.59629249572754,24.937693968010514,23.055340541376445,24.620307973876027,761255000
2022-02-22,23.34478187561035,24.017478686544916,22.955536432235384,22.990468617991528,633422000
2022-02-23,22.343717575073242,24.10830099326957,22.257885303841995,23.755982820677037,566511000
2022-02-24,23.702083587646484,23.75398309385858,20.84960958989138,20.97436790845925,735801000
2022-02-25,24.11029815673828,24.170181628932145,23.33579928489238,23.675142133426366,528866000
2022-02-28,24.337854385375977,24.617313720025166,23.661165729918974,23.945614559981106,477319000
2022-03-01,23.431610107421875,24.329871618461585,23.087277797297364,24.244037444614957,412056000
2022-03-02,24.17729377746582,24.365961607628535,23.373714780503384,23.714113121544962,389642000
2022-03-03,23.67218589782715,24.283106273216287,23.427617067609017,24.219218042700607,365095000
2022-03-04,22.895557403564453,23.63824497847324,22.44235747690305,23.342767392238667,431415000
2022-03-07,21.314348220825195,22.992385688642184,21.292387654278762,22.77676506442822,450821000
2022-03-08,21.476064682006836,22.333549276082426,20.613587838111286,21.271426231053603,557467000
2022-03-09,22.973421096801758,23.179057248104534,22.207773291766387,22.347525831099777,492742000
2022-03-10,22.61804962158203,22.74781956359875,21.843416915189174,22.491272744824204,428066000
2022-03-11,22.06102752685547,23.10418476897103,22.00712190165807,22.981400580014764,367209000
2022-03-14,21.29238510131836,22.222740754896257,21.121687126936163,21.830434149076265,385354000
2022-03-15,22.9324893951416,22.99737530841706,21.284401668232853,21.480055192344064,491996000
2022-03-16,24.452808380126953,24.553630127058703,23.131143481350605,23.458564260775105,671422000
2022-03-17,24.722328186035156,24.798192476295053,23.863844107563466,24.077467438937035,471941000
2022-03-18,26.40635871887207,26.522155321549292,24.58058493754998,24.755275626090135,730719000
2022-03-21,26.686861038208008,27.10412518053831,25.921213238309566,26.460262007525532,591727000
2022-03-22,26.47722625732422,27.18996785031838,26.026023674593535,26.679867392282006,547007000
2022-03-23,25.58879852294922,26.56507268180156,25.529902546610163,26.079929619211555,502120000
2022-03-24,28.100364685058594,28.270065012059774,25.861319580253287,26.11986368042065,877379000
2022-03-25,27.643169403076172,28.307995393290817,27.2229122356588,27.836827561473978,579016000
2022-03-28,28.169240951538086,28.200186425941997,27.158026699534492,27.7070580201299,425494000
2022-03-29,28.60546875,28.894956380033225,27.930660200124343,28.644399536496515,488984000
2022-03-30,27.64117431640625,28.44575284009706,27.454503782301863,28.25409196032564,463487000
2022-03-31,27.237884521484375,28.198188071817484,27.22191389271316,27.733010189112925,523440000
2022-04-01,26.664899826049805,27.447517830165626,26.220684779158603,27.326730894613775,517235000
2022-04-04,27.311752319335938,27.509403108384156,26.566069883562438,26.68086685708192,397120000
2022-04-05,25.885276794433594,27.27082988410383,25.774472454795866,27.205943962554,436615000
2022-04-06,24.36395835876465,25.255383221756784,23.960671474450642,24.89002943186702,703833000
2022-04-07,24.165313720703125,24.678407313051004,23.436601401606985,24.397902669017775,557992000
2022-04-08,23.07823371887207,23.88081687759532,23.021335019105305,23.874826939519217,524781000
2022-04-11,21.878353118896484,22.280642378826183,21.621806322763018,22.17483029611759,575207000
2022-04-12,21.466079711914062,22.684927279513232,21.244471063259667,22.497259071532707,662258000
2022-04-13,22.163846969604492,22.460324131590653,21.417166779097364,21.689686094459127,516943000
2022-04-14,21.220516204833984,22.736838829968864,21.125684399232618,22.465317170334803,569097000
2022-04-18,21.744596481323242,22.04905715249654,21.0418371945541,21.162624155216,525701000
2022-04-19,22.15886116027832,22.333551844356887,21.276419023596286,21.681703314644214,512781000
2022-04-20,21.44411849975586,22.630023279185664,21.16261619627235,22.477293204743273,468974000
2022-04-21,20.147409439086914,22.35251367670244,19.964731581536245,21.670717529613366,656209000
2022-04-22,19.480587005615234,20.44987543262351,19.465614065609277,20.267197567812772,624713000
2022-04-25,19.86690902709961,19.90983247795217,19.062330417825684,19.1681425122934,641566000
2022-04-26,18.754873275756836,19.753110084844213,18.637081301820754,19.683233812845796,653143000
2022-04-27,18.382526397705078,19.133199162742606,18.257746832922344,18.565202340141518,499460000
2022-04-28,19.74711799621582,20.001669421051762,18.457396362070916,18.933554552267157,570327000
2022-04-29,18.514299392700195,20.09251119840402,18.484351602327767,19.36779142646502,500435000
2022-05-02,19.498559951782227,19.53948612130761,18.358573351962736,18.508308488040186,572049000
2022-05-03,19.567432403564453,19.790040634737174,19.09925959232835,19.36578895282095,475751000
2022-05-04,20.29814338684082,20.364026989571897,18.717934609583033,19.887868830192616,648855000
2022-05-05,18.810771942138672,19.889865173375625,18.467378659821374,19.83196878609108,626331000
2022-05-06,18.642072677612305,19.477596826336676,17.958280958741344,18.702965948851222,633297000
2022-05-09,16.92011260986328,18.222809887329202,16.79732840064044,18.00220081323754,644455000
2022-05-10,17.563974380493164,18.16591176162213,16.994979755458832,17.657808494966158,761474000
2022-05-11,16.60067367553711,17.721694464260565,16.538784636687943,17.316410271106523,670167000
2022-05-12,16.146480560302734,16.758400627921947,15.539553695242823,16.19040360695308,708728000
2022-05-13,17.674779891967773,17.896388580108713,16.5637433859514,16.758399254402644,670437000
2022-05-16,17.233562469482422,17.756638793540063,17.075841992587314,17.478131357511366,521446000
2022-05-17,18.144948959350586,18.33860712731935,17.60290714990144,18.042129937144267,585830000
2022-05-18,16.908132553100586,18.08605213605823,16.834263633079882,17.673780282023053,545161000
2022-05-19,17.09380531311035,17.655812285056605,16.704491716469843,16.90713478134416,621310000
2022-05-20,16.664562225341797,17.379299242685832,15.727217918276924,17.301437670488205,739105000
2022-05-23,16.86820411682129,16.885174338377944,16.150472081742095,16.245303880807757,639889000
2022-05-24,16.125516891479492,16.56773659401327,15.75217672510654,16.48089009745048,588550000
2022-05-25,16.945068359375,17.08082823067403,15.971787196303193,15.991752387255069,781132000
2022-05-26,17.819522857666016,18.06009712140226,15.993747492579688,16.00772274521179,996575000
2022-05-27,18.777833938598633,18.8477102124589,18.068087106701686,18.153935916295296,738379000
2022-05-31,18.639074325561523,19.16614311852199,18.31764164379846,18.94652985213168,664100000
2022-06-01,18.287696838378906,19.019404173433802,18.090046008838897,18.690985716581736,544514000
2022-06-02,19.557451248168945,19.584404063861257,18.165910274840577,18.259744381633755,648656000
2022-06-03,18.68699073791504,19.297913027935877,18.489339912786797,19.04835384760268,598779000
2022-06-06,18.75287628173828,19.302905366003518,18.53126758487554,19.105254520476123,422406000
2022-06-07,18.892627716064453,18.96649663523193,18.15592818906813,18.439427797960548,388914000
2022-06-08,18.619054794311523,19.15022859840962,18.506229327517012,18.76981947875276,363252000
2022-06-09,18.019981384277344,18.903607678210435,18.012992282026815,18.452309729129784,395574000
2022-06-10,16.94765281677246,17.669530104023234,16.842814357055154,17.572680551655733,465248000
2022-06-13,15.622713088989258,16.286680840029465,15.581776363415553,15.9751648511992,604153000
2022-06-14,15.811419486999512,16.04106201936239,15.388076889347474,15.706581974951327,469680000
2022-06-15,16.501344680786133,16.841814932140252,15.901276860613777,16.070014185322673,563936000
2022-06-16,15.576784133911133,15.91725539358905,15.377094762123194,15.835381941791066,545749000
2022-06-17,15.85534954071045,15.970170797325055,15.304206366327632,15.62370932462703,630334000
2022-06-21,16.540283203125,16.98159648601052,16.381529635956024,16.449424866117347,483089000
2022-06-22,16.334604263305664,16.63613550115512,16.154883380504458,16.200811500397187,437135000
2022-06-23,16.19981575012207,16.559255659016674,15.828392479583755,16.493358120207393,463680000
2022-06-24,17.099416732788086,17.113394941258946,16.284683330908774,16.474388949004762,472153000
2022-06-27,16.84281349182129,17.303098316739902,16.60019067372971,17.285126608804937,427968000
2022-06-28,15.95719051361084,17.175295947359764,15.920247295866085,16.873764714738712,461149000
2022-06-29,15.51787281036377,15.795441128330172,15.146450552730412,15.789450876778472,482352000
2022-06-30,15.135469436645508,15.542836100215856,14.838930531324044,15.337155541620188,686070000
2022-07-01,14.500454902648926,15.039616592506377,14.369658695440403,14.875871620652088,577610000
2022-07-05,14.940771102905273,14.947760206321728,14.033182701418724,14.15299631092678,651397000
2022-07-06,15.106514930725098,15.295221689457538,14.766043683803519,14.986701312141356,529066000
2022-07-07,15.833383560180664,15.92024840415713,15.36511172210343,15.432008107054722,492903000
2022-07-08,15.81341552734375,16.012106984675512,15.365112136209438,15.406048858995538,467972000
2022-07-11,15.1284818649292,15.502899799154374,15.014658492987547,15.501900947599497,437321000
2022-07-12,15.058588981628418,15.407047229010848,14.85390726583204,15.244300136553319,458483000
2022-07-13,15.140460968017578,15.35113388131245,14.442546597436209,14.567352563950944,521918000
2022-07-14,15.348138809204102,15.44898186604473,14.705138394189763,15.084548659761676,456235000
2022-07-15,15.737530708312988,15.757499164605429,15.421022439601394,15.63469092075148,385935000
2022-07-18,16.076007843017578,16.870771818679195,15.977162485969991,16.276696063894367,670517000
2022-07-19,16.965627670288086,17.083444555559367,16.14690067891498,16.460412503740734,702366000
2022-07-20,17.77935791015625,17.90516367987839,16.774920881624166,16.920694158582595,760538000
2022-07-21,18.0219783782959,18.115832315371943,17.517763179344158,17.85723551494267,557049000
2022-07-22,17.2921142578125,17.939107115384,17.11039568213851,17.86522258702626,536671000
2022-07-25,16.997573852539062,17.097419003652497,16.623155964154584,16.992580547570068,480748000
2022-07-26,16.507335662841797,16.89273612928647,16.45242073831852,16.86278201471348,397865000
2022-07-27,17.76238441467285,17.908157678578863,16.886745027673552,17.005559778739524,569776000
2022-07-28,17.956083297729492,18.11184128131467,17.412929010303365,17.947098395523145,474646000
2022-07-29,18.134807586669922,18.21568123422587,17.66453800022714,17.785350474084527,435460000
2022-08-01,18.41237449645996,18.816746510993376,17.9620743588274,18.153775758484443,476469000
2022-08-02,18.49724006652832,18.90860114970087,18.06391377512959,18.093867889937076,489527000
2022-08-03,18.863670349121094,18.938554681641246,18.10884343781565,18.155771359130984,418146000
2022-08-04,19.185176849365234,19.244085291616933,18.730883123972124,18.819745689269663,409652000
2022-08-05,18.959524154663086,19.199151379943174,18.63702558545363,18.780801158866524,386068000
2022-08-08,17.765380859375,18.210689626521116,17.21523743534715,17.474834090197074,981859000
2022-08-09,17.059478759765625,17.41991845975433,16.698041160487055,17.22522145250511,668263000
2022-08-10,18.068910598754883,18.089877911887235,17.290120601578668,17.67052974485206,597422000
2022-08-11,17.91415023803711,18.67796411597319,17.848252697095948,18.10285795787067,509327000
2022-08-12,18.679960250854492,18.688947058394234,17.925133166712452,18.13181260063338,478094000
2022-08-15,19.002456665039062,19.134251734089823,18.584108348581022,18.67197109315223,457666000
2022-08-16,18.849693298339844,19.112285523433606,18.472279819564992,18.8906300185085,451240000
2022-08-17,18.30653953552246,18.658992249502052,18.116835824302285,18.494249352454208,446799000
2022-08-18,18.74386215209961,18.835718409468257,18.15477776988283,18.272594646326187,415447000
2022-08-19,17.8212947845459,18.491252751209018,17.742416940160584,18.37742938799248,441588000
2022-08-22,17.007558822631836,17.530745594391743,16.93966358559003,17.462850357349936,409593000
2022-08-23,17.15433120727539,17.43789077526951,16.94365828212294,16.962629795617797,369986000
2022-08-24,17.195270538330078,17.378984974458614,16.868778397240728,16.985595480724132,522661000
2022-08-25,17.88519287109375,17.919140487325382,16.806869484666464,16.81785208888546,770691000
2022-08-26,16.234760284423828,17.89617686185633,16.21179527063193,17.82928142778485,769127000
2022-08-29,15.776472091674805,16.312638221113218,15.742525425220169,15.995132957792901,496132000
2022-08-30,15.443989753723145,16.014102549024937,15.158433454249854,15.935225659002597,530181000
2022-08-31,15.07056999206543,15.51587778140862,14.935779319161014,15.360119797456045,573710000
2022-09-01,13.915366172790527,14.357678353574007,13.249401725179203,14.186943313242518,1178865000
2022-09-02,13.62581729888916,14.149003156104582,13.569903514231424,14.07811421619894,743157000
2022-09-06,13.444099426269531,13.757612156734154,13.330276060121674,13.709686328420531,535751000
2022-09-07,13.696781158447266,13.820626019078334,13.329243169761526,13.545970723388965,512657000
2022-09-08,13.972434997558594,13.990413000100926,13.352215340579692,13.442101543383522,624873000
2022-09-09,14.368935585021973,14.455826240046429,14.108263619948604,14.139223880637113,486612000
2022-09-12,14.486784934997559,14.528732009100274,14.18017030135479,14.350956041957327,484159000
2022-09-13,13.11451244354248,13.904519639420537,13.082553033818995,13.784670424242124,714956000
2022-09-14,13.111517906188965,13.273314216178907,12.896787688730967,13.237359163133265,588507000
2022-09-15,12.912765502929688,13.21638368394048,12.773940100304305,12.998657958319333,523625000
2022-09-16,13.181429862976074,13.195412225015103,12.601158980925465,12.726002043403634,670751000
2022-09-19,13.365198135375977,13.446096763090381,12.99366546083005,12.995662804943986,569685000
2022-09-20,13.159455299377441,13.46606997721802,13.040605238954448,13.198406839856672,524818000
2022-09-21,13.244349479675293,14.013383142940281,13.09353904887106,13.196410364553508,807679000
2022-09-22,12.545228004455566,13.132489995982901,12.412395581267017,13.053588717680212,759162000
2022-09-23,12.500284194946289,12.595165175770894,12.241609581149898,12.40440501838907,663309000
2022-09-26,12.212646484375,12.643106039060946,12.198664123420288,12.475316755127498,547343000
2022-09-27,12.397415161132812,12.720009577879809,12.242610035621365,12.491297003764968,553854000
2022-09-28,12.72000789642334,12.80689854678782,12.338487591385359,12.39441703024492,542414000
2022-09-29,12.204656600952148,12.48430476090285,11.93100047295723,12.432370007378605,532763000
2022-09-30,12.123757362365723,12.617137495774331,12.05983759570121,12.071822611480606,565638000
2022-10-03,12.496289253234863,12.66208117925796,12.089799766259942,12.331496475400929,547478000
2022-10-04,13.150465965270996,13.203399862538964,12.86282750128622,12.86282750128622,584182000
2022-10-05,13.192415237426758,13.304275082018679,12.60515414886924,12.89479000485159,507131000
2022-10-06,13.113513946533203,13.63885351819357,13.086547421310968,13.203401093971486,644157000
2022-10-07,12.060837745666504,12.654091789877265,12.006905646417971,12.48929899981872,672478000
2022-10-10,11.65534782409668,12.108777324986262,11.393676694010551,12.021886664391426,698699000
2022-10-11,11.571452140808105,11.831124940290422,11.268832162087126,11.546482961306186,667482000
2022-10-12,11.485559463500977,11.720264031385222,11.330754363512508,11.564460735722209,492590000
2022-10-13,11.94498348236084,12.062835356186497,10.799423302844042,10.95722491597618,850103000
2022-10-14,11.212902069091797,12.095791821712067,11.189931187273059,12.041859730605278,713432000
2022-10-17,11.873071670532227,11.932996747101859,11.502538201372328,11.503536397037033,580774000
2022-10-18,11.951973915100098,12.476314329749629,11.603412151905342,12.328500398811965,659362000
2022-10-19,12.035866737365723,12.334492010680163,11.81913922499752,11.864082792963758,523131000
2022-10-20,12.178689002990723,12.752966821066378,12.089800053684597,12.097790381957378,652398000
2022-10-21,12.450346946716309,12.482307307631256,11.872074435302578,12.082808987293975,609494000
2022-10-24,12.58318042755127,12.694041114749616,12.048852336359209,12.492295085152598,517457000
2022-10-25,13.244349479675293,13.283301022718456,12.648098936943423,12.678061955431058,505482000
2022-10-26,12.879810333251953,13.371192305487899,12.692046621845618,12.85284475468721,532953000
2022-10-27,13.159455299377441,13.820624719501696,13.105523203117375,13.612885710217384,583113000
2022-10-28,13.816630363464355,13.832611021415424,13.04460113938634,13.087547371735592,521040000
2022-10-31,13.480052947998047,13.820625345662009,13.280304257896672,13.760700262393152,486341000
2022-11-01,13.525996208190918,13.907516554815446,13.502026173930659,13.793659368317671,432817000
2022-11-02,13.202402114868164,14.19215799265486,13.194412738756908,13.832610350772429,672628000
2022-11-03,13.404147148132324,13.763695715649225,12.939731835884348,13.026622485707117,500065000
2022-11-04,14.138227462768555,14.211135766496513,13.679803144589222,13.968440819365393,612576000
2022-11-07,14.28304386138916,14.39390455505636,13.93648037167957,14.210135563074418,410061000
2022-11-08,14.583666801452637,14.872303507657966,14.198150808496923,14.782416354106235,595292000
2022-11-09,13.758703231811523,14.193157476096932,13.741724378458798,14.14421826011374,454414000
2022-11-10,15.730224609375,15.753195494812513,14.528735003966306,14.781417601209665,700819000
2022-11-11,16.306499481201172,16.368421908305677,15.462561149104959,15.787152888563263,655487000
2022-11-14,16.274539947509766,16.51923316178462,15.902008144433236,16.197636964580276,527852000
2022-11-15,16.64507293701172,16.97665487250418,16.3614291584318,16.701002374204336,545876000
2022-11-16,15.890023231506348,16.341455364463524,15.853069985925872,16.14170762768842,649547000
2022-11-17,15.657315254211426,16.245576378644603,15.515493358092419,15.695267646270135,710894000
2022-11-18,15.389652252197266,15.981908069637043,15.101014621390979,15.945952068716577,492072000
2022-11-21,15.297768592834473,15.45756754683471,15.06106570167587,15.127981966089996,404739000
2022-11-22,16.017866134643555,16.037841483998616,15.103015707686659,15.308757424649226,472866000
2022-11-23,16.498258590698242,16.506249872107517,16.02785119143118,16.07778765170836,427241000
2022-11-25,16.24957275390625,16.466299355969085,16.151696223942388,16.29751282305904,167934000
2022-11-28,15.807127952575684,16.336463192763517,15.70525673572653,16.00587750224232,303741000
2022-11-29,15.619361877441406,15.911994175144146,15.500511825177009,15.8071255294929,298384000
2022-11-30,16.906076431274414,16.91306940041339,15.581402288704355,15.681301711729667,565298000
2022-12-01,17.117862701416016,17.247731843848307,16.618362775160893,16.98199904158871,470977000
2022-12-02,16.859121322631836,16.91606542821989,16.428552620891118,16.642339295101205,371389000
2022-12-05,16.593393325805664,16.97800861741379,16.455530815446878,16.662324580985057,352255000
2022-12-06,15.971014022827148,16.55642753261855,15.803181795933243,16.513471262807453,352694000
2022-12-07,16.103879928588867,16.169813909620327,15.651331932839504,15.75622742232806,372388000
2022-12-08,17.15182876586914,17.161818992856777,15.943037976538454,16.2567250065392,515456000
2022-12-09,16.983993530273438,17.565412093502086,16.958020467654244,17.14283488058237,465338000
2022-12-12,17.517465591430664,17.520462850697957,16.78020459668349,17.019964378211757,457328000
2022-12-13,18.05392837524414,18.77121078174227,17.693289316822757,18.512469006153694,656589000
2022-12-14,17.656326293945312,18.2337493318541,17.402580576281,17.969013028546826,496888000
2022-12-15,16.93504524230957,17.302677220211773,16.68329837585279,17.128851458484657,478542000
2022-12-16,16.554428100585938,17.02395931877001,16.39358980223308,16.84713627352837,478232000
2022-12-19,16.237743377685547,16.592387869431995,16.128853140261523,16.555426124711342,354039000
2022-12-20,16.068910598754883,16.293685931071373,15.836144800146958,16.047931694768067,403260000
2022-12-21,16.484498977661133,16.610374338355122,16.08589779725307,16.097886834196,325025000
2022-12-22,15.32365894317627,16.121860588450037,14.867116217993509,16.0779039686439,565045000
2022-12-23,15.19079303741455,15.323659446874593,14.868116110553647,15.180802809610176,349326000
2022-12-27,14.106877326965332,15.084898282356406,14.041941802476122,15.058924263104824,464902000
2022-12-28,14.02196216583252,14.247735964571142,13.870113761600244,13.913070976241796,351066000
2022-12-29,14.588396072387695,14.668315992800219,14.212772636992952,14.387597820165574,354923000
2022-12-30,14.599386215209961,14.61437060536108,14.218766699664881,14.319665531261037,310490000
