Date,UBSFY_Close,UBSFY_High,UBSFY_Low,UBSFY_Open,UBSFY_Volume
2015-01-02,3.5999999046325684,3.5999999046325684,3.5999999046325684,3.5999999046325684,100
2015-01-05,3.509999990463257,3.549999952316284,3.509999990463257,3.5199999809265137,1900
2015-01-06,3.630000114440918,3.6500000953674316,3.619999885559082,3.6500000953674316,8800
2015-01-07,3.640000104904175,3.640000104904175,3.640000104904175,3.640000104904175,2500
2015-01-08,3.7100000381469727,3.7300000190734863,3.680000066757202,3.680000066757202,18800
2015-01-09,3.7799999713897705,3.7899999618530273,3.75,3.75,7800
2015-01-12,3.7799999713897705,3.7799999713897705,3.7799999713897705,3.7799999713897705,200
2015-01-13,3.759999990463257,3.799999952316284,3.759999990463257,3.799999952316284,1500
2015-01-14,3.7300000190734863,3.75,3.690000057220459,3.75,6100
2015-01-15,3.700000047683716,3.700000047683716,3.700000047683716,3.700000047683716,200
2015-01-16,3.619999885559082,3.619999885559082,3.5999999046325684,3.5999999046325684,2400
2015-01-20,3.5899999141693115,3.5899999141693115,3.559999942779541,3.559999942779541,1700
2015-01-21,3.6500000953674316,3.6500000953674316,3.5999999046325684,3.5999999046325684,3100
2015-01-22,3.5999999046325684,3.5999999046325684,3.5999999046325684,3.5999999046325684,100
2015-01-23,3.609999895095825,3.619999885559082,3.609999895095825,3.619999885559082,3400
2015-01-26,3.7300000190734863,3.7300000190734863,3.7300000190734863,3.7300000190734863,200
2015-01-27,3.7300000190734863,3.7300000190734863,3.7300000190734863,3.7300000190734863,0
2015-01-28,3.7899999618530273,3.7899999618530273,3.690000057220459,3.690000057220459,2000
2015-01-29,3.8299999237060547,3.8499999046325684,3.799999952316284,3.799999952316284,23300
2015-01-30,3.9700000286102295,4.0,3.890000104904175,3.890000104904175,16700
2015-02-02,3.940000057220459,3.9700000286102295,3.930000066757202,3.930000066757202,9900
2015-02-03,3.9700000286102295,3.9700000286102295,3.9700000286102295,3.9700000286102295,4200
2015-02-04,4.050000190734863,4.079999923706055,4.03000020980835,4.059999942779541,4300
2015-02-05,4.090000152587891,4.090000152587891,4.070000171661377,4.070000171661377,900
2015-02-06,3.9700000286102295,3.9700000286102295,3.9700000286102295,3.9700000286102295,500
2015-02-09,3.880000114440918,3.9000000953674316,3.8299999237060547,3.8299999237060547,4800
2015-02-10,3.890000104904175,3.890000104904175,3.890000104904175,3.890000104904175,5600
2015-02-11,3.869999885559082,3.869999885559082,3.8499999046325684,3.8499999046325684,4400
2015-02-12,4.150000095367432,4.150000095367432,4.050000190734863,4.050000190734863,19000
2015-02-13,3.9800000190734863,4.03000020980835,3.9700000286102295,4.03000020980835,9200
2015-02-17,3.9100000858306885,3.940000057220459,3.9100000858306885,3.940000057220459,1200
2015-02-18,3.940000057220459,3.940000057220459,3.940000057220459,3.940000057220459,1100
2015-02-19,3.950000047683716,3.950000047683716,3.950000047683716,3.950000047683716,300
2015-02-20,3.759999990463257,3.7899999618530273,3.740000009536743,3.7899999618530273,1200
2015-02-23,3.7300000190734863,3.7300000190734863,3.7100000381469727,3.7100000381469727,2500
2015-02-24,3.819999933242798,3.819999933242798,3.7699999809265137,3.7699999809265137,5600
2015-02-25,3.7699999809265137,3.7899999618530273,3.7699999809265137,3.7899999618530273,2400
2015-02-26,3.6600000858306885,3.6700000762939453,3.6600000858306885,3.6700000762939453,2100
2015-02-27,3.640000104904175,3.6500000953674316,3.640000104904175,3.6500000953674316,1100
2015-03-02,3.690000057220459,3.690000057220459,3.680000066757202,3.690000057220459,34900
2015-03-03,3.619999885559082,3.6500000953674316,3.609999895095825,3.609999895095825,6200
2015-03-04,3.619999885559082,3.640000104904175,3.609999895095825,3.609999895095825,12300
2015-03-05,3.6500000953674316,3.6600000858306885,3.5899999141693115,3.5999999046325684,64500
2015-03-06,3.6600000858306885,3.6600000858306885,3.5899999141693115,3.5899999141693115,8800
2015-03-09,3.5999999046325684,3.6500000953674316,3.5999999046325684,3.6500000953674316,3100
2015-03-10,3.5999999046325684,3.5999999046325684,3.5999999046325684,3.5999999046325684,0
2015-03-11,3.630000114440918,3.630000114440918,3.630000114440918,3.630000114440918,2000
2015-03-12,3.559999942779541,3.559999942779541,3.549999952316284,3.549999952316284,900
2015-03-13,3.490000009536743,3.5199999809265137,3.490000009536743,3.5199999809265137,2200
2015-03-16,3.5,3.5199999809265137,3.5,3.5199999809265137,3700
2015-03-17,3.5299999713897705,3.5299999713897705,3.5299999713897705,3.5299999713897705,2000
2015-03-18,3.559999942779541,3.559999942779541,3.559999942779541,3.559999942779541,100
2015-03-19,3.5299999713897705,3.559999942779541,3.5299999713897705,3.559999942779541,600
2015-03-20,3.680000066757202,3.7200000286102295,3.619999885559082,3.619999885559082,1200
2015-03-23,3.6700000762939453,3.680000066757202,3.6700000762939453,3.680000066757202,10100
2015-03-24,3.680000066757202,3.680000066757202,3.630000114440918,3.6600000858306885,10200
2015-03-25,3.740000009536743,3.75,3.7300000190734863,3.75,2500
2015-03-26,3.569999933242798,3.569999933242798,3.569999933242798,3.569999933242798,500
2015-03-27,3.569999933242798,3.569999933242798,3.569999933242798,3.569999933242798,0
2015-03-30,3.569999933242798,3.569999933242798,3.569999933242798,3.569999933242798,0
2015-03-31,3.609999895095825,3.609999895095825,3.609999895095825,3.609999895095825,1200
2015-04-01,3.630000114440918,3.630000114440918,3.5999999046325684,3.619999885559082,8700
2015-04-02,3.630000114440918,3.630000114440918,3.630000114440918,3.630000114440918,0
2015-04-06,3.740000009536743,3.740000009536743,3.740000009536743,3.740000009536743,300
2015-04-07,3.7200000286102295,3.759999990463257,3.7200000286102295,3.759999990463257,800
2015-04-08,3.7200000286102295,3.7200000286102295,3.7200000286102295,3.7200000286102295,0
2015-04-09,3.7799999713897705,3.7899999618530273,3.75,3.7899999618530273,1700
2015-04-10,3.7799999713897705,3.7799999713897705,3.7799999713897705,3.7799999713897705,0
2015-04-13,3.7799999713897705,3.7799999713897705,3.7100000381469727,3.75,4700
2015-04-14,3.7699999809265137,3.7899999618530273,3.759999990463257,3.759999990463257,9200
2015-04-15,3.75,3.7699999809265137,3.700000047683716,3.700000047683716,4800
2015-04-16,3.7200000286102295,3.7200000286102295,3.7200000286102295,3.7200000286102295,2400
2015-04-17,3.680000066757202,3.680000066757202,3.680000066757202,3.680000066757202,400
2015-04-20,3.690000057220459,3.700000047683716,3.690000057220459,3.700000047683716,4600
2015-04-21,3.759999990463257,3.7699999809265137,3.7100000381469727,3.759999990463257,1200
2015-04-22,3.740000009536743,3.740000009536743,3.690000057220459,3.690000057220459,1300
2015-04-23,3.75,3.75,3.75,3.75,3100
2015-04-24,3.75,3.75,3.75,3.75,1400
2015-04-27,3.7200000286102295,3.7200000286102295,3.700000047683716,3.700000047683716,700
2015-04-28,3.7200000286102295,3.7200000286102295,3.7200000286102295,3.7200000286102295,0
2015-04-29,3.7200000286102295,3.7200000286102295,3.7200000286102295,3.7200000286102295,0
2015-04-30,3.5899999141693115,3.680000066757202,3.5899999141693115,3.680000066757202,900
2015-05-01,3.5899999141693115,3.5899999141693115,3.5899999141693115,3.5899999141693115,0
2015-05-04,3.5899999141693115,3.5899999141693115,3.5899999141693115,3.5899999141693115,0
2015-05-05,3.609999895095825,3.690000057220459,3.609999895095825,3.690000057220459,1300
2015-05-06,3.6600000858306885,3.6600000858306885,3.6600000858306885,3.6600000858306885,7100
2015-05-07,3.75,3.7899999618530273,3.75,3.7899999618530273,700
2015-05-08,3.7799999713897705,3.7799999713897705,3.7799999713897705,3.7799999713897705,1200
2015-05-11,3.7799999713897705,3.7799999713897705,3.7799999713897705,3.7799999713897705,0
2015-05-12,3.7200000286102295,3.75,3.680000066757202,3.680000066757202,6300
2015-05-13,3.549999952316284,3.549999952316284,3.5,3.5,2400
2015-05-14,3.4800000190734863,3.4800000190734863,3.4800000190734863,3.4800000190734863,1300
2015-05-15,3.619999885559082,3.619999885559082,3.619999885559082,3.619999885559082,400
2015-05-18,3.630000114440918,3.630000114440918,3.5999999046325684,3.5999999046325684,2700
2015-05-19,3.630000114440918,3.630000114440918,3.630000114440918,3.630000114440918,0
2015-05-20,3.5999999046325684,3.5999999046325684,3.5999999046325684,3.5999999046325684,200
2015-05-21,3.5799999237060547,3.609999895095825,3.549999952316284,3.549999952316284,53400
2015-05-22,3.5799999237060547,3.5799999237060547,3.5799999237060547,3.5799999237060547,0
2015-05-26,3.509999990463257,3.559999942779541,3.509999990463257,3.559999942779541,13600
2015-05-27,3.4800000190734863,3.4800000190734863,3.440000057220459,3.440000057220459,5000
2015-05-28,3.5799999237060547,3.5799999237060547,3.5799999237060547,3.5799999237060547,1200
2015-05-29,3.5399999618530273,3.5999999046325684,3.5399999618530273,3.5999999046325684,700
2015-06-01,3.5399999618530273,3.5999999046325684,3.5399999618530273,3.5999999046325684,2300
2015-06-02,3.5399999618530273,3.5399999618530273,3.5399999618530273,3.5399999618530273,0
2015-06-03,3.6700000762939453,3.6700000762939453,3.609999895095825,3.609999895095825,3500
2015-06-04,3.6700000762939453,3.6700000762939453,3.6700000762939453,3.6700000762939453,0
2015-06-05,3.5199999809265137,3.5199999809265137,3.490000009536743,3.490000009536743,900
2015-06-08,3.5299999713897705,3.5299999713897705,3.5299999713897705,3.5299999713897705,200
2015-06-09,3.5299999713897705,3.5299999713897705,3.5299999713897705,3.5299999713897705,0
2015-06-10,3.609999895095825,3.609999895095825,3.609999895095825,3.609999895095825,300
2015-06-11,3.6700000762939453,3.6700000762939453,3.609999895095825,3.640000104904175,4200
2015-06-12,3.690000057220459,3.690000057220459,3.619999885559082,3.6500000953674316,5600
2015-06-15,3.4600000381469727,3.4600000381469727,3.4600000381469727,3.4600000381469727,400
2015-06-16,3.4600000381469727,3.4600000381469727,3.4600000381469727,3.4600000381469727,0
2015-06-17,3.4600000381469727,3.4600000381469727,3.4600000381469727,3.4600000381469727,0
2015-06-18,3.4600000381469727,3.4600000381469727,3.4600000381469727,3.4600000381469727,0
2015-06-19,3.5799999237060547,3.5899999141693115,3.5799999237060547,3.5899999141693115,3600
2015-06-22,3.549999952316284,3.5899999141693115,3.5199999809265137,3.5199999809265137,4200
2015-06-23,3.549999952316284,3.549999952316284,3.549999952316284,3.549999952316284,0
2015-06-24,3.630000114440918,3.630000114440918,3.630000114440918,3.630000114440918,6700
2015-06-25,3.6700000762939453,3.6700000762939453,3.609999895095825,3.609999895095825,2200
2015-06-26,3.619999885559082,3.6500000953674316,3.5399999618530273,3.6500000953674316,1600
2015-06-29,3.619999885559082,3.619999885559082,3.619999885559082,3.619999885559082,0
2015-06-30,3.549999952316284,3.549999952316284,3.5199999809265137,3.5199999809265137,1000
2015-07-01,3.549999952316284,3.549999952316284,3.549999952316284,3.549999952316284,0
2015-07-02,3.5,3.5199999809265137,3.5,3.509999990463257,8100
2015-07-06,3.25,3.3399999141693115,3.25,3.3399999141693115,6600
2015-07-07,3.259999990463257,3.259999990463257,3.240000009536743,3.240000009536743,300
2015-07-08,3.299999952316284,3.299999952316284,3.25,3.2699999809265137,1800
2015-07-09,3.2899999618530273,3.2899999618530273,3.2799999713897705,3.2799999713897705,7100
2015-07-10,3.690000057220459,3.7200000286102295,3.690000057220459,3.690000057220459,4000
2015-07-13,3.6600000858306885,3.6600000858306885,3.640000104904175,3.640000104904175,2500
2015-07-14,3.740000009536743,3.740000009536743,3.6600000858306885,3.6600000858306885,700
2015-07-15,3.740000009536743,3.740000009536743,3.740000009536743,3.740000009536743,0
2015-07-16,3.7799999713897705,3.7899999618530273,3.7799999713897705,3.7899999618530273,3700
2015-07-17,3.690000057220459,3.690000057220459,3.690000057220459,3.690000057220459,2200
2015-07-20,3.759999990463257,3.759999990463257,3.759999990463257,3.759999990463257,300
2015-07-21,3.7699999809265137,3.7699999809265137,3.7200000286102295,3.7699999809265137,1300
2015-07-22,3.7899999618530273,3.7899999618530273,3.740000009536743,3.740000009536743,3100
2015-07-23,3.8499999046325684,3.880000114440918,3.8399999141693115,3.8399999141693115,5300
2015-07-24,3.9000000953674316,3.9000000953674316,3.9000000953674316,3.9000000953674316,400
2015-07-27,3.9000000953674316,3.9000000953674316,3.9000000953674316,3.9000000953674316,0
2015-07-28,3.8299999237060547,3.8299999237060547,3.7899999618530273,3.809999942779541,2300
2015-07-29,3.819999933242798,3.8399999141693115,3.819999933242798,3.8399999141693115,1000
2015-07-30,3.8499999046325684,3.8499999046325684,3.819999933242798,3.819999933242798,1500
2015-07-31,3.8499999046325684,3.8499999046325684,3.8499999046325684,3.8499999046325684,0
2015-08-03,3.869999885559082,3.930000066757202,3.869999885559082,3.9000000953674316,9800
2015-08-04,3.950000047683716,3.950000047683716,3.9200000762939453,3.9200000762939453,1300
2015-08-05,4.050000190734863,4.070000171661377,3.950000047683716,3.950000047683716,3600
2015-08-06,4.039999961853027,4.050000190734863,4.0,4.0,5900
2015-08-07,3.9200000762939453,3.9200000762939453,3.869999885559082,3.9100000858306885,1500
2015-08-10,3.9700000286102295,3.9700000286102295,3.9700000286102295,3.9700000286102295,600
2015-08-11,3.9100000858306885,3.9100000858306885,3.9100000858306885,3.9100000858306885,1000
2015-08-12,3.9100000858306885,3.9100000858306885,3.9100000858306885,3.9100000858306885,0
2015-08-13,3.8499999046325684,3.890000104904175,3.8499999046325684,3.890000104904175,2400
2015-08-14,3.9100000858306885,3.9100000858306885,3.859999895095825,3.859999895095825,900
2015-08-17,3.880000114440918,3.880000114440918,3.869999885559082,3.869999885559082,300
2015-08-18,3.880000114440918,3.880000114440918,3.880000114440918,3.880000114440918,0
2015-08-19,3.880000114440918,3.880000114440918,3.880000114440918,3.880000114440918,700
2015-08-20,3.880000114440918,3.880000114440918,3.859999895095825,3.859999895095825,600
2015-08-21,3.690000057220459,3.8299999237060547,3.690000057220459,3.819999933242798,9100
2015-08-24,3.680000066757202,3.819999933242798,3.680000066757202,3.819999933242798,1700
2015-08-25,3.619999885559082,3.7100000381469727,3.619999885559082,3.7100000381469727,2600
2015-08-26,3.700000047683716,3.809999942779541,3.680000066757202,3.809999942779541,6200
2015-08-27,3.7200000286102295,3.7200000286102295,3.7200000286102295,3.7200000286102295,200
2015-08-28,3.7200000286102295,3.7200000286102295,3.680000066757202,3.680000066757202,700
2015-08-31,3.6700000762939453,3.7300000190734863,3.6700000762939453,3.7300000190734863,1100
2015-09-01,3.630000114440918,3.630000114440918,3.630000114440918,3.630000114440918,400
2015-09-02,3.630000114440918,3.630000114440918,3.630000114440918,3.630000114440918,0
2015-09-03,3.5999999046325684,3.6500000953674316,3.5999999046325684,3.6500000953674316,1400
2015-09-04,3.6700000762939453,3.680000066757202,3.6700000762939453,3.680000066757202,1900
2015-09-08,3.6700000762939453,3.6700000762939453,3.5999999046325684,3.5999999046325684,800
2015-09-09,3.619999885559082,3.619999885559082,3.619999885559082,3.619999885559082,600
2015-09-10,3.630000114440918,3.680000066757202,3.630000114440918,3.680000066757202,800
2015-09-11,3.5999999046325684,3.5999999046325684,3.559999942779541,3.559999942779541,1700
2015-09-14,3.6500000953674316,3.6600000858306885,3.619999885559082,3.619999885559082,2000
2015-09-15,3.6500000953674316,3.6500000953674316,3.6500000953674316,3.6500000953674316,0
2015-09-16,3.7799999713897705,3.8299999237060547,3.7699999809265137,3.7699999809265137,7000
2015-09-17,3.869999885559082,3.880000114440918,3.869999885559082,3.869999885559082,2100
2015-09-18,3.8399999141693115,3.880000114440918,3.819999933242798,3.8499999046325684,5600
2015-09-21,3.890000104904175,3.890000104904175,3.890000104904175,3.890000104904175,2500
2015-09-22,3.9600000381469727,4.03000020980835,3.9200000762939453,3.9600000381469727,9500
2015-09-23,3.990000009536743,4.070000171661377,3.990000009536743,4.050000190734863,4900
2015-09-24,4.050000190734863,4.070000171661377,4.050000190734863,4.070000171661377,2300
2015-09-25,4.090000152587891,4.099999904632568,4.090000152587891,4.099999904632568,5100
2015-09-28,4.090000152587891,4.099999904632568,4.090000152587891,4.099999904632568,8300
2015-09-29,3.9600000381469727,4.059999942779541,3.9600000381469727,4.059999942779541,1200
2015-09-30,4.019999980926514,4.019999980926514,3.9600000381469727,4.0,1900
2015-10-01,4.090000152587891,4.150000095367432,4.090000152587891,4.150000095367432,4700
2015-10-02,4.099999904632568,4.099999904632568,4.059999942779541,4.090000152587891,4000
2015-10-05,4.110000133514404,4.110000133514404,4.110000133514404,4.110000133514404,1200
2015-10-06,4.429999828338623,4.489999771118164,4.360000133514404,4.360000133514404,26800
2015-10-07,4.510000228881836,4.519999980926514,4.489999771118164,4.489999771118164,4600
2015-10-08,4.730000019073486,4.730000019073486,4.599999904632568,4.599999904632568,5300
2015-10-09,4.829999923706055,4.840000152587891,4.760000228881836,4.760000228881836,6100
2015-10-12,4.75,4.820000171661377,4.75,4.820000171661377,3200
2015-10-13,4.760000228881836,4.840000152587891,4.75,4.840000152587891,1500
2015-10-14,5.190000057220459,5.190000057220459,4.940000057220459,4.940000057220459,10800
2015-10-15,5.590000152587891,5.670000076293945,5.550000190734863,5.619999885559082,18400
2015-10-16,5.71999979019165,5.71999979019165,5.650000095367432,5.679999828338623,43500
2015-10-19,5.590000152587891,5.650000095367432,5.539999961853027,5.539999961853027,4400
2015-10-20,5.820000171661377,5.880000114440918,5.679999828338623,5.739999771118164,6600
2015-10-21,5.659999847412109,5.820000171661377,5.650000095367432,5.769999980926514,2500
2015-10-22,5.639999866485596,5.639999866485596,5.559999942779541,5.559999942779541,2500
2015-10-23,5.760000228881836,5.900000095367432,5.710000038146973,5.900000095367432,12500
2015-10-26,5.710000038146973,5.800000190734863,5.690000057220459,5.730000019073486,13300
2015-10-27,5.849999904632568,5.980000019073486,5.849999904632568,5.920000076293945,17400
2015-10-28,5.769999980926514,5.769999980926514,5.760000228881836,5.760000228881836,6000
2015-10-29,5.880000114440918,5.900000095367432,5.800000190734863,5.800000190734863,15800
2015-10-30,5.909999847412109,5.96999979019165,5.909999847412109,5.96999979019165,31600
2015-11-02,5.869999885559082,5.900000095367432,5.869999885559082,5.889999866485596,7000
2015-11-03,5.800000190734863,5.920000076293945,5.800000190734863,5.829999923706055,8400
2015-11-04,5.659999847412109,5.800000190734863,5.630000114440918,5.800000190734863,14600
2015-11-05,5.989999771118164,6.0,5.929999828338623,6.0,4000
2015-11-06,5.960000038146973,6.0,5.929999828338623,6.0,5800
2015-11-09,5.880000114440918,5.880000114440918,5.880000114440918,5.880000114440918,200
2015-11-10,5.449999809265137,5.5,5.449999809265137,5.5,11100
2015-11-11,5.480000019073486,5.5,5.480000019073486,5.5,5800
2015-11-12,5.730000019073486,5.730000019073486,5.630000114440918,5.630000114440918,9500
2015-11-13,5.659999847412109,5.690000057220459,5.659999847412109,5.690000057220459,1700
2015-11-16,5.659999847412109,5.659999847412109,5.659999847412109,5.659999847412109,0
2015-11-17,5.739999771118164,5.739999771118164,5.739999771118164,5.739999771118164,100
2015-11-18,5.739999771118164,5.739999771118164,5.739999771118164,5.739999771118164,0
2015-11-19,5.650000095367432,5.650000095367432,5.579999923706055,5.579999923706055,1300
2015-11-20,5.619999885559082,5.630000114440918,5.619999885559082,5.630000114440918,3400
2015-11-23,5.619999885559082,5.619999885559082,5.619999885559082,5.619999885559082,0
2015-11-24,5.679999828338623,5.679999828338623,5.679999828338623,5.679999828338623,200
2015-11-25,5.590000152587891,5.679999828338623,5.590000152587891,5.670000076293945,700
2015-11-27,5.590000152587891,5.590000152587891,5.590000152587891,5.590000152587891,0
2015-11-30,5.5,5.53000020980835,5.460000038146973,5.53000020980835,35200
2015-12-01,5.860000133514404,5.860000133514404,5.71999979019165,5.71999979019165,5500
2015-12-02,5.809999942779541,5.809999942779541,5.800000190734863,5.809999942779541,2000
2015-12-03,5.800000190734863,5.800000190734863,5.789999961853027,5.789999961853027,1100
2015-12-04,5.800000190734863,5.800000190734863,5.800000190734863,5.800000190734863,0
2015-12-07,5.889999866485596,5.909999847412109,5.889999866485596,5.909999847412109,41200
2015-12-08,6.099999904632568,6.099999904632568,5.980000019073486,5.980000019073486,700
2015-12-09,5.840000152587891,5.869999885559082,5.809999942779541,5.849999904632568,19800
2015-12-10,5.840000152587891,5.840000152587891,5.809999942779541,5.809999942779541,2100
2015-12-11,5.75,5.809999942779541,5.75,5.800000190734863,28000
2015-12-14,5.880000114440918,5.880000114440918,5.789999961853027,5.800000190734863,11700
2015-12-15,5.809999942779541,5.840000152587891,5.809999942779541,5.840000152587891,4400
2015-12-16,5.800000190734863,5.889999866485596,5.800000190734863,5.889999866485596,500
2015-12-17,5.869999885559082,5.949999809265137,5.820000171661377,5.949999809265137,2100
2015-12-18,5.820000171661377,5.880000114440918,5.800000190734863,5.800000190734863,500
2015-12-21,5.690000057220459,5.800000190734863,5.690000057220459,5.800000190734863,7700
2015-12-22,5.690000057220459,5.690000057220459,5.690000057220459,5.690000057220459,0
2015-12-23,5.809999942779541,5.809999942779541,5.809999942779541,5.809999942779541,700
2015-12-24,5.809999942779541,5.809999942779541,5.809999942779541,5.809999942779541,0
2015-12-28,5.900000095367432,5.900000095367432,5.900000095367432,5.900000095367432,200
2015-12-29,5.940000057220459,5.940000057220459,5.889999866485596,5.889999866485596,800
2015-12-30,5.900000095367432,5.900000095367432,5.900000095367432,5.900000095367432,1600
2015-12-31,5.900000095367432,5.900000095367432,5.900000095367432,5.900000095367432,0
2016-01-04,5.690000057220459,5.78000020980835,5.650000095367432,5.769999980926514,3000
2016-01-05,5.690000057220459,5.690000057220459,5.690000057220459,5.690000057220459,0
2016-01-06,4.989999771118164,5.099999904632568,4.949999809265137,5.099999904632568,11900
2016-01-07,5.099999904632568,5.110000133514404,5.039999961853027,5.079999923706055,4500
2016-01-08,5.369999885559082,5.369999885559082,5.289999961853027,5.289999961853027,2200
2016-01-11,5.369999885559082,5.369999885559082,5.369999885559082,5.369999885559082,0
2016-01-12,5.230000019073486,5.320000171661377,5.230000019073486,5.320000171661377,400
2016-01-13,5.28000020980835,5.369999885559082,5.28000020980835,5.369999885559082,36900
2016-01-14,5.300000190734863,5.309999942779541,5.260000228881836,5.269999980926514,7100
2016-01-15,5.300000190734863,5.300000190734863,5.300000190734863,5.300000190734863,0
2016-01-19,5.260000228881836,5.300000190734863,5.25,5.300000190734863,1100
2016-01-20,5.150000095367432,5.269999980926514,5.150000095367432,5.269999980926514,500
2016-01-21,5.090000152587891,5.119999885559082,5.090000152587891,5.099999904632568,11200
2016-01-22,5.25,5.25,5.199999809265137,5.210000038146973,1000
2016-01-25,5.46999979019165,5.489999771118164,5.46999979019165,5.46999979019165,11100
2016-01-26,5.570000171661377,5.599999904632568,5.570000171661377,5.590000152587891,3200
2016-01-27,5.460000038146973,5.650000095367432,5.460000038146973,5.650000095367432,1000
2016-01-28,5.420000076293945,5.46999979019165,5.400000095367432,5.400000095367432,38000
2016-01-29,5.449999809265137,5.489999771118164,5.449999809265137,5.489999771118164,1400
2016-02-01,5.449999809265137,5.46999979019165,5.420000076293945,5.420000076293945,1000
2016-02-02,5.389999866485596,5.480000019073486,5.389999866485596,5.480000019073486,1300
2016-02-03,5.440000057220459,5.440000057220459,5.360000133514404,5.389999866485596,28600
2016-02-04,5.28000020980835,5.409999847412109,5.28000020980835,5.409999847412109,3300
2016-02-05,5.079999923706055,5.21999979019165,5.079999923706055,5.21999979019165,14500
2016-02-08,4.739999771118164,4.860000133514404,4.699999809265137,4.860000133514404,6000
2016-02-09,4.78000020980835,4.849999904632568,4.78000020980835,4.849999904632568,700
2016-02-10,4.860000133514404,4.929999828338623,4.860000133514404,4.929999828338623,1400
2016-02-11,4.53000020980835,4.829999923706055,4.420000076293945,4.829999923706055,38900
2016-02-12,4.199999809265137,4.269999980926514,4.199999809265137,4.260000228881836,5400
2016-02-16,4.340000152587891,4.340000152587891,4.269999980926514,4.269999980926514,5800
2016-02-17,4.429999828338623,4.489999771118164,4.429999828338623,4.460000038146973,5000
2016-02-18,4.960000038146973,4.960000038146973,4.929999828338623,4.940000057220459,4300
2016-02-19,5.159999847412109,5.159999847412109,5.150000095367432,5.150000095367432,700
2016-02-22,5.170000076293945,5.170000076293945,5.159999847412109,5.170000076293945,1400
2016-02-23,5.53000020980835,5.539999961853027,5.440000057220459,5.489999771118164,69600
2016-02-24,5.53000020980835,5.550000190734863,5.510000228881836,5.510000228881836,5300
2016-02-25,5.679999828338623,5.789999961853027,5.650000095367432,5.650000095367432,4300
2016-02-26,5.909999847412109,5.920000076293945,5.809999942779541,5.809999942779541,14900
2016-02-29,5.71999979019165,5.760000228881836,5.630000114440918,5.760000228881836,4700
2016-03-01,6.070000171661377,6.099999904632568,6.03000020980835,6.099999904632568,10500
2016-03-02,5.900000095367432,6.0,5.900000095367432,5.929999828338623,5700
2016-03-03,5.880000114440918,5.880000114440918,5.730000019073486,5.730000019073486,500
2016-03-04,5.900000095367432,5.960000038146973,5.900000095367432,5.960000038146973,4600
2016-03-07,5.71999979019165,5.829999923706055,5.71999979019165,5.829999923706055,66000
2016-03-08,5.71999979019165,5.800000190734863,5.71999979019165,5.71999979019165,2400
2016-03-09,5.800000190734863,5.829999923706055,5.78000020980835,5.78000020980835,1100
2016-03-10,5.900000095367432,5.940000057220459,5.840000152587891,5.900000095367432,2700
2016-03-11,5.960000038146973,5.960000038146973,5.809999942779541,5.809999942779541,4600
2016-03-14,5.880000114440918,5.989999771118164,5.880000114440918,5.989999771118164,69000
2016-03-15,6.03000020980835,6.090000152587891,5.940000057220459,6.0,45900
2016-03-16,6.010000228881836,6.050000190734863,6.0,6.050000190734863,4400
2016-03-17,5.949999809265137,5.949999809265137,5.900000095367432,5.920000076293945,1400
2016-03-18,5.940000057220459,5.949999809265137,5.900000095367432,5.940000057220459,3800
2016-03-21,6.050000190734863,6.050000190734863,5.980000019073486,5.989999771118164,4500
2016-03-22,6.099999904632568,6.099999904632568,6.079999923706055,6.079999923706055,700
2016-03-23,6.099999904632568,6.099999904632568,6.099999904632568,6.099999904632568,0
2016-03-24,6.070000171661377,6.110000133514404,6.039999961853027,6.110000133514404,2900
2016-03-28,6.070000171661377,6.070000171661377,6.070000171661377,6.070000171661377,0
2016-03-29,6.079999923706055,6.099999904632568,6.079999923706055,6.099999904632568,2100
2016-03-30,6.28000020980835,6.300000190734863,6.28000020980835,6.300000190734863,2600
2016-03-31,6.179999828338623,6.179999828338623,6.179999828338623,6.179999828338623,200
2016-04-01,6.25,6.25,6.110000133514404,6.110000133514404,1400
2016-04-04,6.260000228881836,6.260000228881836,6.260000228881836,6.260000228881836,500
2016-04-05,6.03000020980835,6.079999923706055,6.0,6.0,2800
2016-04-06,6.03000020980835,6.159999847412109,6.03000020980835,6.039999961853027,1100
2016-04-07,6.019999980926514,6.019999980926514,6.019999980926514,6.019999980926514,200
2016-04-08,6.0,6.0,6.0,6.0,300
2016-04-11,6.119999885559082,6.119999885559082,6.0,6.0,600
2016-04-12,6.119999885559082,6.119999885559082,6.090000152587891,6.090000152587891,400
2016-04-13,6.119999885559082,6.119999885559082,6.119999885559082,6.119999885559082,600
2016-04-14,6.119999885559082,6.119999885559082,6.119999885559082,6.119999885559082,6600
2016-04-15,5.989999771118164,6.079999923706055,5.96999979019165,6.079999923706055,1100
2016-04-18,6.110000133514404,6.150000095367432,6.050000190734863,6.099999904632568,3300
2016-04-19,6.139999866485596,6.159999847412109,6.139999866485596,6.139999866485596,7700
2016-04-20,6.110000133514404,6.139999866485596,6.110000133514404,6.139999866485596,1100
2016-04-21,6.050000190734863,6.099999904632568,6.050000190734863,6.099999904632568,3800
2016-04-22,6.010000228881836,6.010000228881836,6.010000228881836,6.010000228881836,100
2016-04-25,6.010000228881836,6.010000228881836,6.010000228881836,6.010000228881836,0
2016-04-26,5.909999847412109,5.909999847412109,5.909999847412109,5.909999847412109,1200
2016-04-27,5.909999847412109,5.940000057220459,5.900000095367432,5.940000057220459,800
2016-04-28,5.820000171661377,5.880000114440918,5.809999942779541,5.860000133514404,2800
2016-04-29,5.730000019073486,5.800000190734863,5.710000038146973,5.800000190734863,3900
2016-05-02,5.989999771118164,5.989999771118164,5.980000019073486,5.980000019073486,900
2016-05-03,6.010000228881836,6.050000190734863,6.010000228881836,6.050000190734863,3600
2016-05-04,6.039999961853027,6.050000190734863,6.019999980926514,6.019999980926514,4500
2016-05-05,6.039999961853027,6.039999961853027,6.039999961853027,6.039999961853027,0
2016-05-06,5.960000038146973,6.0,5.960000038146973,6.0,500
2016-05-09,5.980000019073486,5.980000019073486,5.980000019073486,5.980000019073486,200
2016-05-10,6.0,6.019999980926514,5.96999979019165,5.96999979019165,1700
2016-05-11,6.079999923706055,6.079999923706055,6.059999942779541,6.059999942779541,400
2016-05-12,6.380000114440918,6.380000114440918,6.269999980926514,6.340000152587891,8200
2016-05-13,6.769999980926514,6.789999961853027,6.679999828338623,6.730000019073486,15900
2016-05-16,6.789999961853027,6.789999961853027,6.75,6.789999961853027,3300
2016-05-17,6.730000019073486,6.820000171661377,6.730000019073486,6.760000228881836,2800
2016-05-18,6.710000038146973,6.710000038146973,6.699999809265137,6.699999809265137,1200
2016-05-19,6.619999885559082,6.650000095367432,6.559999942779541,6.559999942779541,3100
2016-05-20,6.75,6.75,6.71999979019165,6.71999979019165,4600
2016-05-23,6.960000038146973,6.960000038146973,6.940000057220459,6.960000038146973,700
2016-05-24,7.0,7.03000020980835,6.929999828338623,7.03000020980835,5400
2016-05-25,7.099999904632568,7.210000038146973,6.900000095367432,6.960000038146973,23200
2016-05-26,7.099999904632568,7.230000019073486,7.070000171661377,7.150000095367432,18800
2016-05-27,7.190000057220459,7.190000057220459,7.139999866485596,7.139999866485596,1600
2016-05-31,7.360000133514404,7.400000095367432,7.329999923706055,7.400000095367432,3500
2016-06-01,7.320000171661377,7.369999885559082,7.320000171661377,7.360000133514404,2700
2016-06-02,7.46999979019165,7.46999979019165,7.400000095367432,7.409999847412109,4600
2016-06-03,7.480000019073486,7.489999771118164,7.380000114440918,7.489999771118164,2000
2016-06-06,7.380000114440918,7.480000019073486,7.380000114440918,7.480000019073486,23100
2016-06-07,7.519999980926514,7.53000020980835,7.449999809265137,7.5,15500
2016-06-08,7.5,7.5,7.5,7.5,500
2016-06-09,7.46999979019165,7.5,7.46999979019165,7.5,700
2016-06-10,7.309999942779541,7.46999979019165,7.309999942779541,7.46999979019165,3900
2016-06-13,7.230000019073486,7.289999961853027,7.230000019073486,7.289999961853027,500
2016-06-14,7.0,7.0,6.940000057220459,7.0,4800
2016-06-15,7.010000228881836,7.099999904632568,7.0,7.0,4800
2016-06-16,6.96999979019165,6.96999979019165,6.889999866485596,6.889999866485596,5900
2016-06-17,7.010000228881836,7.010000228881836,6.949999809265137,6.949999809265137,9300
2016-06-20,7.53000020980835,7.619999885559082,7.53000020980835,7.570000171661377,8100
2016-06-21,7.440000057220459,7.440000057220459,7.369999885559082,7.400000095367432,1400
2016-06-22,7.460000038146973,7.460000038146973,7.369999885559082,7.369999885559082,900
2016-06-23,7.550000190734863,7.550000190734863,7.510000228881836,7.53000020980835,4200
2016-06-24,7.199999809265137,7.289999961853027,7.170000076293945,7.190000057220459,21000
2016-06-27,6.78000020980835,6.860000133514404,6.679999828338623,6.840000152587891,10500
2016-06-28,7.21999979019165,7.21999979019165,7.110000133514404,7.110000133514404,4000
2016-06-29,7.309999942779541,7.309999942779541,7.210000038146973,7.210000038146973,700
2016-06-30,7.260000228881836,7.320000171661377,7.25,7.28000020980835,900
2016-07-01,7.460000038146973,7.519999980926514,7.460000038146973,7.510000228881836,4000
2016-07-05,7.320000171661377,7.429999828338623,7.289999961853027,7.429999828338623,3400
2016-07-06,7.239999771118164,7.239999771118164,7.239999771118164,7.239999771118164,200
2016-07-07,7.400000095367432,7.5,7.400000095367432,7.5,700
2016-07-08,7.480000019073486,7.559999942779541,7.409999847412109,7.409999847412109,6800
2016-07-11,7.630000114440918,7.630000114440918,7.559999942779541,7.630000114440918,1000
2016-07-12,7.480000019073486,7.510000228881836,7.480000019073486,7.5,1000
2016-07-13,7.489999771118164,7.489999771118164,7.489999771118164,7.489999771118164,600
2016-07-14,7.46999979019165,7.46999979019165,7.46999979019165,7.46999979019165,800
2016-07-15,7.400000095367432,7.400000095367432,7.400000095367432,7.400000095367432,200
2016-07-18,7.539999961853027,7.550000190734863,7.400000095367432,7.400000095367432,5900
2016-07-19,7.800000190734863,7.869999885559082,7.800000190734863,7.829999923706055,3000
2016-07-20,8.34000015258789,8.369999885559082,8.34000015258789,8.369999885559082,1100
2016-07-21,7.920000076293945,8.180000305175781,7.900000095367432,8.180000305175781,4300
2016-07-22,7.699999809265137,7.820000171661377,7.699999809265137,7.820000171661377,2800
2016-07-25,7.650000095367432,7.659999847412109,7.639999866485596,7.650000095367432,6200
2016-07-26,7.710000038146973,7.710000038146973,7.710000038146973,7.710000038146973,5000
2016-07-27,7.900000095367432,7.920000076293945,7.800000190734863,7.800000190734863,7600
2016-07-28,8.1899995803833,8.25,8.119999885559082,8.119999885559082,1600
2016-07-29,8.149999618530273,8.149999618530273,8.109999656677246,8.109999656677246,800
2016-08-01,8.09000015258789,8.149999618530273,8.09000015258789,8.149999618530273,4600
2016-08-02,8.140000343322754,8.140000343322754,8.140000343322754,8.140000343322754,300
2016-08-03,7.940000057220459,8.050000190734863,7.920000076293945,8.0,4100
2016-08-04,8.239999771118164,8.289999961853027,8.239999771118164,8.289999961853027,800
2016-08-05,8.300000190734863,8.300000190734863,8.210000038146973,8.260000228881836,3500
2016-08-08,8.09000015258789,8.199999809265137,8.09000015258789,8.199999809265137,5100
2016-08-09,8.289999961853027,8.289999961853027,8.289999961853027,8.289999961853027,900
2016-08-10,8.0,8.039999961853027,8.0,8.039999961853027,3700
2016-08-11,8.239999771118164,8.239999771118164,8.140000343322754,8.140000343322754,400
2016-08-12,8.109999656677246,8.109999656677246,8.109999656677246,8.109999656677246,200
2016-08-15,8.199999809265137,8.199999809265137,8.199999809265137,8.199999809265137,300
2016-08-16,8.180000305175781,8.180000305175781,8.180000305175781,8.180000305175781,300
2016-08-17,7.96999979019165,7.96999979019165,7.880000114440918,7.880000114440918,1200
2016-08-18,8.029999732971191,8.109999656677246,8.029999732971191,8.109999656677246,400
2016-08-19,8.039999961853027,8.039999961853027,8.039999961853027,8.039999961853027,1100
2016-08-22,8.010000228881836,8.010000228881836,7.96999979019165,7.96999979019165,800
2016-08-23,7.960000038146973,8.029999732971191,7.960000038146973,8.029999732971191,600
2016-08-24,7.920000076293945,7.920000076293945,7.920000076293945,7.920000076293945,600
2016-08-25,7.920000076293945,7.920000076293945,7.920000076293945,7.920000076293945,0
2016-08-26,7.75,7.840000152587891,7.75,7.840000152587891,800
2016-08-29,7.800000190734863,7.800000190734863,7.71999979019165,7.71999979019165,1600
2016-08-30,7.809999942779541,7.809999942779541,7.809999942779541,7.809999942779541,600
2016-08-31,7.75,7.809999942779541,7.75,7.809999942779541,4400
2016-09-01,7.980000019073486,7.980000019073486,7.900000095367432,7.900000095367432,4100
2016-09-02,7.920000076293945,7.920000076293945,7.920000076293945,7.920000076293945,1000
2016-09-06,8.210000038146973,8.210000038146973,8.199999809265137,8.210000038146973,2100
2016-09-07,8.300000190734863,8.300000190734863,8.260000228881836,8.260000228881836,1000
2016-09-08,8.149999618530273,8.149999618530273,8.149999618530273,8.149999618530273,200
2016-09-09,8.010000228881836,8.010000228881836,7.96999979019165,8.010000228881836,1000
2016-09-12,8.010000228881836,8.010000228881836,8.010000228881836,8.010000228881836,0
2016-09-13,7.820000171661377,7.900000095367432,7.820000171661377,7.900000095367432,6600
2016-09-14,7.920000076293945,7.960000038146973,7.920000076293945,7.960000038146973,1400
2016-09-15,8.0,8.0,8.0,8.0,800
2016-09-16,7.849999904632568,7.849999904632568,7.849999904632568,7.849999904632568,1200
2016-09-19,7.760000228881836,7.760000228881836,7.75,7.760000228881836,1700
2016-09-20,7.75,7.75,7.75,7.75,700
2016-09-21,7.590000152587891,7.690000057220459,7.590000152587891,7.690000057220459,4000
2016-09-22,7.659999847412109,7.75,7.659999847412109,7.75,2600
2016-09-23,7.690000057220459,7.690000057220459,7.630000114440918,7.630000114440918,2900
2016-09-26,7.460000038146973,7.5,7.460000038146973,7.5,1100
2016-09-27,7.5,7.5,7.409999847412109,7.409999847412109,800
2016-09-28,7.679999828338623,7.710000038146973,7.670000076293945,7.710000038146973,22100
2016-09-29,7.550000190734863,7.630000114440918,7.550000190734863,7.630000114440918,1600
2016-09-30,7.519999980926514,7.559999942779541,7.5,7.53000020980835,2100
2016-10-03,7.699999809265137,7.699999809265137,7.699999809265137,7.699999809265137,900
2016-10-04,7.599999904632568,7.599999904632568,7.599999904632568,7.599999904632568,100
2016-10-05,7.519999980926514,7.559999942779541,7.5,7.539999961853027,1200
2016-10-06,7.429999828338623,7.489999771118164,7.420000076293945,7.420000076293945,2000
2016-10-07,7.309999942779541,7.449999809265137,7.289999961853027,7.400000095367432,10700
2016-10-10,7.429999828338623,7.429999828338623,7.429999828338623,7.429999828338623,100
2016-10-11,7.429999828338623,7.429999828338623,7.429999828338623,7.429999828338623,0
2016-10-12,7.059999942779541,7.059999942779541,7.0,7.0,2400
2016-10-13,6.989999771118164,6.989999771118164,6.929999828338623,6.929999828338623,1200
2016-10-14,7.010000228881836,7.010000228881836,7.010000228881836,7.010000228881836,300
2016-10-17,7.010000228881836,7.019999980926514,7.0,7.0,1800
2016-10-18,7.059999942779541,7.059999942779541,7.059999942779541,7.059999942779541,600
2016-10-19,7.03000020980835,7.070000171661377,7.03000020980835,7.050000190734863,4400
2016-10-20,6.909999847412109,6.909999847412109,6.909999847412109,6.909999847412109,5900
2016-10-21,6.940000057220459,6.940000057220459,6.940000057220459,6.940000057220459,100
2016-10-24,6.800000190734863,6.849999904632568,6.800000190734863,6.849999904632568,5000
2016-10-25,6.800000190734863,6.800000190734863,6.78000020980835,6.800000190734863,4300
2016-10-26,6.730000019073486,6.75,6.730000019073486,6.75,3100
2016-10-27,6.650000095367432,6.650000095367432,6.650000095367432,6.650000095367432,700
2016-10-28,6.760000228881836,6.760000228881836,6.760000228881836,6.760000228881836,400
2016-10-31,6.739999771118164,6.739999771118164,6.71999979019165,6.71999979019165,3900
2016-11-01,6.739999771118164,6.739999771118164,6.739999771118164,6.739999771118164,0
2016-11-02,6.659999847412109,6.659999847412109,6.659999847412109,6.659999847412109,3700
2016-11-03,6.5,6.5,6.429999828338623,6.480000019073486,36500
2016-11-04,6.980000019073486,6.989999771118164,6.78000020980835,6.78000020980835,34700
2016-11-07,6.800000190734863,6.860000133514404,6.78000020980835,6.860000133514404,1900
2016-11-08,6.860000133514404,7.010000228881836,6.860000133514404,7.010000228881836,2900
2016-11-09,6.869999885559082,6.889999866485596,6.820000171661377,6.829999923706055,40900
2016-11-10,6.840000152587891,6.889999866485596,6.840000152587891,6.889999866485596,23600
2016-11-11,6.639999866485596,6.659999847412109,6.610000133514404,6.659999847412109,5200
2016-11-14,6.550000190734863,6.579999923706055,6.5,6.5,8200
2016-11-15,6.610000133514404,6.670000076293945,6.579999923706055,6.670000076293945,57500
2016-11-16,6.78000020980835,6.800000190734863,6.769999980926514,6.800000190734863,36300
2016-11-17,6.699999809265137,6.699999809265137,6.650000095367432,6.650000095367432,3900
2016-11-18,6.960000038146973,6.960000038146973,6.869999885559082,6.869999885559082,10000
2016-11-21,6.96999979019165,6.96999979019165,6.889999866485596,6.900000095367432,2900
2016-11-22,6.940000057220459,6.949999809265137,6.920000076293945,6.949999809265137,1700
2016-11-23,6.840000152587891,6.860000133514404,6.829999923706055,6.829999923706055,8900
2016-11-25,6.949999809265137,6.949999809265137,6.920000076293945,6.920000076293945,1700
2016-11-28,6.909999847412109,6.909999847412109,6.840000152587891,6.849999904632568,2900
2016-11-29,6.889999866485596,6.929999828338623,6.889999866485596,6.920000076293945,2300
2016-11-30,6.920000076293945,6.920000076293945,6.900000095367432,6.900000095367432,800
2016-12-01,6.699999809265137,6.820000171661377,6.690000057220459,6.820000171661377,12500
2016-12-02,6.650000095367432,6.650000095367432,6.579999923706055,6.590000152587891,800
2016-12-05,6.610000133514404,6.650000095367432,6.610000133514404,6.650000095367432,300
2016-12-06,6.559999942779541,6.559999942779541,6.550000190734863,6.550000190734863,8200
2016-12-07,6.699999809265137,6.699999809265137,6.659999847412109,6.659999847412109,17300
2016-12-08,6.699999809265137,6.699999809265137,6.699999809265137,6.699999809265137,0
2016-12-09,6.769999980926514,6.789999961853027,6.730000019073486,6.78000020980835,39700
2016-12-12,6.650000095367432,6.75,6.650000095367432,6.75,2500
2016-12-13,6.820000171661377,6.860000133514404,6.75,6.860000133514404,8700
2016-12-14,6.739999771118164,6.739999771118164,6.739999771118164,6.739999771118164,2000
2016-12-15,6.690000057220459,6.75,6.690000057220459,6.699999809265137,1200
2016-12-16,6.789999961853027,6.809999942779541,6.739999771118164,6.739999771118164,600
2016-12-19,6.900000095367432,6.900000095367432,6.809999942779541,6.809999942779541,1600
2016-12-20,6.900000095367432,6.900000095367432,6.900000095367432,6.900000095367432,0
2016-12-21,6.920000076293945,6.980000019073486,6.920000076293945,6.940000057220459,1000
2016-12-22,6.920000076293945,6.920000076293945,6.920000076293945,6.920000076293945,0
2016-12-23,6.920000076293945,6.920000076293945,6.920000076293945,6.920000076293945,0
2016-12-27,6.889999866485596,7.010000228881836,6.880000114440918,6.880000114440918,3400
2016-12-28,6.980000019073486,6.989999771118164,6.980000019073486,6.989999771118164,900
2016-12-29,7.050000190734863,7.050000190734863,7.050000190734863,7.050000190734863,200
2016-12-30,7.039999961853027,7.170000076293945,7.039999961853027,7.099999904632568,3300
2017-01-03,7.039999961853027,7.039999961853027,7.039999961853027,7.039999961853027,200
2017-01-04,6.840000152587891,6.880000114440918,6.820000171661377,6.880000114440918,3400
2017-01-05,6.840000152587891,6.840000152587891,6.840000152587891,6.840000152587891,0
2017-01-06,6.610000133514404,6.610000133514404,6.559999942779541,6.590000152587891,2100
2017-01-09,6.400000095367432,6.46999979019165,6.360000133514404,6.449999809265137,1700
2017-01-10,6.489999771118164,6.489999771118164,6.440000057220459,6.440000057220459,1000
2017-01-11,6.489999771118164,6.489999771118164,6.489999771118164,6.489999771118164,0
2017-01-12,6.5,6.550000190734863,6.440000057220459,6.440000057220459,1500
2017-01-13,6.610000133514404,6.610000133514404,6.610000133514404,6.610000133514404,600
2017-01-17,6.53000020980835,6.53000020980835,6.53000020980835,6.53000020980835,500
2017-01-18,6.400000095367432,6.400000095367432,6.400000095367432,6.400000095367432,5000
2017-01-19,6.5,6.510000228881836,6.5,6.510000228881836,5800
2017-01-20,6.590000152587891,6.590000152587891,6.449999809265137,6.449999809265137,800
2017-01-23,6.619999885559082,6.619999885559082,6.619999885559082,6.619999885559082,700
2017-01-24,6.46999979019165,6.46999979019165,6.46999979019165,6.46999979019165,200
2017-01-25,6.559999942779541,6.559999942779541,6.5,6.5,700
2017-01-26,6.449999809265137,6.53000020980835,6.449999809265137,6.5,4600
2017-01-27,6.449999809265137,6.449999809265137,6.340000152587891,6.429999828338623,4100
2017-01-30,6.369999885559082,6.429999828338623,6.309999942779541,6.389999866485596,1400
2017-01-31,6.550000190734863,6.550000190734863,6.510000228881836,6.510000228881836,6000
2017-02-01,6.599999904632568,6.639999866485596,6.599999904632568,6.639999866485596,700
2017-02-02,6.599999904632568,6.599999904632568,6.599999904632568,6.599999904632568,0
2017-02-03,6.769999980926514,6.769999980926514,6.769999980926514,6.769999980926514,400
2017-02-06,6.639999866485596,6.639999866485596,6.639999866485596,6.639999866485596,800
2017-02-07,6.630000114440918,6.679999828338623,6.630000114440918,6.679999828338623,3600
2017-02-08,6.650000095367432,6.650000095367432,6.550000190734863,6.599999904632568,12400
2017-02-09,6.590000152587891,6.590000152587891,6.590000152587891,6.590000152587891,400
2017-02-10,7.260000228881836,7.260000228881836,6.989999771118164,7.0,54200
2017-02-13,7.449999809265137,7.5,7.440000057220459,7.440000057220459,4200
2017-02-14,7.429999828338623,7.429999828338623,7.400000095367432,7.400000095367432,1400
2017-02-15,7.369999885559082,7.460000038146973,7.320000171661377,7.360000133514404,6900
2017-02-16,7.389999866485596,7.440000057220459,7.309999942779541,7.369999885559082,9900
2017-02-17,7.389999866485596,7.389999866485596,7.389999866485596,7.389999866485596,0
2017-02-21,7.28000020980835,7.28000020980835,7.21999979019165,7.21999979019165,3400
2017-02-22,7.400000095367432,7.400000095367432,7.300000190734863,7.300000190734863,1800
2017-02-23,7.429999828338623,7.440000057220459,7.429999828338623,7.440000057220459,5200
2017-02-24,7.329999923706055,7.329999923706055,7.329999923706055,7.329999923706055,200
2017-02-27,7.360000133514404,7.360000133514404,7.269999980926514,7.269999980926514,6100
2017-02-28,7.309999942779541,7.309999942779541,7.289999961853027,7.289999961853027,1600
2017-03-01,7.639999866485596,7.699999809265137,7.579999923706055,7.579999923706055,14500
2017-03-02,7.659999847412109,7.659999847412109,7.590000152587891,7.590000152587891,2200
2017-03-03,7.619999885559082,7.639999866485596,7.590000152587891,7.639999866485596,10200
2017-03-06,7.619999885559082,7.639999866485596,7.559999942779541,7.639999866485596,1600
2017-03-07,7.610000133514404,7.610000133514404,7.53000020980835,7.53000020980835,4000
2017-03-08,7.610000133514404,7.650000095367432,7.570000171661377,7.570000171661377,1500
2017-03-09,7.630000114440918,7.650000095367432,7.610000133514404,7.650000095367432,21200
2017-03-10,7.800000190734863,7.820000171661377,7.690000057220459,7.690000057220459,2900
2017-03-13,7.840000152587891,7.840000152587891,7.820000171661377,7.820000171661377,600
2017-03-14,7.800000190734863,7.849999904632568,7.800000190734863,7.849999904632568,2100
2017-03-15,7.769999980926514,7.769999980926514,7.730000019073486,7.75,800
2017-03-16,7.860000133514404,7.860000133514404,7.860000133514404,7.860000133514404,100
2017-03-17,8.0,8.020000457763672,7.989999771118164,8.020000457763672,1300
2017-03-20,7.980000019073486,8.0,7.980000019073486,8.0,500
2017-03-21,7.940000057220459,7.949999809265137,7.909999847412109,7.949999809265137,1400
2017-03-22,8.010000228881836,8.010000228881836,8.010000228881836,8.010000228881836,400
2017-03-23,8.100000381469727,8.100000381469727,8.100000381469727,8.100000381469727,200
2017-03-24,8.170000076293945,8.170000076293945,8.140000343322754,8.140000343322754,1600
2017-03-27,8.289999961853027,8.289999961853027,8.1899995803833,8.199999809265137,2100
2017-03-28,8.359999656677246,8.359999656677246,8.359999656677246,8.359999656677246,7200
2017-03-29,8.359999656677246,8.390000343322754,8.260000228881836,8.260000228881836,2200
2017-03-30,8.359999656677246,8.359999656677246,8.359999656677246,8.359999656677246,0
2017-03-31,8.449999809265137,8.449999809265137,8.420000076293945,8.4399995803833,1000
2017-04-03,8.420000076293945,8.489999771118164,8.420000076293945,8.449999809265137,1800
2017-04-04,8.489999771118164,8.5,8.460000038146973,8.5,3800
2017-04-05,8.489999771118164,8.489999771118164,8.489999771118164,8.489999771118164,0
2017-04-06,8.539999961853027,8.550000190734863,8.539999961853027,8.550000190734863,1000
2017-04-07,8.649999618530273,8.649999618530273,8.520000457763672,8.539999961853027,3200
2017-04-10,8.569999694824219,8.59000015258789,8.550000190734863,8.550000190734863,1800
2017-04-11,8.59000015258789,8.619999885559082,8.59000015258789,8.609999656677246,600
2017-04-12,8.600000381469727,8.630000114440918,8.59000015258789,8.59000015258789,2400
2017-04-13,8.609999656677246,8.609999656677246,8.609999656677246,8.609999656677246,200
2017-04-17,8.6899995803833,8.720000267028809,8.65999984741211,8.720000267028809,17900
2017-04-18,8.6899995803833,8.6899995803833,8.630000114440918,8.65999984741211,8800
2017-04-19,8.59000015258789,8.649999618530273,8.59000015258789,8.609999656677246,4400
2017-04-20,8.8100004196167,8.8100004196167,8.710000038146973,8.710000038146973,24500
2017-04-21,8.710000038146973,8.720000267028809,8.649999618530273,8.699999809265137,5900
2017-04-24,9.109999656677246,9.149999618530273,9.09000015258789,9.09000015258789,3800
2017-04-25,9.4399995803833,9.4399995803833,9.3100004196167,9.329999923706055,6700
2017-04-26,9.510000228881836,9.510000228881836,9.40999984741211,9.40999984741211,16800
2017-04-27,9.579999923706055,9.579999923706055,9.4399995803833,9.4399995803833,11500
2017-04-28,9.449999809265137,9.579999923706055,9.420000076293945,9.579999923706055,10200
2017-05-01,9.4399995803833,9.539999961853027,9.420000076293945,9.479999542236328,17000
2017-05-02,9.720000267028809,9.720000267028809,9.619999885559082,9.619999885559082,10600
2017-05-03,9.6899995803833,9.720000267028809,9.619999885559082,9.640000343322754,8000
2017-05-04,9.90999984741211,9.90999984741211,9.729999542236328,9.729999542236328,17600
2017-05-05,10.050000190734863,10.050000190734863,9.949999809265137,9.949999809265137,1900
2017-05-08,9.819999694824219,9.84000015258789,9.75,9.770000457763672,17100
2017-05-09,9.819999694824219,9.829999923706055,9.739999771118164,9.75,10400
2017-05-10,10.0,10.039999961853027,9.899999618530273,9.899999618530273,14200
2017-05-11,10.029999732971191,10.09000015258789,10.0,10.010000228881836,5400
2017-05-12,10.449999809265137,10.470000267028809,10.390000343322754,10.4399995803833,4700
2017-05-15,10.920000076293945,10.920000076293945,10.489999771118164,10.489999771118164,30900
2017-05-16,10.970000267028809,10.970000267028809,10.600000381469727,10.609999656677246,4600
2017-05-17,10.34000015258789,10.600000381469727,10.319999694824219,10.550000190734863,20300
2017-05-18,10.369999885559082,10.369999885559082,10.279999732971191,10.289999961853027,3100
2017-05-19,10.680000305175781,10.739999771118164,10.65999984741211,10.65999984741211,2600
2017-05-22,10.600000381469727,10.720000267028809,10.600000381469727,10.670000076293945,5700
2017-05-23,10.880000114440918,10.949999809265137,10.819999694824219,10.819999694824219,6800
2017-05-24,10.850000381469727,10.869999885559082,10.770000457763672,10.819999694824219,13700
2017-05-25,10.84000015258789,10.930000305175781,10.819999694824219,10.930000305175781,21000
2017-05-26,10.760000228881836,10.770000457763672,10.760000228881836,10.770000457763672,3300
2017-05-30,10.979999542236328,10.989999771118164,10.920000076293945,10.949999809265137,11600
2017-05-31,11.170000076293945,11.170000076293945,11.119999885559082,11.119999885559082,4700
2017-06-01,11.319999694824219,11.34000015258789,11.289999961853027,11.289999961853027,3100
2017-06-02,11.350000381469727,11.399999618530273,11.329999923706055,11.380000114440918,18800
2017-06-05,11.260000228881836,11.3100004196167,11.220000267028809,11.3100004196167,4400
2017-06-06,11.25,11.270000457763672,11.229999542236328,11.25,12800
2017-06-07,11.300000190734863,11.350000381469727,11.270000457763672,11.34000015258789,6200
2017-06-08,11.210000038146973,11.279999732971191,11.149999618530273,11.279999732971191,19200
2017-06-09,11.180000305175781,11.199999809265137,11.149999618530273,11.199999809265137,32300
2017-06-12,10.609999656677246,10.680000305175781,10.569999694824219,10.680000305175781,14400
2017-06-13,10.989999771118164,11.140000343322754,10.949999809265137,11.109999656677246,16200
2017-06-14,11.029999732971191,11.229999542236328,11.029999732971191,11.229999542236328,8300
2017-06-15,11.100000381469727,11.100000381469727,10.90999984741211,11.0,26900
2017-06-16,11.180000305175781,11.180000305175781,11.140000343322754,11.140000343322754,900
2017-06-19,11.489999771118164,11.489999771118164,11.40999984741211,11.40999984741211,3800
2017-06-20,11.220000267028809,11.300000190734863,11.210000038146973,11.300000190734863,10600
2017-06-21,11.229999542236328,11.260000228881836,11.199999809265137,11.25,7300
2017-06-22,11.390000343322754,11.40999984741211,11.359999656677246,11.390000343322754,4600
2017-06-23,11.619999885559082,11.649999618530273,11.510000228881836,11.520000457763672,6600
2017-06-26,11.59000015258789,11.729999542236328,11.569999694824219,11.6899995803833,5200
2017-06-27,11.390000343322754,11.430000305175781,11.369999885559082,11.430000305175781,4500
2017-06-28,11.460000038146973,11.470000267028809,11.460000038146973,11.470000267028809,300
2017-06-29,11.1899995803833,11.329999923706055,11.140000343322754,11.319999694824219,4400
2017-06-30,11.34000015258789,11.34000015258789,11.289999961853027,11.319999694824219,7000
2017-07-03,11.180000305175781,11.289999961853027,11.170000076293945,11.289999961853027,4400
2017-07-05,11.260000228881836,11.260000228881836,11.109999656677246,11.149999618530273,3800
2017-07-06,11.100000381469727,11.100000381469727,10.859999656677246,10.899999618530273,3800
2017-07-07,11.029999732971191,11.029999732971191,10.970000267028809,11.0,1900
2017-07-10,11.140000343322754,11.140000343322754,11.020000457763672,11.069999694824219,2400
2017-07-11,11.100000381469727,11.119999885559082,11.100000381469727,11.100000381469727,1800
2017-07-12,11.239999771118164,11.25,11.199999809265137,11.25,1300
2017-07-13,11.199999809265137,11.210000038146973,11.1899995803833,11.210000038146973,700
2017-07-14,11.279999732971191,11.279999732971191,11.260000228881836,11.260000228881836,900
2017-07-17,11.260000228881836,11.279999732971191,11.260000228881836,11.279999732971191,2600
2017-07-18,11.399999618530273,11.449999809265137,11.1899995803833,11.1899995803833,10500
2017-07-19,12.359999656677246,12.359999656677246,12.170000076293945,12.229999542236328,24800
2017-07-20,12.4399995803833,12.489999771118164,12.390000343322754,12.390000343322754,7800
2017-07-21,12.5,12.5,12.40999984741211,12.40999984741211,88300
2017-07-24,12.550000190734863,12.550000190734863,12.5,12.520000457763672,47500
2017-07-25,12.640000343322754,12.640000343322754,12.59000015258789,12.59000015258789,48600
2017-07-26,13.1899995803833,13.1899995803833,12.789999961853027,12.819999694824219,1038100
2017-07-27,12.789999961853027,12.84000015258789,12.739999771118164,12.819999694824219,707900
2017-07-28,12.600000381469727,12.609999656677246,12.520000457763672,12.520000457763672,14100
2017-07-31,12.619999885559082,12.699999809265137,12.550000190734863,12.670000076293945,5100
2017-08-01,12.6899995803833,12.729999542236328,12.640000343322754,12.640000343322754,9100
2017-08-02,12.5,12.630000114440918,12.470000267028809,12.630000114440918,9800
2017-08-03,12.630000114440918,12.65999984741211,12.539999961853027,12.539999961853027,2400
2017-08-04,12.819999694824219,12.819999694824219,12.75,12.770000457763672,5700
2017-08-07,12.8100004196167,12.819999694824219,12.75,12.789999961853027,58900
2017-08-08,12.760000228881836,12.819999694824219,12.75,12.760000228881836,20900
2017-08-09,12.729999542236328,12.760000228881836,12.6899995803833,12.720000267028809,17300
2017-08-10,12.65999984741211,12.800000190734863,12.649999618530273,12.779999732971191,15600
2017-08-11,12.529999732971191,12.529999732971191,12.40999984741211,12.479999542236328,7300
2017-08-14,12.630000114440918,12.6899995803833,12.609999656677246,12.630000114440918,12600
2017-08-15,12.710000038146973,12.710000038146973,12.640000343322754,12.640000343322754,6100
2017-08-16,12.920000076293945,12.920000076293945,12.829999923706055,12.850000381469727,2700
2017-08-17,12.850000381469727,12.949999809265137,12.850000381469727,12.90999984741211,4300
2017-08-18,12.899999618530273,12.90999984741211,12.789999961853027,12.8100004196167,44400
2017-08-21,12.920000076293945,12.949999809265137,12.880000114440918,12.90999984741211,4200
2017-08-22,13.050000190734863,13.069999694824219,13.039999961853027,13.050000190734863,3700
2017-08-23,12.920000076293945,12.989999771118164,12.850000381469727,12.989999771118164,3100
2017-08-24,12.899999618530273,12.90999984741211,12.850000381469727,12.880000114440918,2600
2017-08-25,13.0600004196167,13.0600004196167,12.930000305175781,12.930000305175781,5500
2017-08-28,13.149999618530273,13.149999618530273,13.069999694824219,13.069999694824219,56700
2017-08-29,12.800000190734863,12.819999694824219,12.760000228881836,12.760000228881836,8100
2017-08-30,12.869999885559082,12.890000343322754,12.8100004196167,12.880000114440918,8800
2017-08-31,13.329999923706055,13.329999923706055,13.25,13.329999923706055,7300
2017-09-01,13.350000381469727,13.40999984741211,13.329999923706055,13.399999618530273,4600
2017-09-05,13.649999618530273,13.720000267028809,13.600000381469727,13.670000076293945,29800
2017-09-06,13.569999694824219,13.670000076293945,13.520000457763672,13.670000076293945,7200
2017-09-07,13.800000190734863,13.850000381469727,13.760000228881836,13.819999694824219,12200
2017-09-08,13.8100004196167,13.8100004196167,13.699999809265137,13.760000228881836,8400
2017-09-11,14.020000457763672,14.0600004196167,13.899999618530273,13.899999618530273,10000
2017-09-12,14.109999656677246,14.1899995803833,14.0600004196167,14.1899995803833,8600
2017-09-13,14.130000114440918,14.210000038146973,14.09000015258789,14.199999809265137,23400
2017-09-14,14.1899995803833,14.1899995803833,14.09000015258789,14.130000114440918,6100
2017-09-15,14.180000305175781,14.3100004196167,14.15999984741211,14.170000076293945,22000
2017-09-18,14.199999809265137,14.220000267028809,14.15999984741211,14.220000267028809,3800
2017-09-19,14.470000267028809,14.539999961853027,14.470000267028809,14.489999771118164,13400
2017-09-20,14.279999732971191,14.449999809265137,14.260000228881836,14.300000190734863,14600
2017-09-21,14.09000015258789,14.09000015258789,14.050000190734863,14.069999694824219,3300
2017-09-22,14.100000381469727,14.170000076293945,14.069999694824219,14.140000343322754,3900
2017-09-25,13.510000228881836,13.779999732971191,13.489999771118164,13.760000228881836,16200
2017-09-26,13.260000228881836,13.380000114440918,13.199999809265137,13.380000114440918,6400
2017-09-27,13.359999656677246,13.359999656677246,13.229999542236328,13.229999542236328,4900
2017-09-28,13.520000457763672,13.539999961853027,13.359999656677246,13.359999656677246,3100
2017-09-29,13.760000228881836,13.760000228881836,13.529999732971191,13.529999732971191,3000
2017-10-02,13.890000343322754,13.890000343322754,13.819999694824219,13.859999656677246,3200
2017-10-03,14.069999694824219,14.079999923706055,13.960000038146973,13.960000038146973,6100
2017-10-04,14.319999694824219,14.539999961853027,14.0600004196167,14.0600004196167,11300
2017-10-05,14.40999984741211,14.539999961853027,14.399999618530273,14.539999961853027,4900
2017-10-06,14.720000267028809,14.829999923706055,14.680000305175781,14.680000305175781,7900
2017-10-09,14.760000228881836,14.930000305175781,14.75,14.75,16400
2017-10-10,15.1899995803833,15.210000038146973,15.100000381469727,15.100000381469727,9600
2017-10-11,15.390000343322754,15.399999618530273,15.289999961853027,15.399999618530273,11500
2017-10-12,15.460000038146973,15.529999732971191,15.380000114440918,15.449999809265137,9800
2017-10-13,15.4399995803833,15.550000190734863,15.390000343322754,15.550000190734863,6300
2017-10-16,15.59000015258789,15.59000015258789,15.5,15.5,5800
2017-10-17,15.5,15.5,15.399999618530273,15.460000038146973,48400
2017-10-18,15.760000228881836,15.779999732971191,15.65999984741211,15.739999771118164,8900
2017-10-19,15.65999984741211,15.6899995803833,15.470000267028809,15.489999771118164,35600
2017-10-20,15.5,15.619999885559082,15.5,15.600000381469727,5900
2017-10-23,15.4399995803833,15.670000076293945,15.4399995803833,15.640000343322754,5700
2017-10-24,15.300000190734863,15.449999809265137,15.220000267028809,15.449999809265137,31200
2017-10-25,15.569999694824219,15.729999542236328,15.510000228881836,15.6899995803833,19500
2017-10-26,15.380000114440918,15.420000076293945,15.199999809265137,15.279999732971191,7500
2017-10-27,15.180000305175781,15.199999809265137,15.079999923706055,15.199999809265137,14900
2017-10-30,15.100000381469727,15.210000038146973,15.039999961853027,15.180000305175781,7300
2017-10-31,15.239999771118164,15.319999694824219,15.15999984741211,15.15999984741211,13900
2017-11-01,15.380000114440918,15.420000076293945,15.279999732971191,15.300000190734863,4700
2017-11-02,15.229999542236328,15.229999542236328,15.029999732971191,15.180000305175781,12400
2017-11-03,15.550000190734863,15.550000190734863,15.329999923706055,15.350000381469727,9100
2017-11-06,15.40999984741211,15.65999984741211,15.369999885559082,15.619999885559082,6200
2017-11-07,15.319999694824219,15.319999694824219,15.029999732971191,15.180000305175781,30100
2017-11-08,16.479999542236328,16.56999969482422,16.280000686645508,16.479999542236328,13800
2017-11-09,15.9399995803833,16.049999237060547,15.890000343322754,16.049999237060547,8900
2017-11-10,15.869999885559082,15.880000114440918,15.75,15.75,7400
2017-11-13,15.8100004196167,15.8100004196167,15.399999618530273,15.399999618530273,8800
2017-11-14,16.059999465942383,16.18000030517578,16.030000686645508,16.030000686645508,5700
2017-11-15,15.949999809265137,16.0,15.90999984741211,15.90999984741211,4600
2017-11-16,15.770000457763672,15.800000190734863,15.5,15.600000381469727,10600
2017-11-17,15.40999984741211,15.470000267028809,15.319999694824219,15.470000267028809,8100
2017-11-20,15.6899995803833,15.720000267028809,15.600000381469727,15.640000343322754,5600
2017-11-21,15.960000038146973,15.989999771118164,15.789999961853027,15.789999961853027,4400
2017-11-22,16.15999984741211,16.18000030517578,15.960000038146973,16.0,8100
2017-11-24,16.299999237060547,16.399999618530273,16.299999237060547,16.399999618530273,3600
2017-11-27,16.40999984741211,16.5,16.389999389648438,16.5,11200
2017-11-28,16.270000457763672,16.3700008392334,16.190000534057617,16.350000381469727,4800
2017-11-29,15.729999542236328,16.219999313354492,15.550000190734863,16.219999313354492,102000
2017-11-30,15.289999961853027,15.59000015258789,15.270000457763672,15.470000267028809,54500
2017-12-01,15.550000190734863,15.550000190734863,15.390000343322754,15.40999984741211,14100
2017-12-04,15.15999984741211,15.350000381469727,15.15999984741211,15.350000381469727,19000
2017-12-05,15.180000305175781,15.3100004196167,15.0,15.0,10900
2017-12-06,15.140000343322754,15.140000343322754,15.020000457763672,15.020000457763672,2500
2017-12-07,15.380000114440918,15.670000076293945,15.300000190734863,15.369999885559082,13900
2017-12-08,15.609999656677246,15.619999885559082,15.470000267028809,15.470000267028809,7900
2017-12-11,15.109999656677246,15.229999542236328,15.109999656677246,15.210000038146973,7100
2017-12-12,14.699999809265137,14.770000457763672,14.65999984741211,14.760000228881836,8000
2017-12-13,14.800000190734863,14.869999885559082,14.6899995803833,14.6899995803833,5700
2017-12-14,14.949999809265137,14.960000038146973,14.850000381469727,14.859999656677246,4100
2017-12-15,15.010000228881836,15.010000228881836,14.770000457763672,14.779999732971191,7400
2017-12-18,15.220000267028809,15.25,15.130000114440918,15.180000305175781,3300
2017-12-19,15.329999923706055,15.34000015258789,15.210000038146973,15.260000228881836,6800
2017-12-20,15.34000015258789,15.40999984741211,15.239999771118164,15.40999984741211,4500
2017-12-21,15.34000015258789,15.34000015258789,15.239999771118164,15.279999732971191,15900
2017-12-22,15.460000038146973,15.489999771118164,15.369999885559082,15.369999885559082,7600
2017-12-26,15.399999618530273,15.569999694824219,15.399999618530273,15.489999771118164,4900
2017-12-27,15.460000038146973,15.529999732971191,15.399999618530273,15.399999618530273,5600
2017-12-28,15.520000457763672,15.529999732971191,15.449999809265137,15.529999732971191,5700
2017-12-29,15.319999694824219,15.529999732971191,15.319999694824219,15.5,50400
2018-01-02,15.510000228881836,15.510000228881836,15.289999961853027,15.289999961853027,14800
2018-01-03,15.90999984741211,15.9399995803833,15.699999809265137,15.75,19600
2018-01-04,16.06999969482422,16.18000030517578,16.06999969482422,16.139999389648438,9700
2018-01-05,16.200000762939453,16.200000762939453,16.010000228881836,16.049999237060547,3700
2018-01-08,16.239999771118164,16.350000381469727,16.239999771118164,16.299999237060547,11800
2018-01-09,16.700000762939453,16.700000762939453,16.5,16.5,11800
2018-01-10,16.649999618530273,16.75,16.6200008392334,16.739999771118164,15000
2018-01-11,17.190000534057617,17.190000534057617,17.0,17.020000457763672,6100
2018-01-12,17.049999237060547,17.079999923706055,16.969999313354492,17.079999923706055,10500
2018-01-16,17.010000228881836,17.059999465942383,16.950000762939453,17.049999237060547,48400
2018-01-17,16.979999542236328,17.040000915527344,16.940000534057617,16.950000762939453,36300
2018-01-18,16.670000076293945,16.81999969482422,16.579999923706055,16.81999969482422,10800
2018-01-19,16.850000381469727,16.850000381469727,16.799999237060547,16.81999969482422,8700
2018-01-22,16.799999237060547,16.829999923706055,16.760000228881836,16.829999923706055,5900
2018-01-23,16.959999084472656,16.959999084472656,16.790000915527344,16.790000915527344,5200
2018-01-24,16.950000762939453,17.0,16.850000381469727,16.989999771118164,8700
2018-01-25,16.81999969482422,16.889999389648438,16.719999313354492,16.809999465942383,11600
2018-01-26,16.8700008392334,16.90999984741211,16.780000686645508,16.860000610351562,6500
2018-01-29,16.649999618530273,16.809999465942383,16.540000915527344,16.809999465942383,7000
2018-01-30,16.579999923706055,16.600000381469727,16.399999618530273,16.549999237060547,6100
2018-01-31,17.06999969482422,17.139999389648438,17.049999237060547,17.1299991607666,7500
2018-02-01,17.190000534057617,17.209999084472656,16.959999084472656,16.959999084472656,6800
2018-02-02,16.700000762939453,16.8799991607666,16.690000534057617,16.84000015258789,21200
2018-02-05,15.680000305175781,16.510000228881836,15.680000305175781,16.420000076293945,18300
2018-02-06,16.600000381469727,16.600000381469727,15.869999885559082,15.890000343322754,11600
2018-02-07,16.280000686645508,16.530000686645508,16.280000686645508,16.3700008392334,7700
2018-02-08,15.65999984741211,16.280000686645508,15.65999984741211,16.280000686645508,14300
2018-02-09,15.449999809265137,15.449999809265137,14.800000190734863,15.329999923706055,43100
2018-02-12,16.06999969482422,16.1299991607666,15.479999542236328,15.489999771118164,36600
2018-02-13,16.579999923706055,16.670000076293945,16.18000030517578,16.270000457763672,13300
2018-02-14,16.790000915527344,16.790000915527344,16.549999237060547,16.549999237060547,3500
2018-02-15,16.770000457763672,16.809999465942383,16.670000076293945,16.809999465942383,8100
2018-02-16,16.729999542236328,16.940000534057617,16.729999542236328,16.8799991607666,27700
2018-02-20,16.6200008392334,16.90999984741211,16.6200008392334,16.81999969482422,43200
2018-02-21,16.649999618530273,16.829999923706055,16.579999923706055,16.709999084472656,12500
2018-02-22,16.40999984741211,16.530000686645508,16.3799991607666,16.530000686645508,40800
2018-02-23,16.34000015258789,16.3700008392334,16.15999984741211,16.229999542236328,30900
2018-02-26,16.68000030517578,16.790000915527344,16.6299991607666,16.670000076293945,5800
2018-02-27,16.31999969482422,16.6299991607666,16.31999969482422,16.530000686645508,4200
2018-02-28,16.440000534057617,16.579999923706055,16.43000030517578,16.520000457763672,3800
2018-03-01,16.270000457763672,16.459999084472656,16.06999969482422,16.43000030517578,18300
2018-03-02,16.030000686645508,16.18000030517578,15.859999656677246,15.960000038146973,7400
2018-03-05,16.350000381469727,16.3799991607666,16.100000381469727,16.100000381469727,8500
2018-03-06,16.559999465942383,16.579999923706055,16.399999618530273,16.450000762939453,4600
2018-03-07,16.559999465942383,16.670000076293945,16.43000030517578,16.43000030517578,10000
2018-03-08,17.040000915527344,17.1299991607666,16.93000030517578,17.0,10500
2018-03-09,17.399999618530273,17.469999313354492,17.25,17.25,7900
2018-03-12,17.520000457763672,17.6299991607666,17.469999313354492,17.579999923706055,5800
2018-03-13,17.520000457763672,17.540000915527344,17.350000381469727,17.540000915527344,19200
2018-03-14,17.360000610351562,17.59000015258789,17.31999969482422,17.59000015258789,5700
2018-03-15,17.389999389648438,17.520000457763672,17.3700008392334,17.3700008392334,4100
2018-03-16,17.110000610351562,17.479999542236328,17.110000610351562,17.459999084472656,3200
2018-03-19,16.829999923706055,17.040000915527344,16.719999313354492,17.020000457763672,8800
2018-03-20,16.350000381469727,16.829999923706055,16.010000228881836,16.68000030517578,37700
2018-03-21,17.399999618530273,17.540000915527344,17.329999923706055,17.450000762939453,26200
2018-03-22,17.25,17.469999313354492,17.1299991607666,17.420000076293945,1112600
2018-03-23,17.399999618530273,17.690000534057617,17.3700008392334,17.510000228881836,1945900
2018-03-26,17.239999771118164,17.389999389648438,17.0,17.389999389648438,75300
2018-03-27,17.100000381469727,17.450000762939453,17.100000381469727,17.25,49400
2018-03-28,16.729999542236328,17.049999237060547,16.729999542236328,17.049999237060547,49900
2018-03-29,16.940000534057617,16.940000534057617,16.75,16.770000457763672,29500
2018-04-02,16.979999542236328,16.989999771118164,16.350000381469727,16.940000534057617,18600
2018-04-03,16.889999389648438,16.93000030517578,16.690000534057617,16.690000534057617,8200
2018-04-04,17.420000076293945,17.420000076293945,16.200000762939453,16.200000762939453,1165000
2018-04-05,18.010000228881836,18.059999465942383,17.549999237060547,17.670000076293945,1873800
2018-04-06,17.850000381469727,17.979999542236328,17.84000015258789,17.90999984741211,36300
2018-04-09,17.770000457763672,17.899999618530273,17.65999984741211,17.780000686645508,17200
2018-04-10,18.1200008392334,18.219999313354492,17.989999771118164,18.170000076293945,60600
2018-04-11,17.940000534057617,18.020000457763672,17.8700008392334,18.010000228881836,19500
2018-04-12,17.969999313354492,18.010000228881836,17.850000381469727,17.8799991607666,27700
2018-04-13,18.649999618530273,18.649999618530273,18.510000228881836,18.510000228881836,18800
2018-04-16,18.84000015258789,19.0,18.739999771118164,18.739999771118164,37600
2018-04-17,19.229999542236328,19.229999542236328,19.06999969482422,19.09000015258789,33000
2018-04-18,19.649999618530273,19.979999542236328,19.25,19.299999237060547,135900
2018-04-19,19.649999618530273,19.719999313354492,19.479999542236328,19.610000610351562,543500
2018-04-20,19.40999984741211,19.459999084472656,19.31999969482422,19.420000076293945,78000
2018-04-23,19.25,19.469999313354492,19.239999771118164,19.469999313354492,20800
2018-04-24,19.229999542236328,19.540000915527344,19.18000030517578,19.440000534057617,17400
2018-04-25,18.989999771118164,19.139999389648438,18.520000457763672,18.790000915527344,19100
2018-04-26,19.170000076293945,19.280000686645508,19.040000915527344,19.200000762939453,22700
2018-04-27,19.329999923706055,19.329999923706055,19.18000030517578,19.190000534057617,22000
2018-04-30,19.059999465942383,19.139999389648438,18.959999084472656,19.020000457763672,30300
2018-05-01,19.010000228881836,19.010000228881836,18.760000228881836,18.93000030517578,40600
2018-05-02,19.520000457763672,19.639999389648438,19.399999618530273,19.639999389648438,11700
2018-05-03,19.920000076293945,20.049999237060547,19.770000457763672,19.969999313354492,17700
2018-05-04,20.079999923706055,20.09000015258789,19.940000534057617,20.030000686645508,44900
2018-05-07,20.200000762939453,20.299999237060547,20.1200008392334,20.1299991607666,17900
2018-05-08,20.079999923706055,20.34000015258789,20.079999923706055,20.200000762939453,18600
2018-05-09,20.3700008392334,20.43000030517578,20.239999771118164,20.31999969482422,15100
2018-05-10,20.489999771118164,20.489999771118164,20.3700008392334,20.399999618530273,16400
2018-05-11,20.530000686645508,20.549999237060547,20.440000534057617,20.489999771118164,19200
2018-05-14,20.6200008392334,20.799999237060547,20.600000381469727,20.799999237060547,18000
2018-05-15,20.200000762939453,20.43000030517578,20.1299991607666,20.43000030517578,93400
2018-05-16,19.989999771118164,19.989999771118164,19.8799991607666,19.920000076293945,19700
2018-05-17,20.8700008392334,20.8700008392334,19.799999237060547,19.889999389648438,19900
2018-05-18,20.84000015258789,20.84000015258789,20.610000610351562,20.700000762939453,17900
2018-05-21,20.450000762939453,20.899999618530273,20.399999618530273,20.850000381469727,26300
2018-05-22,20.520000457763672,20.670000076293945,20.420000076293945,20.670000076293945,23500
2018-05-23,20.34000015258789,20.34000015258789,20.030000686645508,20.1200008392334,19200
2018-05-24,20.950000762939453,20.950000762939453,20.760000228881836,20.860000610351562,26400
2018-05-25,20.799999237060547,20.889999389648438,20.65999984741211,20.780000686645508,22300
2018-05-29,20.59000015258789,20.780000686645508,20.329999923706055,20.68000030517578,22900
2018-05-30,21.260000228881836,21.34000015258789,21.010000228881836,21.139999389648438,22500
2018-05-31,21.729999542236328,21.729999542236328,21.459999084472656,21.459999084472656,30200
2018-06-01,21.56999969482422,21.6200008392334,21.459999084472656,21.6200008392334,24900
2018-06-04,21.959999084472656,22.06999969482422,21.8799991607666,22.06999969482422,17600
2018-06-05,22.3700008392334,22.5,22.280000686645508,22.3799991607666,25300
2018-06-06,22.639999389648438,22.639999389648438,22.399999618530273,22.489999771118164,86700
2018-06-07,22.34000015258789,22.670000076293945,22.229999542236328,22.670000076293945,52700
2018-06-08,22.549999237060547,22.6200008392334,22.469999313354492,22.489999771118164,43000
2018-06-11,22.899999618530273,23.100000381469727,22.809999465942383,23.100000381469727,37400
2018-06-12,22.709999084472656,22.8799991607666,22.610000610351562,22.860000610351562,74800
2018-06-13,23.170000076293945,23.31999969482422,22.90999984741211,23.1200008392334,39500
2018-06-14,23.15999984741211,23.290000915527344,23.079999923706055,23.209999084472656,21200
2018-06-15,22.81999969482422,22.899999618530273,22.450000762939453,22.649999618530273,81000
2018-06-18,22.799999237060547,22.899999618530273,22.530000686645508,22.56999969482422,26900
2018-06-19,22.559999465942383,22.579999923706055,22.350000381469727,22.3799991607666,48900
2018-06-20,22.709999084472656,22.950000762939453,22.600000381469727,22.950000762939453,34800
2018-06-21,22.399999618530273,22.5,22.290000915527344,22.329999923706055,50300
2018-06-22,22.540000915527344,22.600000381469727,22.290000915527344,22.600000381469727,22500
2018-06-25,21.709999084472656,21.920000076293945,21.530000686645508,21.920000076293945,106100
2018-06-26,21.860000610351562,22.0,21.790000915527344,21.84000015258789,20600
2018-06-27,21.940000534057617,22.260000228881836,21.739999771118164,22.079999923706055,32600
2018-06-28,21.5,21.56999969482422,21.229999542236328,21.34000015258789,97300
2018-06-29,21.8700008392334,22.010000228881836,21.75,21.81999969482422,24400
2018-07-02,21.540000915527344,21.540000915527344,21.239999771118164,21.350000381469727,41500
2018-07-03,21.489999771118164,21.68000030517578,21.43000030517578,21.68000030517578,90600
2018-07-05,21.780000686645508,21.950000762939453,21.75,21.889999389648438,16600
2018-07-06,21.8700008392334,21.889999389648438,21.799999237060547,21.8799991607666,13400
2018-07-09,21.940000534057617,22.280000686645508,21.8799991607666,22.170000076293945,78100
2018-07-10,22.649999618530273,22.700000762939453,22.440000534057617,22.549999237060547,21600
2018-07-11,22.6299991607666,23.0,22.549999237060547,22.760000228881836,15900
2018-07-12,23.200000762939453,23.25,22.989999771118164,22.989999771118164,33700
2018-07-13,23.229999542236328,23.25,23.079999923706055,23.200000762939453,17900
2018-07-16,23.350000381469727,23.3700008392334,23.270000457763672,23.290000915527344,18900
2018-07-17,24.139999389648438,24.139999389648438,23.079999923706055,23.1299991607666,25800
2018-07-18,24.1200008392334,24.549999237060547,24.079999923706055,24.40999984741211,14600
2018-07-19,24.0,24.0,23.65999984741211,23.81999969482422,21800
2018-07-20,24.100000381469727,24.15999984741211,23.760000228881836,23.760000228881836,13300
2018-07-23,23.850000381469727,23.90999984741211,23.739999771118164,23.780000686645508,14100
2018-07-24,23.700000762939453,24.219999313354492,23.639999389648438,24.15999984741211,14400
2018-07-25,23.829999923706055,23.829999923706055,23.40999984741211,23.719999313354492,23700
2018-07-26,23.3799991607666,23.440000534057617,23.3799991607666,23.420000076293945,17100
2018-07-27,23.139999389648438,23.420000076293945,23.09000015258789,23.420000076293945,22700
2018-07-30,22.290000915527344,22.8799991607666,22.280000686645508,22.8799991607666,43400
2018-07-31,22.049999237060547,22.389999389648438,21.989999771118164,22.280000686645508,108200
2018-08-01,21.90999984741211,21.959999084472656,21.790000915527344,21.899999618530273,20800
2018-08-02,21.979999542236328,22.020000457763672,21.690000534057617,21.700000762939453,11600
2018-08-03,22.280000686645508,22.280000686645508,22.1299991607666,22.1299991607666,12200
2018-08-06,22.010000228881836,22.06999969482422,21.90999984741211,22.06999969482422,13600
2018-08-07,21.899999618530273,21.979999542236328,21.81999969482422,21.979999542236328,17800
2018-08-08,21.829999923706055,21.8799991607666,21.780000686645508,21.809999465942383,29000
2018-08-09,21.899999618530273,22.010000228881836,21.799999237060547,21.959999084472656,17900
2018-08-10,21.469999313354492,21.469999313354492,21.219999313354492,21.309999465942383,21300
2018-08-13,21.559999465942383,21.68000030517578,21.479999542236328,21.520000457763672,17000
2018-08-14,21.06999969482422,21.3700008392334,21.0,21.350000381469727,35400
2018-08-15,20.270000457763672,20.489999771118164,20.1299991607666,20.489999771118164,31600
2018-08-16,20.3799991607666,20.520000457763672,20.34000015258789,20.40999984741211,15200
2018-08-17,20.149999618530273,20.239999771118164,20.010000228881836,20.110000610351562,19500
2018-08-20,20.959999084472656,20.969999313354492,20.81999969482422,20.899999618530273,32100
2018-08-21,21.239999771118164,21.290000915527344,21.059999465942383,21.18000030517578,20500
2018-08-22,21.239999771118164,21.299999237060547,21.139999389648438,21.25,18700
2018-08-23,21.639999389648438,21.75,21.6200008392334,21.68000030517578,42400
2018-08-24,21.93000030517578,21.950000762939453,21.670000076293945,21.790000915527344,14900
2018-08-27,22.440000534057617,22.450000762939453,22.219999313354492,22.219999313354492,128700
2018-08-28,22.3799991607666,22.420000076293945,22.229999542236328,22.3799991607666,52400
2018-08-29,22.149999618530273,22.170000076293945,22.059999465942383,22.139999389648438,101300
2018-08-30,22.020000457763672,22.100000381469727,21.809999465942383,21.889999389648438,57900
2018-08-31,21.450000762939453,21.520000457763672,21.030000686645508,21.049999237060547,834800
2018-09-04,20.809999465942383,20.860000610351562,20.690000534057617,20.770000457763672,192800
2018-09-05,20.459999084472656,20.719999313354492,20.280000686645508,20.719999313354492,50100
2018-09-06,20.270000457763672,20.420000076293945,20.139999389648438,20.309999465942383,1045900
2018-09-07,20.299999237060547,20.3799991607666,20.139999389648438,20.18000030517578,93500
2018-09-10,20.510000228881836,20.700000762939453,20.459999084472656,20.700000762939453,34500
2018-09-11,21.40999984741211,21.43000030517578,21.149999618530273,21.290000915527344,39600
2018-09-12,22.25,22.270000457763672,21.889999389648438,22.1200008392334,40600
2018-09-13,21.93000030517578,22.260000228881836,21.81999969482422,22.260000228881836,37500
2018-09-14,22.239999771118164,22.3799991607666,22.059999465942383,22.209999084472656,32900
2018-09-17,21.950000762939453,22.239999771118164,21.899999618530273,22.200000762939453,38700
2018-09-18,22.100000381469727,22.149999618530273,21.90999984741211,21.950000762939453,30400
2018-09-19,21.610000610351562,21.780000686645508,21.549999237060547,21.719999313354492,30800
2018-09-20,21.989999771118164,22.040000915527344,21.81999969482422,22.020000457763672,22500
2018-09-21,21.6299991607666,21.93000030517578,21.600000381469727,21.790000915527344,24600
2018-09-24,21.75,21.8700008392334,21.600000381469727,21.790000915527344,19700
2018-09-25,22.329999923706055,22.3700008392334,22.059999465942383,22.1200008392334,377900
2018-09-26,22.200000762939453,22.649999618530273,22.200000762939453,22.31999969482422,31100
2018-09-27,21.8700008392334,22.030000686645508,21.790000915527344,21.93000030517578,29800
2018-09-28,21.6200008392334,21.780000686645508,21.549999237060547,21.760000228881836,23800
2018-10-01,24.290000915527344,24.290000915527344,22.270000457763672,22.329999923706055,32900
2018-10-02,23.030000686645508,23.18000030517578,22.799999237060547,22.940000534057617,39600
2018-10-03,22.780000686645508,22.979999542236328,22.75,22.81999969482422,33100
2018-10-04,21.860000610351562,22.399999618530273,21.729999542236328,22.350000381469727,34000
2018-10-05,21.360000610351562,21.6299991607666,21.270000457763672,21.40999984741211,26200
2018-10-08,20.530000686645508,20.56999969482422,20.299999237060547,20.450000762939453,24600
2018-10-09,20.5,20.639999389648438,19.959999084472656,19.959999084472656,36900
2018-10-10,19.260000228881836,19.719999313354492,19.25,19.719999313354492,252700
2018-10-11,20.059999465942383,20.229999542236328,19.850000381469727,19.90999984741211,81800
2018-10-12,20.56999969482422,20.690000534057617,20.270000457763672,20.6200008392334,47900
2018-10-15,19.950000762939453,20.040000915527344,19.809999465942383,19.829999923706055,79400
2018-10-16,20.700000762939453,20.729999542236328,20.5,20.690000534057617,32800
2018-10-17,20.420000076293945,20.600000381469727,20.219999313354492,20.469999313354492,40700
2018-10-18,19.950000762939453,20.209999084472656,19.84000015258789,20.18000030517578,40800
2018-10-19,20.190000534057617,20.34000015258789,20.110000610351562,20.209999084472656,117400
2018-10-22,19.639999389648438,19.989999771118164,19.6200008392334,19.989999771118164,30700
2018-10-23,19.0,19.0,18.649999618530273,18.829999923706055,53700
2018-10-24,18.520000457763672,18.989999771118164,18.510000228881836,18.989999771118164,42700
2018-10-25,19.18000030517578,19.229999542236328,19.010000228881836,19.110000610351562,49300
2018-10-26,19.15999984741211,19.309999465942383,18.829999923706055,18.950000762939453,46900
2018-10-29,18.8799991607666,19.700000762939453,18.790000915527344,19.420000076293945,41800
2018-10-30,18.209999084472656,19.31999969482422,18.0,18.399999618530273,52700
2018-10-31,17.959999084472656,18.110000610351562,17.520000457763672,18.0,308700
2018-11-01,17.899999618530273,17.959999084472656,17.670000076293945,17.68000030517578,52400
2018-11-02,18.639999389648438,19.010000228881836,18.469999313354492,18.899999618530273,41300
2018-11-05,17.479999542236328,18.100000381469727,17.3700008392334,18.0,81600
2018-11-06,17.739999771118164,17.920000076293945,17.600000381469727,17.600000381469727,53500
2018-11-07,17.899999618530273,18.0,17.75,17.770000457763672,47800
2018-11-08,17.25,17.489999771118164,17.25,17.459999084472656,34200
2018-11-09,16.3799991607666,16.579999923706055,16.290000915527344,16.469999313354492,58800
2018-11-12,16.190000534057617,16.5,16.18000030517578,16.5,85100
2018-11-13,16.139999389648438,16.360000610351562,16.049999237060547,16.1299991607666,43500
2018-11-14,16.309999465942383,16.3799991607666,16.15999984741211,16.219999313354492,89100
2018-11-15,15.989999771118164,16.06999969482422,15.789999961853027,15.9399995803833,123500
2018-11-16,16.040000915527344,16.079999923706055,15.869999885559082,15.869999885559082,36600
2018-11-19,15.350000381469727,15.960000038146973,15.34000015258789,15.960000038146973,93900
2018-11-20,14.600000381469727,14.800000190734863,14.039999961853027,14.09000015258789,120500
2018-11-21,15.140000343322754,15.350000381469727,14.989999771118164,14.989999771118164,55400
2018-11-23,15.170000076293945,15.289999961853027,14.960000038146973,15.039999961853027,74300
2018-11-26,15.350000381469727,15.430000305175781,15.1899995803833,15.229999542236328,90300
2018-11-27,15.079999923706055,15.100000381469727,14.920000076293945,15.100000381469727,104300
2018-11-28,15.380000114440918,15.390000343322754,15.020000457763672,15.020000457763672,74100
2018-11-29,16.020000457763672,16.079999923706055,15.899999618530273,15.949999809265137,108600
2018-11-30,16.329999923706055,16.3799991607666,16.0,16.079999923706055,86900
2018-12-03,16.540000915527344,16.670000076293945,16.40999984741211,16.649999618530273,72300
2018-12-04,16.06999969482422,16.459999084472656,16.020000457763672,16.420000076293945,119000
2018-12-06,15.270000457763672,15.279999732971191,14.899999618530273,15.0600004196167,159300
2018-12-07,15.479999542236328,15.699999809265137,15.380000114440918,15.670000076293945,110100
2018-12-10,15.539999961853027,15.720000267028809,15.300000190734863,15.460000038146973,152100
2018-12-11,15.430000305175781,15.649999618530273,15.329999923706055,15.59000015258789,619900
2018-12-12,15.569999694824219,15.699999809265137,15.430000305175781,15.479999542236328,106300
2018-12-13,15.920000076293945,16.1299991607666,15.890000343322754,16.0,156400
2018-12-14,15.680000305175781,15.770000457763672,15.569999694824219,15.609999656677246,102800
2018-12-17,15.520000457763672,15.779999732971191,15.460000038146973,15.760000228881836,126200
2018-12-18,15.739999771118164,15.770000457763672,15.4399995803833,15.600000381469727,522000
2018-12-19,16.06999969482422,16.389999389648438,16.0,16.170000076293945,951700
2018-12-20,15.1899995803833,15.5600004196167,15.100000381469727,15.3100004196167,614500
2018-12-21,15.069999694824219,15.8100004196167,15.010000228881836,15.8100004196167,200700
2018-12-24,15.1899995803833,15.420000076293945,15.020000457763672,15.020000457763672,115900
2018-12-26,15.399999618530273,15.449999809265137,14.890000343322754,14.890000343322754,190000
2018-12-27,15.600000381469727,15.600000381469727,15.210000038146973,15.350000381469727,137100
2018-12-28,15.9399995803833,15.970000267028809,15.710000038146973,15.720000267028809,150900
2018-12-31,16.170000076293945,16.18000030517578,15.960000038146973,16.020000457763672,242200
2019-01-02,15.789999961853027,15.84000015258789,15.680000305175781,15.729999542236328,152800
2019-01-03,14.920000076293945,15.359999656677246,14.920000076293945,15.359999656677246,333500
2019-01-04,15.649999618530273,15.720000267028809,15.329999923706055,15.350000381469727,286200
2019-01-07,16.219999313354492,16.280000686645508,15.989999771118164,15.989999771118164,223200
2019-01-08,17.200000762939453,17.239999771118164,17.139999389648438,17.15999984741211,161100
2019-01-09,17.510000228881836,17.690000534057617,17.3700008392334,17.639999389648438,45400
2019-01-10,17.90999984741211,17.93000030517578,17.459999084472656,17.459999084472656,97100
2019-01-11,17.860000610351562,17.940000534057617,17.729999542236328,17.940000534057617,535300
2019-01-14,17.559999465942383,17.6200008392334,17.3700008392334,17.440000534057617,306600
2019-01-15,17.920000076293945,17.959999084472656,17.81999969482422,17.829999923706055,62400
2019-01-16,17.75,18.0,17.700000762939453,18.0,34800
2019-01-17,17.489999771118164,17.559999465942383,17.389999389648438,17.450000762939453,122000
2019-01-18,17.760000228881836,17.860000610351562,17.450000762939453,17.56999969482422,103700
2019-01-22,17.6299991607666,17.829999923706055,17.56999969482422,17.81999969482422,141400
2019-01-23,17.719999313354492,17.959999084472656,17.670000076293945,17.8700008392334,30000
2019-01-24,17.34000015258789,17.450000762939453,17.260000228881836,17.31999969482422,61200
2019-01-25,17.43000030517578,17.56999969482422,17.399999618530273,17.40999984741211,30800
2019-01-28,17.639999389648438,17.670000076293945,17.5,17.540000915527344,110200
2019-01-29,17.700000762939453,17.829999923706055,17.600000381469727,17.670000076293945,28200
2019-01-30,17.969999313354492,18.06999969482422,17.729999542236328,17.969999313354492,29200
2019-01-31,17.770000457763672,17.93000030517578,17.579999923706055,17.729999542236328,47400
2019-02-01,17.540000915527344,17.719999313354492,17.469999313354492,17.719999313354492,27000
2019-02-04,17.84000015258789,17.860000610351562,17.670000076293945,17.81999969482422,42200
2019-02-05,18.149999618530273,18.209999084472656,18.06999969482422,18.100000381469727,61200
2019-02-06,16.469999313354492,16.729999542236328,16.25,16.729999542236328,78700
2019-02-07,16.59000015258789,16.6299991607666,16.360000610351562,16.540000915527344,37300
2019-02-08,15.8100004196167,15.949999809265137,15.699999809265137,15.829999923706055,39300
2019-02-11,15.5,16.020000457763672,15.470000267028809,16.020000457763672,60600
2019-02-12,15.119999885559082,15.170000076293945,15.0,15.029999732971191,103500
2019-02-13,14.859999656677246,15.050000190734863,14.770000457763672,15.039999961853027,43500
2019-02-14,15.140000343322754,15.5,15.079999923706055,15.489999771118164,58600
2019-02-15,15.1899995803833,15.399999618530273,15.029999732971191,15.359999656677246,56800
2019-02-19,15.359999656677246,15.380000114440918,15.210000038146973,15.260000228881836,82100
2019-02-20,15.170000076293945,15.34000015258789,15.170000076293945,15.300000190734863,53200
2019-02-21,14.770000457763672,14.930000305175781,14.770000457763672,14.930000305175781,46500
2019-02-22,14.890000343322754,15.079999923706055,14.850000381469727,15.010000228881836,168500
2019-02-25,14.890000343322754,15.0,14.859999656677246,14.920000076293945,57700
2019-02-26,14.6899995803833,14.850000381469727,14.630000114440918,14.850000381469727,83700
2019-02-27,14.399999618530273,14.5,14.34000015258789,14.5,23900
2019-02-28,14.40999984741211,14.600000381469727,14.40999984741211,14.569999694824219,90100
2019-03-01,14.770000457763672,14.829999923706055,14.649999618530273,14.829999923706055,41400
2019-03-04,15.050000190734863,15.1899995803833,14.970000267028809,15.1899995803833,64200
2019-03-05,14.880000114440918,14.960000038146973,14.779999732971191,14.949999809265137,38600
2019-03-06,15.09000015258789,15.199999809265137,14.90999984741211,14.90999984741211,95800
2019-03-07,15.1899995803833,15.34000015258789,15.100000381469727,15.210000038146973,365800
2019-03-08,15.550000190734863,15.600000381469727,15.359999656677246,15.4399995803833,97400
2019-03-11,15.319999694824219,15.329999923706055,15.050000190734863,15.079999923706055,295300
2019-03-12,15.529999732971191,15.640000343322754,15.380000114440918,15.470000267028809,417100
2019-03-13,15.979999542236328,16.0,15.579999923706055,15.579999923706055,182600
2019-03-14,16.260000228881836,16.299999237060547,16.200000762939453,16.200000762939453,34300
2019-03-15,16.81999969482422,16.850000381469727,16.43000030517578,16.469999313354492,498000
2019-03-18,17.030000686645508,17.040000915527344,16.889999389648438,17.0,53800
2019-03-19,17.18000030517578,17.209999084472656,17.0,17.09000015258789,117700
2019-03-20,17.899999618530273,18.0,17.610000610351562,17.700000762939453,71600
2019-03-21,18.360000610351562,18.3799991607666,17.8700008392334,17.8700008392334,147000
2019-03-22,17.989999771118164,18.530000686645508,17.850000381469727,18.479999542236328,63900
2019-03-25,17.899999618530273,18.040000915527344,17.8700008392334,17.950000762939453,71000
2019-03-26,17.790000915527344,17.889999389648438,17.68000030517578,17.889999389648438,38500
2019-03-27,17.559999465942383,17.700000762939453,17.450000762939453,17.639999389648438,33800
2019-03-28,17.670000076293945,17.719999313354492,17.34000015258789,17.59000015258789,40300
2019-03-29,17.850000381469727,17.93000030517578,17.709999084472656,17.8799991607666,21800
2019-04-01,17.959999084472656,18.0,17.860000610351562,17.959999084472656,236100
2019-04-02,17.75,17.760000228881836,17.6200008392334,17.700000762939453,20500
2019-04-03,17.969999313354492,18.0,17.829999923706055,17.979999542236328,26100
2019-04-04,17.950000762939453,18.0,17.899999618530273,17.899999618530273,67100
2019-04-05,18.040000915527344,18.040000915527344,17.940000534057617,17.950000762939453,20200
2019-04-08,18.0,18.100000381469727,17.93000030517578,18.100000381469727,55100
2019-04-09,17.959999084472656,18.09000015258789,17.729999542236328,17.959999084472656,35500
2019-04-10,18.110000610351562,18.170000076293945,18.059999465942383,18.059999465942383,34400
2019-04-11,18.15999984741211,18.229999542236328,18.020000457763672,18.020000457763672,45100
2019-04-12,18.329999923706055,18.469999313354492,18.309999465942383,18.43000030517578,34600
2019-04-15,18.350000381469727,18.5,18.350000381469727,18.5,377200
2019-04-16,17.969999313354492,18.100000381469727,17.93000030517578,18.0,35000
2019-04-17,17.93000030517578,17.969999313354492,17.829999923706055,17.969999313354492,67400
2019-04-18,18.059999465942383,18.09000015258789,17.850000381469727,17.920000076293945,161800
2019-04-22,18.049999237060547,18.100000381469727,18.010000228881836,18.100000381469727,19000
2019-04-23,18.229999542236328,18.270000457763672,17.950000762939453,18.0,20400
2019-04-24,18.450000762939453,18.59000015258789,18.3799991607666,18.59000015258789,27400
2019-04-25,18.260000228881836,18.290000915527344,17.979999542236328,18.0,30200
2019-04-26,18.84000015258789,18.8799991607666,18.760000228881836,18.850000381469727,56400
2019-04-29,18.700000762939453,18.709999084472656,18.559999465942383,18.649999618530273,20900
2019-04-30,19.149999618530273,19.219999313354492,18.889999389648438,18.889999389648438,25800
2019-05-01,18.969999313354492,19.25,18.969999313354492,19.25,35600
2019-05-02,18.75,18.780000686645508,18.6200008392334,18.690000534057617,24600
2019-05-03,18.75,18.760000228881836,18.530000686645508,18.59000015258789,23600
2019-05-06,18.459999084472656,18.459999084472656,18.280000686645508,18.360000610351562,38700
2019-05-07,18.1299991607666,18.459999084472656,18.020000457763672,18.459999084472656,36800
2019-05-08,18.68000030517578,18.75,18.5,18.5,26500
2019-05-09,18.3799991607666,18.489999771118164,18.229999542236328,18.309999465942383,1031400
2019-05-10,18.75,18.860000610351562,18.579999923706055,18.6299991607666,658400
2019-05-13,18.079999923706055,18.389999389648438,18.059999465942383,18.329999923706055,1771800
2019-05-14,18.18000030517578,18.299999237060547,18.0,18.0,589000
2019-05-15,17.25,18.520000457763672,16.90999984741211,18.100000381469727,740600
2019-05-16,16.200000762939453,16.40999984741211,16.09000015258789,16.350000381469727,1477700
2019-05-17,16.030000686645508,16.18000030517578,15.609999656677246,15.699999809265137,2066200
2019-05-20,15.779999732971191,15.8100004196167,15.539999961853027,15.609999656677246,2304900
2019-05-21,15.949999809265137,15.970000267028809,15.720000267028809,15.75,860700
2019-05-22,16.1200008392334,16.149999618530273,15.850000381469727,15.880000114440918,1785100
2019-05-23,15.649999618530273,15.699999809265137,15.4399995803833,15.550000190734863,430000
2019-05-24,16.030000686645508,16.030000686645508,15.850000381469727,16.010000228881836,674700
2019-05-28,15.819999694824219,16.0,15.8100004196167,15.920000076293945,595700
2019-05-29,15.850000381469727,15.859999656677246,15.720000267028809,15.84000015258789,772600
2019-05-30,16.100000381469727,16.15999984741211,16.020000457763672,16.09000015258789,570400
2019-05-31,16.360000610351562,16.3700008392334,16.200000762939453,16.229999542236328,356400
2019-06-03,16.440000534057617,16.5,16.3799991607666,16.399999618530273,67200
2019-06-04,16.0,16.030000686645508,15.699999809265137,15.710000038146973,53000
2019-06-05,15.760000228881836,15.960000038146973,15.739999771118164,15.960000038146973,86500
2019-06-06,16.0,16.030000686645508,15.890000343322754,15.890000343322754,46700
2019-06-07,16.5,16.68000030517578,16.450000762939453,16.450000762939453,53900
2019-06-10,16.559999465942383,16.579999923706055,16.40999984741211,16.530000686645508,223600
2019-06-11,16.139999389648438,16.15999984741211,16.010000228881836,16.049999237060547,166700
2019-06-12,15.850000381469727,16.010000228881836,15.729999542236328,15.729999542236328,62100
2019-06-13,15.569999694824219,15.739999771118164,15.5600004196167,15.739999771118164,64400
2019-06-14,15.180000305175781,15.3100004196167,15.140000343322754,15.300000190734863,444200
2019-06-17,15.069999694824219,15.09000015258789,14.829999923706055,14.829999923706055,56500
2019-06-18,15.199999809265137,15.3100004196167,15.149999618530273,15.270000457763672,53000
2019-06-19,15.380000114440918,15.390000343322754,15.25,15.25,40300
2019-06-20,15.649999618530273,15.65999984741211,15.489999771118164,15.520000457763672,57800
2019-06-21,15.550000190734863,15.649999618530273,15.420000076293945,15.579999923706055,128700
2019-06-24,15.239999771118164,15.40999984741211,15.239999771118164,15.40999984741211,78600
2019-06-25,15.289999961853027,15.479999542236328,15.239999771118164,15.449999809265137,48300
2019-06-26,15.210000038146973,15.399999618530273,15.210000038146973,15.3100004196167,38100
2019-06-27,15.84000015258789,15.84000015258789,15.279999732971191,15.350000381469727,64900
2019-06-28,15.5600004196167,15.649999618530273,15.470000267028809,15.470000267028809,83000
2019-07-01,15.569999694824219,15.699999809265137,15.529999732971191,15.550000190734863,42000
2019-07-02,15.739999771118164,15.930000305175781,15.710000038146973,15.850000381469727,56900
2019-07-03,16.389999389648438,16.389999389648438,16.260000228881836,16.309999465942383,46200
2019-07-05,16.079999923706055,16.139999389648438,15.930000305175781,16.110000610351562,61800
2019-07-08,15.880000114440918,16.049999237060547,15.880000114440918,15.989999771118164,45500
2019-07-09,15.920000076293945,15.979999542236328,15.729999542236328,15.729999542236328,43700
2019-07-10,16.559999465942383,16.610000610351562,16.299999237060547,16.299999237060547,40100
2019-07-11,16.34000015258789,16.389999389648438,16.229999542236328,16.3799991607666,39900
2019-07-12,16.360000610351562,16.459999084472656,16.350000381469727,16.420000076293945,56700
2019-07-15,16.770000457763672,16.889999389648438,16.649999618530273,16.760000228881836,407600
2019-07-16,16.56999969482422,16.649999618530273,16.489999771118164,16.549999237060547,40600
2019-07-17,16.850000381469727,17.5,16.290000915527344,16.43000030517578,68000
2019-07-18,17.15999984741211,17.239999771118164,16.969999313354492,17.030000686645508,51000
2019-07-19,17.489999771118164,17.59000015258789,17.420000076293945,17.540000915527344,46800
2019-07-22,17.059999465942383,17.1200008392334,16.860000610351562,17.1200008392334,46600
2019-07-23,16.670000076293945,16.959999084472656,16.649999618530273,16.959999084472656,39000
2019-07-24,16.8799991607666,16.940000534057617,16.809999465942383,16.93000030517578,26600
2019-07-25,17.010000228881836,17.110000610351562,16.860000610351562,17.110000610351562,58400
2019-07-26,16.889999389648438,16.889999389648438,16.700000762939453,16.709999084472656,46300
2019-07-29,16.729999542236328,16.739999771118164,16.610000610351562,16.690000534057617,34200
2019-07-30,16.56999969482422,16.56999969482422,16.3799991607666,16.479999542236328,91800
2019-07-31,16.450000762939453,16.719999313354492,16.450000762939453,16.719999313354492,59500
2019-08-01,16.479999542236328,16.600000381469727,16.360000610351562,16.3700008392334,66700
2019-08-02,16.260000228881836,16.280000686645508,16.1200008392334,16.25,36700
2019-08-05,15.670000076293945,15.9399995803833,15.59000015258789,15.899999618530273,111800
2019-08-06,15.880000114440918,15.989999771118164,15.75,15.930000305175781,86300
2019-08-07,15.850000381469727,15.970000267028809,15.75,15.84000015258789,56300
2019-08-08,15.989999771118164,16.200000762939453,15.989999771118164,16.040000915527344,38300
2019-08-09,16.350000381469727,16.350000381469727,16.1200008392334,16.31999969482422,38400
2019-08-12,16.149999618530273,16.290000915527344,16.139999389648438,16.25,41200
2019-08-13,16.270000457763672,16.350000381469727,16.110000610351562,16.110000610351562,36800
2019-08-14,15.6899995803833,15.880000114440918,15.6899995803833,15.770000457763672,83800
2019-08-15,15.510000228881836,15.619999885559082,15.460000038146973,15.5,64500
2019-08-16,15.9399995803833,15.979999542236328,15.579999923706055,15.640000343322754,52800
2019-08-19,16.040000915527344,16.299999237060547,16.040000915527344,16.219999313354492,41000
2019-08-20,15.880000114440918,16.049999237060547,15.880000114440918,16.040000915527344,45100
2019-08-21,16.3700008392334,16.40999984741211,16.270000457763672,16.329999923706055,46800
2019-08-22,16.06999969482422,16.260000228881836,16.049999237060547,16.260000228881836,33500
2019-08-23,15.869999885559082,16.1200008392334,15.850000381469727,15.9399995803833,55500
2019-08-26,15.90999984741211,16.059999465942383,15.890000343322754,16.059999465942383,52100
2019-08-27,15.9399995803833,16.209999084472656,15.9399995803833,16.139999389648438,63200
2019-08-28,15.75,15.84000015258789,15.739999771118164,15.760000228881836,38700
2019-08-29,16.020000457763672,16.059999465942383,15.899999618530273,16.049999237060547,39900
2019-08-30,16.139999389648438,16.219999313354492,16.049999237060547,16.190000534057617,52600
2019-09-03,15.800000190734863,15.9399995803833,15.65999984741211,15.699999809265137,93300
2019-09-04,15.979999542236328,16.0,15.859999656677246,15.949999809265137,50900
2019-09-05,16.079999923706055,16.209999084472656,16.079999923706055,16.15999984741211,51200
2019-09-06,15.770000457763672,15.930000305175781,15.770000457763672,15.8100004196167,27900
2019-09-09,15.520000457763672,15.720000267028809,15.420000076293945,15.640000343322754,49500
2019-09-10,15.609999656677246,15.739999771118164,15.380000114440918,15.40999984741211,75800
2019-09-11,15.869999885559082,15.920000076293945,15.800000190734863,15.850000381469727,45700
2019-09-12,16.020000457763672,16.110000610351562,15.850000381469727,15.850000381469727,61000
2019-09-13,16.020000457763672,16.149999618530273,15.920000076293945,15.949999809265137,222200
2019-09-16,15.920000076293945,16.020000457763672,15.920000076293945,15.949999809265137,86300
2019-09-17,15.550000190734863,15.579999923706055,15.380000114440918,15.420000076293945,30100
2019-09-18,15.210000038146973,15.289999961853027,15.029999732971191,15.25,62000
2019-09-19,15.100000381469727,15.279999732971191,15.0600004196167,15.270000457763672,71200
2019-09-20,15.399999618530273,15.609999656677246,15.359999656677246,15.479999542236328,58400
2019-09-23,15.180000305175781,15.25,15.15999984741211,15.25,57600
2019-09-24,14.850000381469727,15.170000076293945,14.819999694824219,15.109999656677246,101600
2019-09-25,14.649999618530273,14.770000457763672,14.510000228881836,14.720000267028809,53900
2019-09-26,14.680000305175781,14.819999694824219,14.619999885559082,14.739999771118164,102400
2019-09-27,14.600000381469727,14.770000457763672,14.600000381469727,14.729999542236328,42700
2019-09-30,14.319999694824219,14.579999923706055,14.199999809265137,14.569999694824219,155300
2019-10-01,13.84000015258789,14.09000015258789,13.729999542236328,14.09000015258789,102700
2019-10-02,13.649999618530273,13.720000267028809,13.510000228881836,13.609999656677246,88200
2019-10-03,13.869999885559082,13.899999618530273,13.59000015258789,13.75,75400
2019-10-04,13.779999732971191,13.8100004196167,13.680000305175781,13.8100004196167,76800
2019-10-07,13.0,13.229999542236328,12.930000305175781,13.109999656677246,102200
2019-10-08,12.739999771118164,12.770000457763672,12.640000343322754,12.739999771118164,112600
2019-10-09,12.770000457763672,12.8100004196167,12.720000267028809,12.729999542236328,687700
2019-10-10,12.40999984741211,12.529999732971191,12.40999984741211,12.4399995803833,136000
2019-10-11,12.699999809265137,12.699999809265137,12.529999732971191,12.529999732971191,24100
2019-10-14,12.619999885559082,12.640000343322754,12.529999732971191,12.579999923706055,419600
2019-10-15,12.880000114440918,12.930000305175781,12.720000267028809,12.729999542236328,191400
2019-10-16,12.649999618530273,12.829999923706055,12.630000114440918,12.829999923706055,475700
2019-10-17,12.869999885559082,12.930000305175781,12.739999771118164,12.84000015258789,403100
2019-10-18,12.649999618530273,12.65999984741211,12.460000038146973,12.460000038146973,77000
2019-10-21,12.600000381469727,12.609999656677246,12.520000457763672,12.600000381469727,84800
2019-10-22,12.470000267028809,12.569999694824219,12.430000305175781,12.550000190734863,116400
2019-10-23,12.399999618530273,12.4399995803833,12.279999732971191,12.359999656677246,86800
2019-10-24,10.34000015258789,12.470000267028809,10.25,12.430000305175781,579900
2019-10-25,10.369999885559082,10.569999694824219,10.039999961853027,10.0600004196167,310400
2019-10-28,11.510000228881836,11.539999961853027,10.800000190734863,10.800000190734863,126100
2019-10-29,11.40999984741211,11.5600004196167,11.369999885559082,11.529999732971191,82900
2019-10-30,11.5,11.670000076293945,11.3100004196167,11.359999656677246,105000
2019-10-31,11.75,11.9399995803833,11.65999984741211,11.680000305175781,205700
2019-11-01,12.15999984741211,12.199999809265137,11.850000381469727,11.920000076293945,382300
2019-11-04,11.609999656677246,11.84000015258789,11.569999694824219,11.8100004196167,233800
2019-11-05,11.300000190734863,11.359999656677246,11.279999732971191,11.329999923706055,121100
2019-11-06,11.020000457763672,11.239999771118164,11.020000457763672,11.239999771118164,173400
2019-11-07,10.890000343322754,11.109999656677246,10.890000343322754,11.079999923706055,152200
2019-11-08,11.15999984741211,11.210000038146973,11.0600004196167,11.09000015258789,199100
2019-11-11,11.25,11.34000015258789,11.1899995803833,11.1899995803833,236200
2019-11-12,11.100000381469727,11.300000190734863,11.100000381469727,11.270000457763672,93900
2019-11-13,11.199999809265137,11.25,11.140000343322754,11.170000076293945,108100
2019-11-14,11.210000038146973,11.319999694824219,11.149999618530273,11.210000038146973,163800
2019-11-15,11.149999618530273,11.270000457763672,11.130000114440918,11.1899995803833,496600
2019-11-18,10.850000381469727,11.109999656677246,10.850000381469727,10.979999542236328,2339700
2019-11-19,11.0600004196167,11.0600004196167,10.970000267028809,11.050000190734863,2125600
2019-11-20,11.279999732971191,11.420000076293945,11.270000457763672,11.3100004196167,794300
2019-11-21,11.470000267028809,11.520000457763672,11.420000076293945,11.489999771118164,888200
2019-11-22,11.529999732971191,11.630000114440918,11.470000267028809,11.630000114440918,2513200
2019-11-25,11.699999809265137,11.779999732971191,11.6899995803833,11.720000267028809,899800
2019-11-26,11.979999542236328,12.079999923706055,11.949999809265137,12.029999732971191,2348300
2019-11-27,12.069999694824219,12.260000228881836,12.0600004196167,12.140000343322754,3997300
2019-11-29,12.020000457763672,12.199999809265137,11.979999542236328,12.1899995803833,2094600
2019-12-02,12.220000267028809,12.359999656677246,12.210000038146973,12.329999923706055,721800
2019-12-03,12.149999618530273,12.149999618530273,11.989999771118164,12.039999961853027,898800
2019-12-04,12.779999732971191,12.880000114440918,12.739999771118164,12.84000015258789,1155700
2019-12-05,12.9399995803833,13.130000114440918,12.90999984741211,13.109999656677246,1114700
2019-12-06,12.779999732971191,12.829999923706055,12.710000038146973,12.819999694824219,891000
2019-12-09,12.520000457763672,12.569999694824219,12.4399995803833,12.5,856100
2019-12-10,12.520000457763672,12.59000015258789,12.470000267028809,12.470000267028809,686700
2019-12-11,12.390000343322754,12.430000305175781,12.319999694824219,12.390000343322754,681700
2019-12-12,12.9399995803833,12.979999542236328,12.699999809265137,12.720000267028809,96600
2019-12-13,13.489999771118164,13.539999961853027,13.390000343322754,13.390000343322754,200000
2019-12-16,13.609999656677246,13.6899995803833,13.579999923706055,13.670000076293945,61500
2019-12-17,13.399999618530273,13.4399995803833,13.369999885559082,13.380000114440918,25100
2019-12-18,13.199999809265137,13.260000228881836,13.170000076293945,13.199999809265137,58000
2019-12-19,13.390000343322754,13.40999984741211,13.279999732971191,13.279999732971191,417600
2019-12-20,13.640000343322754,13.680000305175781,13.40999984741211,13.460000038146973,418700
2019-12-23,13.539999961853027,13.600000381469727,13.489999771118164,13.5,71800
2019-12-24,13.479999542236328,13.550000190734863,13.479999542236328,13.510000228881836,83200
2019-12-26,13.5,13.579999923706055,13.479999542236328,13.489999771118164,51700
2019-12-27,13.65999984741211,13.720000267028809,13.649999618530273,13.699999809265137,45300
2019-12-30,13.65999984741211,13.75,13.65999984741211,13.699999809265137,168700
2019-12-31,13.779999732971191,13.779999732971191,13.710000038146973,13.710000038146973,15000
2020-01-02,13.930000305175781,14.0,13.880000114440918,13.930000305175781,19200
2020-01-03,13.890000343322754,14.010000228881836,13.880000114440918,13.970000267028809,42100
2020-01-06,13.920000076293945,13.920000076293945,13.710000038146973,13.729999542236328,112300
2020-01-07,13.600000381469727,13.829999923706055,13.550000190734863,13.829999923706055,103200
2020-01-08,14.15999984741211,14.210000038146973,13.90999984741211,13.979999542236328,324600
2020-01-09,14.369999885559082,14.489999771118164,14.3100004196167,14.4399995803833,51900
2020-01-10,14.4399995803833,14.550000190734863,14.329999923706055,14.350000381469727,80600
2020-01-13,14.609999656677246,14.680000305175781,14.550000190734863,14.550000190734863,87400
2020-01-14,14.470000267028809,14.579999923706055,14.449999809265137,14.460000038146973,27900
2020-01-15,14.430000305175781,14.529999732971191,14.399999618530273,14.449999809265137,68600
2020-01-16,14.329999923706055,14.420000076293945,14.289999961853027,14.34000015258789,50400
2020-01-17,13.829999923706055,13.829999923706055,13.720000267028809,13.8100004196167,72500
2020-01-21,14.039999961853027,14.100000381469727,13.979999542236328,14.100000381469727,60900
2020-01-22,14.149999618530273,14.289999961853027,14.100000381469727,14.289999961853027,51500
2020-01-23,14.260000228881836,14.319999694824219,14.100000381469727,14.239999771118164,56000
2020-01-24,14.520000457763672,14.569999694824219,14.399999618530273,14.479999542236328,36000
2020-01-27,14.579999923706055,14.619999885559082,14.359999656677246,14.390000343322754,55700
2020-01-28,15.210000038146973,15.270000457763672,14.859999656677246,14.920000076293945,29400
2020-01-29,15.239999771118164,15.270000457763672,15.15999984741211,15.1899995803833,135000
2020-01-30,15.100000381469727,15.180000305175781,15.029999732971191,15.0600004196167,78000
2020-01-31,15.119999885559082,15.1899995803833,15.0600004196167,15.170000076293945,38000
2020-02-03,15.300000190734863,15.329999923706055,15.170000076293945,15.260000228881836,132100
2020-02-04,15.399999618530273,15.399999618530273,15.15999984741211,15.15999984741211,107000
2020-02-05,15.729999542236328,15.729999542236328,15.569999694824219,15.609999656677246,100100
2020-02-06,15.760000228881836,15.800000190734863,15.630000114440918,15.680000305175781,41900
2020-02-07,15.9399995803833,16.15999984741211,15.920000076293945,15.989999771118164,23200
2020-02-10,15.899999618530273,15.989999771118164,15.760000228881836,15.779999732971191,16800
2020-02-11,15.989999771118164,16.059999465942383,15.90999984741211,15.989999771118164,46900
2020-02-12,16.100000381469727,16.149999618530273,16.010000228881836,16.010000228881836,61600
2020-02-13,16.149999618530273,16.200000762939453,16.030000686645508,16.059999465942383,19600
2020-02-14,16.18000030517578,16.229999542236328,16.100000381469727,16.100000381469727,21900
2020-02-18,15.880000114440918,15.920000076293945,15.720000267028809,15.770000457763672,58900
2020-02-19,16.1299991607666,16.190000534057617,16.040000915527344,16.1200008392334,22100
2020-02-20,16.229999542236328,16.229999542236328,16.139999389648438,16.149999618530273,20300
2020-02-21,16.34000015258789,16.360000610351562,16.18000030517578,16.309999465942383,19200
2020-02-24,16.18000030517578,16.229999542236328,15.720000267028809,15.760000228881836,126300
2020-02-25,15.460000038146973,15.949999809265137,15.460000038146973,15.9399995803833,56800
2020-02-26,15.569999694824219,15.859999656677246,15.489999771118164,15.760000228881836,22800
2020-02-27,14.84000015258789,15.210000038146973,14.800000190734863,14.880000114440918,107000
2020-02-28,14.960000038146973,15.220000267028809,14.6899995803833,14.770000457763672,50400
2020-03-02,15.039999961853027,15.079999923706055,14.670000076293945,14.6899995803833,32600
2020-03-03,15.149999618530273,15.479999542236328,15.029999732971191,15.380000114440918,49400
2020-03-04,15.550000190734863,15.550000190734863,15.069999694824219,15.25,45700
2020-03-05,15.430000305175781,15.520000457763672,15.359999656677246,15.40999984741211,30700
2020-03-06,14.890000343322754,14.90999984741211,14.720000267028809,14.760000228881836,59400
2020-03-09,13.819999694824219,14.319999694824219,13.789999961853027,14.0,77800
2020-03-10,14.449999809265137,14.770000457763672,13.84000015258789,14.770000457763672,74800
2020-03-11,13.760000228881836,13.989999771118164,13.609999656677246,13.979999542236328,54200
2020-03-12,12.40999984741211,12.779999732971191,12.15999984741211,12.489999771118164,108400
2020-03-13,12.9399995803833,13.520000457763672,12.40999984741211,13.520000457763672,263800
2020-03-16,13.039999961853027,13.5,11.699999809265137,11.880000114440918,86600
2020-03-17,14.34000015258789,14.600000381469727,13.640000343322754,14.149999618530273,100200
2020-03-18,13.020000457763672,14.5,12.59000015258789,14.210000038146973,68600
2020-03-19,12.510000228881836,13.15999984741211,12.300000190734863,13.0,65100
2020-03-20,12.65999984741211,13.260000228881836,12.430000305175781,13.130000114440918,89500
2020-03-23,12.869999885559082,13.800000190734863,12.65999984741211,13.220000267028809,82900
2020-03-24,13.699999809265137,14.0600004196167,13.579999923706055,13.960000038146973,59000
2020-03-25,13.5600004196167,13.90999984741211,13.460000038146973,13.850000381469727,68000
2020-03-26,14.5600004196167,14.729999542236328,14.119999885559082,14.119999885559082,43500
2020-03-27,14.770000457763672,14.920000076293945,14.079999923706055,14.5,58600
2020-03-30,15.0,15.34000015258789,14.729999542236328,15.199999809265137,281300
2020-03-31,14.569999694824219,14.800000190734863,14.449999809265137,14.460000038146973,435400
2020-04-01,14.5,14.829999923706055,14.460000038146973,14.829999923706055,38900
2020-04-02,14.979999542236328,15.100000381469727,14.579999923706055,14.8100004196167,38700
2020-04-03,15.180000305175781,15.460000038146973,14.90999984741211,14.920000076293945,43800
2020-04-06,15.109999656677246,15.3100004196167,14.829999923706055,14.960000038146973,64900
2020-04-07,14.579999923706055,14.670000076293945,14.380000114440918,14.5,61200
2020-04-08,14.90999984741211,14.949999809265137,14.710000038146973,14.779999732971191,39400
2020-04-09,15.069999694824219,15.199999809265137,14.75,15.149999618530273,50100
2020-04-13,14.829999923706055,15.399999618530273,14.369999885559082,15.399999618530273,40700
2020-04-14,15.100000381469727,15.300000190734863,15.039999961853027,15.109999656677246,81600
2020-04-15,14.789999961853027,14.970000267028809,14.789999961853027,14.869999885559082,47000
2020-04-16,14.829999923706055,14.9399995803833,14.779999732971191,14.789999961853027,47700
2020-04-17,15.210000038146973,15.279999732971191,15.050000190734863,15.25,57000
2020-04-20,14.720000267028809,14.930000305175781,14.720000267028809,14.850000381469727,46400
2020-04-21,14.390000343322754,14.699999809265137,14.1899995803833,14.390000343322754,90800
2020-04-22,14.229999542236328,14.390000343322754,14.140000343322754,14.369999885559082,44600
2020-04-23,14.289999961853027,14.5,14.270000457763672,14.4399995803833,31100
2020-04-24,14.539999961853027,14.569999694824219,14.300000190734863,14.40999984741211,25400
2020-04-27,15.260000228881836,15.359999656677246,15.020000457763672,15.020000457763672,54700
2020-04-28,14.720000267028809,15.010000228881836,14.720000267028809,14.880000114440918,72500
2020-04-29,14.800000190734863,15.029999732971191,14.800000190734863,15.010000228881836,268300
2020-04-30,14.829999923706055,14.920000076293945,14.699999809265137,14.710000038146973,288600
2020-05-01,14.90999984741211,14.90999984741211,14.140000343322754,14.859999656677246,29400
2020-05-04,14.899999618530273,14.899999618530273,14.729999542236328,14.75,56900
2020-05-05,15.119999885559082,15.229999542236328,15.09000015258789,15.140000343322754,95900
2020-05-06,15.34000015258789,15.710000038146973,15.34000015258789,15.670000076293945,131900
2020-05-07,15.619999885559082,15.680000305175781,15.420000076293945,15.609999656677246,35900
2020-05-08,15.930000305175781,16.049999237060547,15.829999923706055,15.829999923706055,24700
2020-05-11,15.729999542236328,15.770000457763672,15.630000114440918,15.75,63300
2020-05-12,15.130000114440918,15.380000114440918,15.09000015258789,15.350000381469727,39600
2020-05-13,14.829999923706055,15.130000114440918,14.770000457763672,15.130000114440918,37300
2020-05-14,15.119999885559082,15.119999885559082,14.720000267028809,14.800000190734863,39400
2020-05-15,14.930000305175781,14.949999809265137,14.729999542236328,14.829999923706055,25000
2020-05-18,14.779999732971191,14.829999923706055,14.5600004196167,14.710000038146973,37100
2020-05-19,14.470000267028809,14.579999923706055,14.260000228881836,14.420000076293945,56900
2020-05-20,15.039999961853027,15.210000038146973,14.920000076293945,14.920000076293945,55100
2020-05-21,15.149999618530273,15.34000015258789,15.109999656677246,15.319999694824219,34900
2020-05-22,15.279999732971191,15.34000015258789,15.199999809265137,15.260000228881836,27300
2020-05-26,15.199999809265137,15.380000114440918,15.140000343322754,15.380000114440918,48200
2020-05-27,14.59000015258789,14.729999542236328,14.399999618530273,14.729999542236328,52200
2020-05-28,14.899999618530273,15.050000190734863,14.850000381469727,14.970000267028809,24400
2020-05-29,15.430000305175781,15.600000381469727,15.300000190734863,15.449999809265137,83000
2020-06-01,15.65999984741211,15.710000038146973,15.529999732971191,15.640000343322754,21600
2020-06-02,15.649999618530273,15.680000305175781,15.600000381469727,15.619999885559082,51600
2020-06-03,15.329999923706055,15.569999694824219,15.210000038146973,15.569999694824219,45500
2020-06-04,15.399999618530273,15.5,15.220000267028809,15.270000457763672,26200
2020-06-05,15.140000343322754,15.289999961853027,14.970000267028809,15.010000228881836,39000
2020-06-08,15.239999771118164,15.25,14.979999542236328,15.0600004196167,35000
2020-06-09,15.199999809265137,15.329999923706055,14.869999885559082,14.880000114440918,129200
2020-06-10,15.520000457763672,15.600000381469727,15.380000114440918,15.380000114440918,176000
2020-06-11,15.109999656677246,15.479999542236328,15.109999656677246,15.479999542236328,28500
2020-06-12,15.069999694824219,15.550000190734863,14.960000038146973,15.539999961853027,30200
2020-06-15,15.0,15.0600004196167,14.800000190734863,15.039999961853027,27200
2020-06-16,15.289999961853027,15.369999885559082,15.1899995803833,15.1899995803833,187400
2020-06-17,15.3100004196167,15.579999923706055,15.260000228881836,15.260000228881836,18300
2020-06-18,15.319999694824219,15.329999923706055,15.180000305175781,15.300000190734863,17600
2020-06-19,15.260000228881836,15.369999885559082,14.90999984741211,14.90999984741211,41000
2020-06-22,15.510000228881836,15.670000076293945,15.430000305175781,15.449999809265137,48200
2020-06-23,15.640000343322754,15.699999809265137,15.40999984741211,15.40999984741211,24500
2020-06-24,15.710000038146973,15.789999961853027,15.630000114440918,15.789999961853027,105000
2020-06-25,15.859999656677246,15.9399995803833,15.420000076293945,15.609999656677246,191600
2020-06-26,15.739999771118164,16.200000762939453,15.739999771118164,16.059999465942383,25100
2020-06-29,15.710000038146973,16.010000228881836,15.65999984741211,15.739999771118164,35000
2020-06-30,16.510000228881836,16.510000228881836,16.200000762939453,16.200000762939453,26600
2020-07-01,17.239999771118164,17.299999237060547,16.81999969482422,16.81999969482422,37300
2020-07-02,16.989999771118164,17.100000381469727,16.940000534057617,17.059999465942383,90400
2020-07-06,17.6200008392334,17.739999771118164,17.479999542236328,17.489999771118164,285400
2020-07-07,17.559999465942383,17.760000228881836,17.520000457763672,17.600000381469727,37100
2020-07-08,18.139999389648438,18.139999389648438,17.90999984741211,17.950000762939453,19500
2020-07-09,17.809999465942383,18.020000457763672,17.729999542236328,18.020000457763672,28900
2020-07-10,17.520000457763672,17.719999313354492,17.43000030517578,17.6200008392334,33000
2020-07-13,16.610000610351562,16.969999313354492,16.520000457763672,16.969999313354492,66200
2020-07-14,16.489999771118164,16.579999923706055,16.190000534057617,16.510000228881836,159100
2020-07-15,16.389999389648438,16.68000030517578,16.309999465942383,16.68000030517578,368600
2020-07-16,15.960000038146973,16.329999923706055,15.960000038146973,16.329999923706055,151100
2020-07-17,15.649999618530273,15.739999771118164,15.5,15.739999771118164,282300
2020-07-20,15.899999618530273,15.899999618530273,15.6899995803833,15.710000038146973,84000
2020-07-21,16.1299991607666,16.209999084472656,16.030000686645508,16.100000381469727,58600
2020-07-22,16.450000762939453,16.450000762939453,16.0,16.020000457763672,37800
2020-07-23,16.770000457763672,17.0,16.68000030517578,16.700000762939453,47400
2020-07-24,16.489999771118164,16.610000610351562,16.440000534057617,16.610000610351562,26600
2020-07-27,16.530000686645508,16.639999389648438,16.489999771118164,16.510000228881836,23700
2020-07-28,16.399999618530273,16.489999771118164,16.3700008392334,16.40999984741211,29000
2020-07-29,16.670000076293945,16.68000030517578,16.440000534057617,16.440000534057617,11900
2020-07-30,16.459999084472656,16.649999618530273,16.31999969482422,16.639999389648438,53100
2020-07-31,16.649999618530273,16.809999465942383,16.56999969482422,16.690000534057617,38700
2020-08-03,16.81999969482422,16.93000030517578,16.809999465942383,16.860000610351562,19700
2020-08-04,16.799999237060547,16.81999969482422,16.43000030517578,16.540000915527344,42400
2020-08-05,16.579999923706055,16.93000030517578,16.530000686645508,16.93000030517578,19700
2020-08-06,16.549999237060547,16.56999969482422,16.399999618530273,16.56999969482422,22500
2020-08-07,16.3799991607666,16.579999923706055,16.309999465942383,16.579999923706055,24800
2020-08-10,15.970000267028809,16.260000228881836,15.949999809265137,16.260000228881836,19800
2020-08-11,16.049999237060547,16.209999084472656,16.020000457763672,16.079999923706055,65500
2020-08-12,16.1200008392334,16.18000030517578,15.869999885559082,15.949999809265137,86600
2020-08-13,16.420000076293945,16.59000015258789,16.360000610351562,16.59000015258789,24000
2020-08-14,16.25,16.389999389648438,16.25,16.280000686645508,17600
2020-08-17,16.34000015258789,16.34000015258789,16.229999542236328,16.34000015258789,25500
2020-08-18,16.40999984741211,16.579999923706055,16.350000381469727,16.579999923706055,42800
2020-08-19,16.399999618530273,16.56999969482422,16.399999618530273,16.5,27200
2020-08-20,16.299999237060547,16.350000381469727,16.170000076293945,16.350000381469727,42200
2020-08-21,16.479999542236328,16.479999542236328,16.34000015258789,16.399999618530273,31500
2020-08-24,16.260000228881836,16.719999313354492,16.209999084472656,16.649999618530273,24500
2020-08-25,16.15999984741211,16.170000076293945,16.020000457763672,16.170000076293945,39500
2020-08-26,16.489999771118164,16.520000457763672,16.260000228881836,16.260000228881836,66900
2020-08-27,16.329999923706055,16.56999969482422,16.25,16.549999237060547,34100
2020-08-28,16.270000457763672,16.299999237060547,16.15999984741211,16.299999237060547,28500
2020-08-31,16.399999618530273,16.59000015258789,16.31999969482422,16.31999969482422,27400
2020-09-01,16.549999237060547,16.670000076293945,16.489999771118164,16.579999923706055,25400
2020-09-02,16.719999313354492,16.729999542236328,16.530000686645508,16.579999923706055,23200
2020-09-03,15.829999923706055,16.389999389648438,15.789999961853027,16.389999389648438,60500
2020-09-04,15.609999656677246,15.720000267028809,15.369999885559082,15.609999656677246,23000
2020-09-08,15.84000015258789,15.960000038146973,15.510000228881836,15.680000305175781,38300
2020-09-09,16.25,16.389999389648438,16.100000381469727,16.100000381469727,35200
2020-09-10,16.40999984741211,16.760000228881836,16.389999389648438,16.610000610351562,31300
2020-09-11,17.479999542236328,17.520000457763672,17.299999237060547,17.309999465942383,30000
2020-09-14,17.399999618530273,17.6299991607666,17.3799991607666,17.59000015258789,42700
2020-09-15,17.450000762939453,17.59000015258789,17.420000076293945,17.59000015258789,15600
2020-09-16,17.020000457763672,17.280000686645508,17.010000228881836,17.280000686645508,21100
2020-09-17,17.049999237060547,17.06999969482422,16.950000762939453,16.979999542236328,26300
2020-09-18,17.149999618530273,17.229999542236328,17.059999465942383,17.09000015258789,39500
2020-09-21,17.209999084472656,17.209999084472656,16.799999237060547,16.799999237060547,24500
2020-09-22,17.360000610351562,17.360000610351562,17.200000762939453,17.280000686645508,20000
2020-09-23,17.200000762939453,17.469999313354492,17.190000534057617,17.3700008392334,53500
2020-09-24,17.389999389648438,17.559999465942383,17.110000610351562,17.260000228881836,205500
2020-09-25,17.860000610351562,17.860000610351562,17.510000228881836,17.690000534057617,157600
2020-09-28,17.739999771118164,17.8799991607666,17.68000030517578,17.799999237060547,24800
2020-09-29,17.81999969482422,17.8799991607666,17.760000228881836,17.860000610351562,67600
2020-09-30,18.020000457763672,18.139999389648438,17.8799991607666,18.0,58100
2020-10-01,18.549999237060547,18.709999084472656,18.329999923706055,18.420000076293945,28700
2020-10-02,18.559999465942383,18.6299991607666,18.469999313354492,18.6299991607666,55700
2020-10-05,18.719999313354492,18.739999771118164,18.579999923706055,18.579999923706055,34300
2020-10-06,18.31999969482422,18.56999969482422,18.260000228881836,18.56999969482422,64900
2020-10-07,18.770000457763672,18.809999465942383,18.579999923706055,18.649999618530273,87800
2020-10-08,18.8700008392334,18.93000030517578,18.780000686645508,18.84000015258789,43900
2020-10-09,19.329999923706055,19.360000610351562,19.0,19.0,30000
2020-10-12,19.610000610351562,19.639999389648438,19.34000015258789,19.610000610351562,33900
2020-10-13,19.450000762939453,19.469999313354492,19.170000076293945,19.34000015258789,15400
2020-10-14,19.610000610351562,19.709999084472656,19.579999923706055,19.68000030517578,18400
2020-10-15,19.399999618530273,19.399999618530273,19.290000915527344,19.3700008392334,30300
2020-10-16,19.3799991607666,19.540000915527344,19.34000015258789,19.440000534057617,23400
2020-10-19,19.18000030517578,19.420000076293945,19.170000076293945,19.420000076293945,23400
2020-10-20,19.139999389648438,19.260000228881836,19.139999389648438,19.260000228881836,23800
2020-10-21,19.040000915527344,19.079999923706055,19.0,19.059999465942383,26100
2020-10-22,19.020000457763672,19.149999618530273,18.90999984741211,19.149999618530273,30100
2020-10-23,19.15999984741211,19.18000030517578,19.059999465942383,19.1299991607666,43600
2020-10-26,19.0,19.0,18.8700008392334,18.889999389648438,21500
2020-10-27,19.81999969482422,19.920000076293945,19.6299991607666,19.690000534057617,48300
2020-10-28,19.079999923706055,19.299999237060547,18.889999389648438,19.079999923706055,41000
2020-10-29,18.3799991607666,19.1299991607666,18.3799991607666,19.079999923706055,48000
2020-10-30,17.610000610351562,18.020000457763672,17.530000686645508,18.020000457763672,40800
2020-11-02,17.469999313354492,17.639999389648438,17.3700008392334,17.549999237060547,85300
2020-11-03,18.0,18.0,17.770000457763672,17.770000457763672,35300
2020-11-04,18.700000762939453,18.899999618530273,18.31999969482422,18.31999969482422,49100
2020-11-05,19.229999542236328,19.469999313354492,19.110000610351562,19.469999313354492,34800
2020-11-06,19.040000915527344,19.040000915527344,18.799999237060547,18.93000030517578,29000
2020-11-09,17.780000686645508,17.899999618530273,17.65999984741211,17.729999542236328,52200
2020-11-10,17.350000381469727,17.549999237060547,17.200000762939453,17.520000457763672,35300
2020-11-11,17.65999984741211,17.739999771118164,17.3799991607666,17.3799991607666,757000
2020-11-12,18.489999771118164,18.90999984741211,18.479999542236328,18.860000610351562,98300
2020-11-13,18.8799991607666,18.93000030517578,18.68000030517578,18.68000030517578,39200
2020-11-16,18.920000076293945,19.15999984741211,18.829999923706055,18.920000076293945,29100
2020-11-17,18.84000015258789,18.8799991607666,18.709999084472656,18.760000228881836,140900
2020-11-18,19.110000610351562,19.579999923706055,19.09000015258789,19.579999923706055,50800
2020-11-19,19.059999465942383,19.100000381469727,18.8799991607666,19.079999923706055,27800
2020-11-20,18.510000228881836,18.690000534057617,18.469999313354492,18.690000534057617,51200
2020-11-23,18.40999984741211,18.670000076293945,18.34000015258789,18.540000915527344,51500
2020-11-24,18.229999542236328,18.329999923706055,18.15999984741211,18.280000686645508,18500
2020-11-25,18.290000915527344,18.34000015258789,18.260000228881836,18.34000015258789,16700
2020-11-27,18.81999969482422,18.84000015258789,18.479999542236328,18.479999542236328,23200
2020-11-30,18.969999313354492,19.309999465942383,18.969999313354492,19.209999084472656,42600
2020-12-01,18.959999084472656,19.100000381469727,18.8700008392334,19.049999237060547,32800
2020-12-02,18.719999313354492,18.90999984741211,18.649999618530273,18.90999984741211,18500
2020-12-03,18.540000915527344,18.760000228881836,18.510000228881836,18.610000610351562,57600
2020-12-04,18.920000076293945,18.940000534057617,18.6299991607666,18.799999237060547,26600
2020-12-07,18.760000228881836,18.899999618530273,18.639999389648438,18.639999389648438,39200
2020-12-08,19.170000076293945,19.18000030517578,19.049999237060547,19.049999237060547,36600
2020-12-09,18.860000610351562,18.989999771118164,18.799999237060547,18.989999771118164,36700
2020-12-10,19.040000915527344,19.1200008392334,18.709999084472656,18.739999771118164,51600
2020-12-11,18.709999084472656,18.729999542236328,18.600000381469727,18.700000762939453,335700
2020-12-14,18.59000015258789,18.75,18.59000015258789,18.670000076293945,67100
2020-12-15,18.18000030517578,18.520000457763672,18.110000610351562,18.520000457763672,53800
2020-12-16,18.479999542236328,18.520000457763672,18.299999237060547,18.329999923706055,31200
2020-12-17,18.68000030517578,18.829999923706055,18.600000381469727,18.829999923706055,30500
2020-12-18,19.260000228881836,19.299999237060547,19.06999969482422,19.15999984741211,73400
2020-12-21,19.420000076293945,19.43000030517578,19.049999237060547,19.18000030517578,21500
2020-12-22,19.40999984741211,19.559999465942383,19.389999389648438,19.549999237060547,28000
2020-12-23,19.479999542236328,19.600000381469727,19.420000076293945,19.559999465942383,12600
2020-12-24,19.520000457763672,19.81999969482422,19.1200008392334,19.1200008392334,22500
2020-12-28,19.209999084472656,19.530000686645508,19.18000030517578,19.530000686645508,14500
2020-12-29,19.559999465942383,19.639999389648438,19.350000381469727,19.360000610351562,57200
2020-12-30,19.450000762939453,19.729999542236328,19.440000534057617,19.729999542236328,13600
2020-12-31,19.25,19.43000030517578,19.18000030517578,19.43000030517578,13700
2021-01-04,19.920000076293945,20.06999969482422,19.899999618530273,19.90999984741211,34100
2021-01-05,19.829999923706055,19.829999923706055,19.610000610351562,19.790000915527344,17800
2021-01-06,19.610000610351562,19.639999389648438,19.43000030517578,19.459999084472656,49600
2021-01-07,19.389999389648438,19.420000076293945,19.190000534057617,19.229999542236328,25300
2021-01-08,19.489999771118164,19.6200008392334,19.40999984741211,19.6200008392334,21900
2021-01-11,19.31999969482422,19.329999923706055,19.1299991607666,19.139999389648438,40900
2021-01-12,19.239999771118164,19.25,19.079999923706055,19.079999923706055,204400
2021-01-13,20.309999465942383,20.579999923706055,20.200000762939453,20.360000610351562,53700
2021-01-14,20.56999969482422,20.68000030517578,20.469999313354492,20.469999313354492,72300
2021-01-15,20.100000381469727,20.329999923706055,20.049999237060547,20.18000030517578,72000
2021-01-19,20.459999084472656,20.459999084472656,20.110000610351562,20.309999465942383,136200
2021-01-20,20.579999923706055,20.59000015258789,20.229999542236328,20.40999984741211,41600
2021-01-21,21.239999771118164,21.34000015258789,20.670000076293945,20.670000076293945,47500
2021-01-22,20.780000686645508,20.889999389648438,20.65999984741211,20.889999389648438,48800
2021-01-25,20.270000457763672,20.510000228881836,20.100000381469727,20.510000228881836,47400
2021-01-26,20.239999771118164,20.510000228881836,20.219999313354492,20.40999984741211,15100
2021-01-27,19.8799991607666,20.010000228881836,19.459999084472656,19.579999923706055,62500
2021-01-28,19.829999923706055,20.030000686645508,19.75,19.950000762939453,30900
2021-01-29,20.0,20.010000228881836,19.860000610351562,19.8700008392334,67400
2021-02-01,20.280000686645508,20.350000381469727,20.149999618530273,20.350000381469727,39200
2021-02-02,20.06999969482422,20.299999237060547,20.010000228881836,20.299999237060547,38600
2021-02-03,20.040000915527344,20.15999984741211,19.8799991607666,20.15999984741211,48800
2021-02-04,19.8799991607666,19.8799991607666,19.530000686645508,19.709999084472656,36800
2021-02-05,20.3799991607666,20.3799991607666,20.049999237060547,20.09000015258789,52500
2021-02-08,20.149999618530273,20.389999389648438,20.1200008392334,20.389999389648438,31700
2021-02-09,19.829999923706055,20.350000381469727,19.68000030517578,20.0,47400
2021-02-10,18.860000610351562,19.190000534057617,18.510000228881836,19.190000534057617,157400
2021-02-11,18.600000381469727,18.889999389648438,18.559999465942383,18.889999389648438,73900
2021-02-12,18.239999771118164,18.450000762939453,18.190000534057617,18.450000762939453,904500
2021-02-16,18.020000457763672,18.25,18.0,18.25,400300
2021-02-17,17.610000610351562,17.780000686645508,17.510000228881836,17.780000686645508,639000
2021-02-18,17.809999465942383,17.829999923706055,17.579999923706055,17.649999618530273,104600
2021-02-19,17.670000076293945,17.950000762939453,17.649999618530273,17.950000762939453,41800
2021-02-22,17.229999542236328,17.469999313354492,17.209999084472656,17.469999313354492,100000
2021-02-23,16.93000030517578,16.940000534057617,16.670000076293945,16.889999389648438,63600
2021-02-24,16.549999237060547,16.559999465942383,16.309999465942383,16.40999984741211,258000
2021-02-25,16.520000457763672,16.690000534057617,16.469999313354492,16.639999389648438,37800
2021-02-26,16.299999237060547,16.469999313354492,16.280000686645508,16.459999084472656,40400
2021-03-01,16.3799991607666,16.420000076293945,16.200000762939453,16.360000610351562,42300
2021-03-02,16.510000228881836,16.540000915527344,16.40999984741211,16.420000076293945,48300
2021-03-03,16.31999969482422,16.440000534057617,16.219999313354492,16.440000534057617,56900
2021-03-04,15.90999984741211,16.110000610351562,15.850000381469727,15.979999542236328,84800
2021-03-05,15.819999694824219,15.850000381469727,15.550000190734863,15.720000267028809,98800
2021-03-08,15.550000190734863,15.760000228881836,15.550000190734863,15.739999771118164,47800
2021-03-09,15.829999923706055,16.010000228881836,15.760000228881836,16.010000228881836,39700
2021-03-10,15.510000228881836,15.829999923706055,15.510000228881836,15.829999923706055,40300
2021-03-11,15.800000190734863,15.920000076293945,15.729999542236328,15.920000076293945,27300
2021-03-12,15.609999656677246,15.670000076293945,15.529999732971191,15.609999656677246,40300
2021-03-15,15.539999961853027,15.670000076293945,15.449999809265137,15.649999618530273,83000
2021-03-16,15.710000038146973,15.789999961853027,15.600000381469727,15.710000038146973,118200
2021-03-17,15.289999961853027,15.369999885559082,15.130000114440918,15.369999885559082,79800
2021-03-18,15.119999885559082,15.270000457763672,15.079999923706055,15.270000457763672,108900
2021-03-19,15.260000228881836,15.270000457763672,15.039999961853027,15.15999984741211,69500
2021-03-22,15.170000076293945,15.1899995803833,14.960000038146973,15.09000015258789,94400
2021-03-23,15.420000076293945,15.569999694824219,15.350000381469727,15.479999542236328,68300
2021-03-24,15.020000457763672,15.130000114440918,14.989999771118164,15.130000114440918,189100
2021-03-25,14.890000343322754,14.979999542236328,14.800000190734863,14.90999984741211,69300
2021-03-26,15.050000190734863,15.069999694824219,14.949999809265137,15.029999732971191,68200
2021-03-29,15.029999732971191,15.130000114440918,14.949999809265137,15.130000114440918,76600
2021-03-30,14.960000038146973,15.0600004196167,14.920000076293945,15.020000457763672,60000
2021-03-31,15.1899995803833,15.260000228881836,15.079999923706055,15.079999923706055,41500
2021-04-01,15.350000381469727,15.350000381469727,15.1899995803833,15.289999961853027,26800
2021-04-05,15.5600004196167,15.569999694824219,15.390000343322754,15.5,54600
2021-04-06,15.789999961853027,15.850000381469727,15.739999771118164,15.760000228881836,59500
2021-04-07,15.8100004196167,15.84000015258789,15.699999809265137,15.739999771118164,47000
2021-04-08,16.030000686645508,16.049999237060547,15.90999984741211,15.90999984741211,38100
2021-04-09,16.1299991607666,16.18000030517578,16.049999237060547,16.100000381469727,57900
2021-04-12,15.819999694824219,16.020000457763672,15.779999732971191,15.9399995803833,48400
2021-04-13,15.979999542236328,16.0,15.920000076293945,16.0,52200
2021-04-14,15.680000305175781,16.0,15.649999618530273,16.0,47400
2021-04-15,15.739999771118164,15.779999732971191,15.649999618530273,15.65999984741211,34800
2021-04-16,15.539999961853027,15.65999984741211,15.489999771118164,15.65999984741211,75400
2021-04-19,15.75,15.829999923706055,15.739999771118164,15.829999923706055,30500
2021-04-20,15.5600004196167,15.640000343322754,15.5,15.640000343322754,41600
2021-04-21,15.489999771118164,15.520000457763672,15.369999885559082,15.399999618530273,31800
2021-04-22,15.470000267028809,15.510000228881836,15.40999984741211,15.460000038146973,34700
2021-04-23,15.59000015258789,15.609999656677246,15.430000305175781,15.5,95800
2021-04-26,15.640000343322754,15.640000343322754,15.5,15.5600004196167,20200
2021-04-27,15.420000076293945,15.59000015258789,15.390000343322754,15.59000015258789,36700
2021-04-28,15.479999542236328,15.680000305175781,15.430000305175781,15.680000305175781,16500
2021-04-29,15.319999694824219,15.489999771118164,15.279999732971191,15.4399995803833,60600
2021-04-30,15.0,15.199999809265137,14.960000038146973,15.09000015258789,87800
2021-05-03,15.079999923706055,15.229999542236328,15.069999694824219,15.100000381469727,27700
2021-05-04,14.640000343322754,14.869999885559082,14.609999656677246,14.869999885559082,68800
2021-05-05,14.670000076293945,14.800000190734863,14.649999618530273,14.75,35800
2021-05-06,14.649999618530273,14.680000305175781,14.470000267028809,14.539999961853027,44100
2021-05-07,15.220000267028809,15.300000190734863,15.149999618530273,15.300000190734863,31900
2021-05-10,15.199999809265137,15.300000190734863,15.140000343322754,15.210000038146973,42600
2021-05-11,14.829999923706055,14.970000267028809,14.65999984741211,14.819999694824219,74100
2021-05-12,13.140000343322754,13.619999885559082,13.029999732971191,13.619999885559082,166100
2021-05-13,12.890000343322754,13.079999923706055,12.819999694824219,13.079999923706055,863800
2021-05-14,13.140000343322754,13.180000305175781,12.779999732971191,12.789999961853027,77300
2021-05-17,13.25,13.319999694824219,13.1899995803833,13.260000228881836,37600
2021-05-18,14.010000228881836,14.449999809265137,13.960000038146973,14.449999809265137,73700
2021-05-19,14.119999885559082,14.229999542236328,14.0600004196167,14.069999694824219,42200
2021-05-20,14.260000228881836,14.270000457763672,14.180000305175781,14.210000038146973,63600
2021-05-21,14.270000457763672,14.319999694824219,14.1899995803833,14.319999694824219,140400
2021-05-24,14.239999771118164,14.260000228881836,14.15999984741211,14.260000228881836,62400
2021-05-25,14.210000038146973,14.25,14.119999885559082,14.25,49600
2021-05-26,14.220000267028809,14.279999732971191,14.140000343322754,14.210000038146973,53700
2021-05-27,14.649999618530273,14.84000015258789,14.649999618530273,14.739999771118164,71600
2021-05-28,14.539999961853027,14.630000114440918,14.529999732971191,14.630000114440918,26100
2021-06-01,14.4399995803833,14.59000015258789,14.430000305175781,14.550000190734863,55300
2021-06-02,14.140000343322754,14.1899995803833,14.010000228881836,14.15999984741211,47200
2021-06-03,13.880000114440918,14.09000015258789,13.84000015258789,14.09000015258789,58400
2021-06-04,13.989999771118164,14.039999961853027,13.859999656677246,14.039999961853027,47900
2021-06-07,14.029999732971191,14.300000190734863,14.010000228881836,14.149999618530273,148700
2021-06-08,13.979999542236328,14.0600004196167,13.920000076293945,14.0600004196167,43200
2021-06-09,14.109999656677246,14.149999618530273,14.069999694824219,14.09000015258789,41500
2021-06-10,14.140000343322754,14.1899995803833,14.029999732971191,14.029999732971191,47700
2021-06-11,14.350000381469727,14.40999984741211,14.270000457763672,14.289999961853027,21000
2021-06-14,14.430000305175781,14.479999542236328,14.359999656677246,14.369999885559082,27900
2021-06-15,14.319999694824219,14.4399995803833,14.260000228881836,14.4399995803833,344500
2021-06-16,14.289999961853027,14.489999771118164,14.229999542236328,14.390000343322754,42400
2021-06-17,14.039999961853027,14.050000190734863,13.880000114440918,13.9399995803833,30000
2021-06-18,13.970000267028809,14.0,13.869999885559082,13.9399995803833,30900
2021-06-21,13.770000457763672,13.779999732971191,13.640000343322754,13.720000267028809,37000
2021-06-22,13.880000114440918,13.899999618530273,13.800000190734863,13.829999923706055,42400
2021-06-23,13.880000114440918,13.949999809265137,13.8100004196167,13.869999885559082,32600
2021-06-24,13.8100004196167,13.9399995803833,13.789999961853027,13.920000076293945,47200
2021-06-25,13.779999732971191,13.960000038146973,13.739999771118164,13.960000038146973,52100
2021-06-28,13.9399995803833,13.949999809265137,13.760000228881836,13.84000015258789,51200
2021-06-29,13.899999618530273,13.989999771118164,13.899999618530273,13.960000038146973,30600
2021-06-30,13.960000038146973,13.989999771118164,13.90999984741211,13.930000305175781,39300
2021-07-01,14.260000228881836,14.279999732971191,14.069999694824219,14.140000343322754,857000
2021-07-02,14.460000038146973,14.479999542236328,14.3100004196167,14.479999542236328,1145100
2021-07-06,14.520000457763672,14.539999961853027,14.329999923706055,14.420000076293945,351000
2021-07-07,14.489999771118164,14.600000381469727,14.449999809265137,14.600000381469727,710600
2021-07-08,14.210000038146973,14.329999923706055,14.039999961853027,14.050000190734863,1590800
2021-07-09,14.210000038146973,14.210000038146973,14.130000114440918,14.149999618530273,343900
2021-07-12,14.25,14.319999694824219,14.149999618530273,14.319999694824219,270900
2021-07-13,13.829999923706055,13.890000343322754,13.800000190734863,13.819999694824219,68800
2021-07-14,13.670000076293945,13.710000038146973,13.489999771118164,13.5600004196167,61700
2021-07-15,13.539999961853027,13.59000015258789,13.479999542236328,13.479999542236328,61500
2021-07-16,13.25,13.489999771118164,13.199999809265137,13.489999771118164,434400
2021-07-19,13.119999885559082,13.199999809265137,13.0,13.010000228881836,136500
2021-07-20,12.770000457763672,12.899999618530273,12.699999809265137,12.899999618530273,150400
2021-07-21,12.850000381469727,12.869999885559082,12.470000267028809,12.529999732971191,110600
2021-07-22,13.289999961853027,13.380000114440918,13.25,13.25,52100
2021-07-23,13.220000267028809,13.220000267028809,13.130000114440918,13.130000114440918,59400
2021-07-26,12.90999984741211,12.989999771118164,12.899999618530273,12.989999771118164,79300
2021-07-27,12.779999732971191,13.130000114440918,12.739999771118164,13.130000114440918,92500
2021-07-28,12.8100004196167,12.850000381469727,12.729999542236328,12.729999542236328,38400
2021-07-29,12.770000457763672,12.779999732971191,12.710000038146973,12.739999771118164,52600
2021-07-30,12.680000305175781,12.739999771118164,12.649999618530273,12.6899995803833,30700
2021-08-02,12.630000114440918,12.65999984741211,12.520000457763672,12.529999732971191,32000
2021-08-03,12.020000457763672,12.3100004196167,11.970000267028809,12.300000190734863,95800
2021-08-04,12.15999984741211,12.1899995803833,12.100000381469727,12.100000381469727,54400
2021-08-05,11.930000305175781,12.100000381469727,11.899999618530273,12.039999961853027,32500
2021-08-06,11.739999771118164,11.869999885559082,11.6899995803833,11.869999885559082,61200
2021-08-09,11.800000190734863,11.869999885559082,11.800000190734863,11.800000190734863,57000
2021-08-10,11.710000038146973,11.800000190734863,11.6899995803833,11.800000190734863,94700
2021-08-11,11.920000076293945,11.949999809265137,11.880000114440918,11.890000343322754,50400
2021-08-12,12.029999732971191,12.039999961853027,11.890000343322754,12.020000457763672,74400
2021-08-13,12.09000015258789,12.119999885559082,12.010000228881836,12.010000228881836,47800
2021-08-16,11.84000015258789,12.0,11.8100004196167,11.989999771118164,70500
2021-08-17,11.890000343322754,11.920000076293945,11.6899995803833,11.729999542236328,77900
2021-08-18,11.920000076293945,12.130000114440918,11.920000076293945,12.130000114440918,78600
2021-08-19,12.0,12.0600004196167,11.880000114440918,11.890000343322754,87600
2021-08-20,12.050000190734863,12.050000190734863,11.890000343322754,11.899999618530273,54400
2021-08-23,12.119999885559082,12.130000114440918,12.069999694824219,12.079999923706055,71200
2021-08-24,12.449999809265137,12.470000267028809,12.279999732971191,12.279999732971191,96000
2021-08-25,12.380000114440918,12.430000305175781,12.289999961853027,12.430000305175781,28800
2021-08-26,12.5,12.609999656677246,12.460000038146973,12.579999923706055,53100
2021-08-27,12.630000114440918,12.680000305175781,12.4399995803833,12.5,31100
2021-08-30,12.489999771118164,12.5,12.359999656677246,12.430000305175781,40900
2021-08-31,12.6899995803833,12.760000228881836,12.579999923706055,12.579999923706055,49800
2021-09-01,13.100000381469727,13.130000114440918,12.960000038146973,12.960000038146973,46800
2021-09-02,13.300000190734863,13.329999923706055,12.960000038146973,12.960000038146973,997700
2021-09-03,13.170000076293945,13.229999542236328,13.09000015258789,13.100000381469727,280600
2021-09-07,13.180000305175781,13.239999771118164,13.140000343322754,13.229999542236328,40400
2021-09-08,13.279999732971191,13.430000305175781,13.260000228881836,13.430000305175781,55400
2021-09-09,13.039999961853027,13.170000076293945,13.039999961853027,13.170000076293945,98100
2021-09-10,13.229999542236328,13.260000228881836,13.09000015258789,13.1899995803833,38000
2021-09-13,13.039999961853027,13.220000267028809,13.010000228881836,13.180000305175781,43400
2021-09-14,13.15999984741211,13.199999809265137,13.100000381469727,13.149999618530273,67300
2021-09-15,13.170000076293945,13.270000457763672,13.109999656677246,13.180000305175781,211900
2021-09-16,13.050000190734863,13.079999923706055,12.859999656677246,12.859999656677246,314400
2021-09-17,13.130000114440918,13.329999923706055,13.0600004196167,13.329999923706055,336600
2021-09-20,12.5,12.529999732971191,12.380000114440918,12.489999771118164,185500
2021-09-21,12.40999984741211,12.449999809265137,12.380000114440918,12.4399995803833,372100
2021-09-22,12.539999961853027,12.600000381469727,12.489999771118164,12.550000190734863,148300
2021-09-23,12.819999694824219,12.930000305175781,12.8100004196167,12.899999618530273,482800
2021-09-24,12.800000190734863,12.8100004196167,12.739999771118164,12.8100004196167,32100
2021-09-27,12.529999732971191,12.569999694824219,12.479999542236328,12.5600004196167,43400
2021-09-28,12.470000267028809,12.510000228881836,12.399999618530273,12.470000267028809,91700
2021-09-29,11.859999656677246,11.930000305175781,11.819999694824219,11.930000305175781,114000
2021-09-30,11.979999542236328,11.979999542236328,11.890000343322754,11.90999984741211,54600
2021-10-01,12.119999885559082,12.15999984741211,11.9399995803833,12.149999618530273,81500
2021-10-04,12.180000305175781,12.350000381469727,12.119999885559082,12.350000381469727,61000
2021-10-05,12.270000457763672,12.3100004196167,12.180000305175781,12.279999732971191,117400
2021-10-06,11.920000076293945,11.920000076293945,11.770000457763672,11.84000015258789,96000
2021-10-07,11.149999618530273,11.25,10.890000343322754,10.949999809265137,150900
2021-10-08,11.199999809265137,11.279999732971191,11.15999984741211,11.15999984741211,40300
2021-10-11,10.899999618530273,10.970000267028809,10.899999618530273,10.949999809265137,76600
2021-10-12,10.890000343322754,11.010000228881836,10.880000114440918,10.989999771118164,92900
2021-10-13,11.069999694824219,11.09000015258789,10.9399995803833,10.949999809265137,60100
2021-10-14,10.600000381469727,10.609999656677246,10.520000457763672,10.609999656677246,85200
2021-10-15,10.600000381469727,10.609999656677246,10.520000457763672,10.539999961853027,88600
2021-10-18,10.520000457763672,10.609999656677246,10.510000228881836,10.539999961853027,383500
2021-10-19,10.710000038146973,10.779999732971191,10.649999618530273,10.739999771118164,140100
2021-10-20,10.920000076293945,11.039999961853027,10.899999618530273,11.010000228881836,62700
2021-10-21,11.039999961853027,11.100000381469727,11.010000228881836,11.0600004196167,118000
2021-10-22,11.039999961853027,11.199999809265137,11.010000228881836,11.1899995803833,719100
2021-10-25,10.760000228881836,10.829999923706055,10.720000267028809,10.8100004196167,691700
2021-10-26,10.4399995803833,10.569999694824219,10.420000076293945,10.539999961853027,527000
2021-10-27,10.25,10.350000381469727,10.1899995803833,10.279999732971191,211900
2021-10-28,10.09000015258789,10.279999732971191,9.880000114440918,10.210000038146973,86600
2021-10-29,10.430000305175781,10.569999694824219,10.380000114440918,10.5600004196167,131700
2021-11-01,10.4399995803833,10.510000228881836,10.380000114440918,10.430000305175781,221000
2021-11-02,10.90999984741211,10.920000076293945,10.760000228881836,10.760000228881836,245600
2021-11-03,10.880000114440918,10.890000343322754,10.800000190734863,10.859999656677246,211000
2021-11-04,10.819999694824219,10.850000381469727,10.779999732971191,10.850000381469727,235700
2021-11-05,10.899999618530273,10.899999618530273,10.779999732971191,10.8100004196167,137500
2021-11-08,10.899999618530273,10.930000305175781,10.859999656677246,10.869999885559082,163900
2021-11-09,10.850000381469727,10.920000076293945,10.819999694824219,10.880000114440918,155300
2021-11-10,10.720000267028809,10.899999618530273,10.720000267028809,10.850000381469727,62600
2021-11-11,10.720000267028809,10.75,10.710000038146973,10.75,64200
2021-11-12,10.460000038146973,10.510000228881836,10.40999984741211,10.430000305175781,93400
2021-11-15,10.569999694824219,10.720000267028809,10.5600004196167,10.720000267028809,160500
2021-11-16,10.5,10.619999885559082,10.5,10.529999732971191,112400
2021-11-17,10.399999618530273,10.529999732971191,10.359999656677246,10.5,107000
2021-11-18,10.140000343322754,10.300000190734863,10.119999885559082,10.25,387500
2021-11-19,10.229999542236328,10.260000228881836,10.1899995803833,10.229999542236328,101300
2021-11-22,9.859999656677246,10.020000457763672,9.850000381469727,9.979999542236328,193800
2021-11-23,9.9399995803833,10.010000228881836,9.859999656677246,9.880000114440918,145600
2021-11-24,9.850000381469727,9.869999885559082,9.729999542236328,9.75,65200
2021-11-26,10.100000381469727,10.34000015258789,10.069999694824219,10.34000015258789,94300
2021-11-29,10.100000381469727,10.109999656677246,9.90999984741211,9.9399995803833,789400
2021-11-30,10.300000190734863,10.520000457763672,10.1899995803833,10.430000305175781,1696300
2021-12-01,9.479999542236328,9.850000381469727,9.479999542236328,9.829999923706055,1833800
2021-12-02,9.479999542236328,9.579999923706055,9.399999618530273,9.460000038146973,243500
2021-12-03,9.260000228881836,9.449999809265137,9.15999984741211,9.420000076293945,128200
2021-12-06,9.140000343322754,9.270000457763672,9.050000190734863,9.050000190734863,168400
2021-12-07,9.5,9.5,9.300000190734863,9.34000015258789,398500
2021-12-08,9.869999885559082,9.890000343322754,9.600000381469727,9.600000381469727,242300
2021-12-09,9.84000015258789,9.920000076293945,9.760000228881836,9.869999885559082,873400
2021-12-10,9.529999732971191,9.699999809265137,9.5,9.699999809265137,289700
2021-12-13,9.390000343322754,9.569999694824219,9.390000343322754,9.5,262100
2021-12-14,9.210000038146973,9.289999961853027,9.170000076293945,9.210000038146973,494500
2021-12-15,9.25,9.25,9.149999618530273,9.1899995803833,141500
2021-12-16,9.050000190734863,9.180000305175781,9.010000228881836,9.180000305175781,237600
2021-12-17,9.430000305175781,9.470000267028809,9.3100004196167,9.359999656677246,329000
2021-12-20,9.489999771118164,9.5,9.289999961853027,9.289999961853027,369100
2021-12-21,9.720000267028809,9.779999732971191,9.680000305175781,9.720000267028809,406400
2021-12-22,9.770000457763672,9.819999694824219,9.710000038146973,9.729999542236328,271400
2021-12-23,9.600000381469727,9.65999984741211,9.579999923706055,9.649999618530273,521200
2021-12-27,9.6899995803833,9.710000038146973,9.649999618530273,9.680000305175781,125100
2021-12-28,9.59000015258789,9.65999984741211,9.470000267028809,9.59000015258789,314100
2021-12-29,9.510000228881836,9.600000381469727,9.470000267028809,9.600000381469727,121800
2021-12-30,9.65999984741211,9.699999809265137,9.59000015258789,9.600000381469727,223300
2021-12-31,9.739999771118164,9.770000457763672,9.630000114440918,9.75,103000
2022-01-03,9.649999618530273,9.710000038146973,9.569999694824219,9.710000038146973,85600
2022-01-04,9.350000381469727,9.470000267028809,9.3100004196167,9.460000038146973,130900
2022-01-05,9.239999771118164,9.4399995803833,9.239999771118164,9.390000343322754,172400
2022-01-06,9.300000190734863,9.359999656677246,9.239999771118164,9.3100004196167,108600
2022-01-07,9.300000190734863,9.3100004196167,9.199999809265137,9.199999809265137,175100
2022-01-10,9.670000076293945,9.670000076293945,9.5,9.510000228881836,443900
2022-01-11,10.119999885559082,10.130000114440918,10.020000457763672,10.079999923706055,123900
2022-01-12,10.270000457763672,10.270000457763672,10.15999984741211,10.210000038146973,106100
2022-01-13,10.449999809265137,10.569999694824219,10.449999809265137,10.550000190734863,66600
2022-01-14,10.479999542236328,10.59000015258789,10.430000305175781,10.489999771118164,66200
2022-01-18,11.369999885559082,11.420000076293945,10.890000343322754,10.930000305175781,449000
2022-01-19,11.789999961853027,11.979999542236328,11.699999809265137,11.880000114440918,199800
2022-01-20,12.0,12.289999961853027,12.0,12.170000076293945,180500
2022-01-21,11.770000457763672,11.970000267028809,11.729999542236328,11.960000038146973,245000
2022-01-24,11.329999923706055,11.550000190734863,11.180000305175781,11.550000190734863,177100
2022-01-25,10.710000038146973,11.010000228881836,10.65999984741211,10.920000076293945,174900
2022-01-26,10.829999923706055,11.029999732971191,10.819999694824219,11.020000457763672,697000
2022-01-27,10.880000114440918,10.960000038146973,10.8100004196167,10.890000343322754,255100
2022-01-28,10.880000114440918,10.949999809265137,10.800000190734863,10.8100004196167,132100
2022-01-31,11.430000305175781,11.430000305175781,11.119999885559082,11.140000343322754,223800
2022-02-01,11.739999771118164,11.819999694824219,11.640000343322754,11.640000343322754,173300
2022-02-02,11.670000076293945,11.680000305175781,11.569999694824219,11.59000015258789,189800
2022-02-03,11.5600004196167,11.609999656677246,11.489999771118164,11.5600004196167,121700
2022-02-04,11.609999656677246,11.630000114440918,11.300000190734863,11.380000114440918,65900
2022-02-07,11.510000228881836,11.550000190734863,11.40999984741211,11.40999984741211,47600
2022-02-08,11.5,11.5,11.25,11.25,79700
2022-02-09,11.319999694824219,11.779999732971191,11.0,11.649999618530273,220500
2022-02-10,11.510000228881836,11.670000076293945,11.350000381469727,11.350000381469727,56700
2022-02-11,11.329999923706055,11.539999961853027,11.319999694824219,11.489999771118164,217900
2022-02-14,11.350000381469727,11.5,11.300000190734863,11.489999771118164,65000
2022-02-15,11.020000457763672,11.220000267028809,10.949999809265137,11.220000267028809,143200
2022-02-16,10.390000343322754,10.529999732971191,10.300000190734863,10.520000457763672,81600
2022-02-17,9.970000267028809,10.199999809265137,9.920000076293945,10.1899995803833,98200
2022-02-18,10.3100004196167,10.470000267028809,10.210000038146973,10.449999809265137,50500
2022-02-22,10.630000114440918,10.739999771118164,10.609999656677246,10.649999618530273,64400
2022-02-23,10.4399995803833,10.630000114440918,10.430000305175781,10.630000114440918,99600
2022-02-24,10.270000457763672,10.270000457763672,10.029999732971191,10.039999961853027,147800
2022-02-25,10.460000038146973,10.460000038146973,10.220000267028809,10.300000190734863,71300
2022-02-28,10.720000267028809,10.829999923706055,10.649999618530273,10.649999618530273,161500
2022-03-01,10.460000038146973,10.760000228881836,10.40999984741211,10.6899995803833,128400
2022-03-02,10.489999771118164,10.579999923706055,10.4399995803833,10.489999771118164,133200
2022-03-03,9.710000038146973,10.130000114440918,9.640000343322754,10.130000114440918,155000
2022-03-04,9.09000015258789,9.210000038146973,9.020000457763672,9.170000076293945,191200
2022-03-07,8.8100004196167,9.039999961853027,8.75,8.949999809265137,175000
2022-03-08,8.649999618530273,8.819999694824219,8.529999732971191,8.75,328100
2022-03-09,9.229999542236328,9.3100004196167,9.020000457763672,9.020000457763672,122300
2022-03-10,8.899999618530273,9.09000015258789,8.880000114440918,9.09000015258789,168000
2022-03-11,8.90999984741211,9.220000267028809,8.890000343322754,9.220000267028809,53100
2022-03-14,8.770000457763672,9.029999732971191,8.770000457763672,8.859999656677246,97100
2022-03-15,8.239999771118164,8.40999984741211,8.1899995803833,8.40999984741211,1004600
2022-03-16,8.710000038146973,8.729999542236328,8.420000076293945,8.420000076293945,1266200
2022-03-17,8.5600004196167,8.640000343322754,8.460000038146973,8.529999732971191,426000
2022-03-18,8.720000267028809,8.75,8.390000343322754,8.390000343322754,1041500
2022-03-21,8.6899995803833,8.710000038146973,8.600000381469727,8.65999984741211,468200
2022-03-22,9.170000076293945,9.25,8.960000038146973,8.979999542236328,1455800
2022-03-23,9.050000190734863,9.1899995803833,9.039999961853027,9.1899995803833,285700
2022-03-24,8.720000267028809,8.75,8.630000114440918,8.75,58500
2022-03-25,8.739999771118164,8.819999694824219,8.670000076293945,8.819999694824219,56300
2022-03-28,8.6899995803833,8.720000267028809,8.569999694824219,8.680000305175781,175000
2022-03-29,9.029999732971191,9.039999961853027,8.899999618530273,8.970000267028809,273300
2022-03-30,9.0,9.020000457763672,8.930000305175781,8.949999809265137,55900
2022-03-31,8.75,8.989999771118164,8.75,8.989999771118164,75100
2022-04-01,8.850000381469727,8.850000381469727,8.779999732971191,8.819999694824219,43400
2022-04-04,9.140000343322754,9.170000076293945,9.0600004196167,9.0600004196167,84500
2022-04-05,9.199999809265137,9.34000015258789,9.170000076293945,9.34000015258789,129500
2022-04-06,8.65999984741211,8.739999771118164,8.630000114440918,8.739999771118164,98800
2022-04-07,8.59000015258789,8.729999542236328,8.569999694824219,8.729999542236328,172100
2022-04-08,8.479999542236328,8.5,8.4399995803833,8.5,115100
2022-04-11,8.479999542236328,8.680000305175781,8.460000038146973,8.529999732971191,73500
2022-04-12,8.430000305175781,8.539999961853027,8.40999984741211,8.5,153000
2022-04-13,8.149999618530273,8.180000305175781,8.140000343322754,8.170000076293945,110900
2022-04-14,8.0,8.020000457763672,7.820000171661377,7.960000038146973,115900
2022-04-18,7.929999828338623,8.270000457763672,7.820000171661377,8.270000457763672,84000
2022-04-19,7.869999885559082,7.880000114440918,7.659999847412109,7.690000057220459,393300
2022-04-20,7.550000190734863,7.829999923706055,7.53000020980835,7.829999923706055,111200
2022-04-21,7.360000133514404,7.550000190734863,7.360000133514404,7.550000190734863,56600
2022-04-22,8.619999885559082,9.1899995803833,8.149999618530273,8.170000076293945,283800
2022-04-25,9.039999961853027,9.350000381469727,8.930000305175781,9.300000190734863,247000
2022-04-26,8.539999961853027,8.8100004196167,8.529999732971191,8.8100004196167,194200
2022-04-27,8.420000076293945,8.619999885559082,8.399999618530273,8.550000190734863,141300
2022-04-28,8.65999984741211,8.680000305175781,8.449999809265137,8.609999656677246,148800
2022-04-29,8.970000267028809,9.050000190734863,8.65999984741211,8.65999984741211,94800
2022-05-02,8.970000267028809,9.100000381469727,8.890000343322754,8.989999771118164,79700
2022-05-03,8.960000038146973,9.020000457763672,8.890000343322754,8.920000076293945,103900
2022-05-04,9.970000267028809,9.970000267028809,9.109999656677246,9.199999809265137,238100
2022-05-05,9.979999542236328,10.149999618530273,9.90999984741211,10.09000015258789,116700
2022-05-06,10.380000114440918,10.460000038146973,10.199999809265137,10.279999732971191,293100
2022-05-09,9.270000457763672,9.609999656677246,9.220000267028809,9.59000015258789,121200
2022-05-10,9.270000457763672,9.34000015258789,8.979999542236328,9.100000381469727,971700
2022-05-11,8.529999732971191,8.819999694824219,8.170000076293945,8.5600004196167,104300
2022-05-12,8.699999809265137,8.800000190734863,8.670000076293945,8.779999732971191,124300
2022-05-13,9.029999732971191,9.220000267028809,8.970000267028809,8.989999771118164,33400
2022-05-16,9.180000305175781,9.210000038146973,9.109999656677246,9.180000305175781,165200
2022-05-17,9.489999771118164,9.510000228881836,9.40999984741211,9.4399995803833,158000
2022-05-18,9.4399995803833,9.609999656677246,9.40999984741211,9.40999984741211,62300
2022-05-19,10.09000015258789,10.15999984741211,10.0,10.0,317800
2022-05-20,10.069999694824219,10.15999984741211,9.949999809265137,10.100000381469727,140700
2022-05-23,10.279999732971191,10.319999694824219,10.199999809265137,10.239999771118164,122800
2022-05-24,10.050000190734863,10.100000381469727,9.899999618530273,10.079999923706055,116600
2022-05-25,10.260000228881836,10.3100004196167,10.100000381469727,10.100000381469727,134400
2022-05-26,10.369999885559082,10.40999984741211,10.329999923706055,10.40999984741211,581800
2022-05-27,10.359999656677246,10.470000267028809,10.319999694824219,10.430000305175781,47900
2022-05-31,10.5600004196167,10.5600004196167,10.289999961853027,10.319999694824219,91200
2022-06-01,10.329999923706055,10.460000038146973,10.229999542236328,10.420000076293945,85900
2022-06-02,10.300000190734863,10.300000190734863,10.149999618530273,10.170000076293945,39500
2022-06-03,10.039999961853027,10.140000343322754,9.979999542236328,10.140000343322754,58800
2022-06-06,10.15999984741211,10.319999694824219,10.149999618530273,10.210000038146973,56600
2022-06-07,10.220000267028809,10.25,9.9399995803833,9.9399995803833,78500
2022-06-08,10.149999618530273,10.220000267028809,10.09000015258789,10.109999656677246,103000
2022-06-09,9.8100004196167,10.039999961853027,9.8100004196167,9.989999771118164,47700
2022-06-10,9.59000015258789,9.729999542236328,9.479999542236328,9.729999542236328,151500
2022-06-13,9.220000267028809,9.289999961853027,9.149999618530273,9.25,65700
2022-06-14,9.119999885559082,9.359999656677246,9.0600004196167,9.359999656677246,103900
2022-06-15,9.180000305175781,9.350000381469727,9.079999923706055,9.319999694824219,84400
2022-06-16,8.890000343322754,8.949999809265137,8.75,8.899999618530273,83100
2022-06-17,8.869999885559082,8.9399995803833,8.800000190734863,8.899999618530273,42100
2022-06-21,9.050000190734863,9.100000381469727,9.039999961853027,9.069999694824219,33100
2022-06-22,9.020000457763672,9.079999923706055,8.930000305175781,8.930000305175781,105200
2022-06-23,9.199999809265137,9.220000267028809,9.069999694824219,9.09000015258789,58600
2022-06-24,9.460000038146973,9.460000038146973,9.319999694824219,9.319999694824219,29800
2022-06-27,9.289999961853027,9.4399995803833,9.270000457763672,9.420000076293945,46000
2022-06-28,9.15999984741211,9.289999961853027,9.15999984741211,9.25,92400
2022-06-29,8.9399995803833,9.109999656677246,8.920000076293945,8.979999542236328,95900
2022-06-30,8.779999732971191,8.800000190734863,8.630000114440918,8.699999809265137,106400
2022-07-01,8.8100004196167,8.829999923706055,8.640000343322754,8.65999984741211,54300
2022-07-05,8.8100004196167,8.8100004196167,8.579999923706055,8.600000381469727,84900
2022-07-06,8.640000343322754,8.710000038146973,8.600000381469727,8.699999809265137,167600
2022-07-07,8.649999618530273,8.729999542236328,8.539999961853027,8.630000114440918,399900
2022-07-08,8.479999542236328,8.600000381469727,8.220000267028809,8.3100004196167,214000
2022-07-11,8.260000228881836,8.399999618530273,8.260000228881836,8.270000457763672,147300
2022-07-12,8.100000381469727,8.220000267028809,8.100000381469727,8.149999618530273,118000
2022-07-13,8.149999618530273,8.199999809265137,7.869999885559082,7.869999885559082,55600
2022-07-14,7.980000019073486,8.0,7.699999809265137,7.829999923706055,97000
2022-07-15,7.929999828338623,8.039999961853027,7.880000114440918,8.039999961853027,44200
2022-07-18,8.180000305175781,8.239999771118164,8.149999618530273,8.180000305175781,207600
2022-07-19,8.260000228881836,8.289999961853027,8.149999618530273,8.279999732971191,219500
2022-07-20,8.420000076293945,8.479999542236328,8.300000190734863,8.359999656677246,90900
2022-07-21,8.010000228881836,8.4399995803833,7.900000095367432,8.350000381469727,420500
2022-07-22,8.329999923706055,8.430000305175781,8.15999984741211,8.329999923706055,98700
2022-07-25,8.300000190734863,8.420000076293945,8.279999732971191,8.420000076293945,131400
2022-07-26,8.010000228881836,8.180000305175781,7.96999979019165,8.170000076293945,196700
2022-07-27,8.270000457763672,8.289999961853027,8.069999694824219,8.09000015258789,35300
2022-07-28,8.3100004196167,8.359999656677246,8.180000305175781,8.279999732971191,51200
2022-07-29,8.460000038146973,8.460000038146973,8.399999618530273,8.40999984741211,40600
2022-08-01,8.529999732971191,8.579999923706055,8.489999771118164,8.539999961853027,63600
2022-08-02,8.149999618530273,8.279999732971191,8.140000343322754,8.260000228881836,257100
2022-08-03,8.529999732971191,8.529999732971191,8.369999885559082,8.479999542236328,155800
2022-08-04,9.520000457763672,9.739999771118164,9.260000228881836,9.699999809265137,203700
2022-08-05,9.449999809265137,9.510000228881836,9.279999732971191,9.449999809265137,57300
2022-08-08,9.369999885559082,9.430000305175781,9.25,9.25,28700
2022-08-09,9.109999656677246,9.279999732971191,9.109999656677246,9.279999732971191,26100
2022-08-10,9.279999732971191,9.300000190734863,9.229999542236328,9.25,28300
2022-08-11,9.430000305175781,9.569999694824219,9.40999984741211,9.460000038146973,21000
2022-08-12,9.380000114440918,9.390000343322754,9.229999542236328,9.279999732971191,157300
2022-08-15,9.319999694824219,9.329999923706055,9.270000457763672,9.270000457763672,47800
2022-08-16,9.180000305175781,9.199999809265137,9.0600004196167,9.149999618530273,38900
2022-08-17,9.260000228881836,9.289999961853027,9.130000114440918,9.140000343322754,54300
2022-08-18,9.119999885559082,9.170000076293945,9.100000381469727,9.149999618530273,36800
2022-08-19,8.789999961853027,8.859999656677246,8.720000267028809,8.859999656677246,27200
2022-08-22,8.420000076293945,8.59000015258789,8.399999618530273,8.59000015258789,49200
2022-08-23,8.3100004196167,8.399999618530273,8.279999732971191,8.399999618530273,62700
2022-08-24,8.329999923706055,8.390000343322754,8.210000038146973,8.210000038146973,125900
2022-08-25,8.5600004196167,8.609999656677246,8.510000228881836,8.5600004196167,57100
2022-08-26,8.760000228881836,9.100000381469727,8.760000228881836,9.079999923706055,77500
2022-08-29,8.819999694824219,8.949999809265137,8.8100004196167,8.930000305175781,53400
2022-08-30,9.050000190734863,9.09000015258789,9.029999732971191,9.079999923706055,131200
2022-08-31,9.1899995803833,9.25,9.180000305175781,9.220000267028809,54100
2022-09-01,8.770000457763672,8.789999961853027,8.65999984741211,8.770000457763672,115500
2022-09-02,8.680000305175781,8.970000267028809,8.680000305175781,8.800000190734863,100700
2022-09-06,9.0,10.109999656677246,8.449999809265137,8.550000190734863,222400
2022-09-07,7.199999809265137,7.480000019073486,7.110000133514404,7.46999979019165,294600
2022-09-08,7.170000076293945,7.170000076293945,6.909999847412109,6.920000076293945,126100
2022-09-09,7.309999942779541,7.409999847412109,7.269999980926514,7.349999904632568,79100
2022-09-12,7.53000020980835,7.590000152587891,7.510000228881836,7.550000190734863,225000
2022-09-13,7.039999961853027,7.320000171661377,7.039999961853027,7.320000171661377,139300
2022-09-14,7.019999980926514,7.079999923706055,6.989999771118164,7.059999942779541,387700
2022-09-15,6.820000171661377,6.96999979019165,6.800000190734863,6.869999885559082,74500
2022-09-16,6.809999942779541,6.840000152587891,6.75,6.769999980926514,86800
2022-09-19,6.710000038146973,6.710000038146973,6.610000133514404,6.659999847412109,237400
2022-09-20,6.579999923706055,6.679999828338623,6.53000020980835,6.650000095367432,252700
2022-09-21,6.349999904632568,6.449999809265137,6.320000171661377,6.440000057220459,116400
2022-09-22,5.96999979019165,6.130000114440918,5.940000057220459,6.099999904632568,144300
2022-09-23,5.900000095367432,5.920000076293945,5.730000019073486,5.869999885559082,118900
2022-09-26,5.860000133514404,5.96999979019165,5.820000171661377,5.889999866485596,77800
2022-09-27,5.960000038146973,6.070000171661377,5.929999828338623,5.929999828338623,281700
2022-09-28,5.980000019073486,6.059999942779541,5.820000171661377,5.840000152587891,116800
2022-09-29,5.5,5.699999809265137,5.480000019073486,5.679999828338623,173800
2022-09-30,5.420000076293945,5.519999980926514,5.420000076293945,5.460000038146973,113400
2022-10-03,5.590000152587891,5.630000114440918,5.559999942779541,5.599999904632568,66000
2022-10-04,5.829999923706055,5.849999904632568,5.78000020980835,5.789999961853027,274800
2022-10-05,5.550000190734863,5.590000152587891,5.5,5.550000190734863,53100
2022-10-06,5.480000019073486,5.610000133514404,5.480000019073486,5.590000152587891,913600
2022-10-07,5.400000095367432,5.519999980926514,5.369999885559082,5.460000038146973,708600
2022-10-10,5.46999979019165,5.519999980926514,5.409999847412109,5.519999980926514,160300
2022-10-11,5.239999771118164,5.380000114440918,5.230000019073486,5.380000114440918,885100
2022-10-12,5.059999942779541,5.110000133514404,5.019999980926514,5.110000133514404,67900
2022-10-13,5.139999866485596,5.190000057220459,4.900000095367432,4.940000057220459,118000
2022-10-14,5.079999923706055,5.199999809265137,5.070000171661377,5.199999809265137,51200
2022-10-17,5.289999961853027,5.289999961853027,5.199999809265137,5.199999809265137,55100
2022-10-18,5.320000171661377,5.329999923706055,5.239999771118164,5.320000171661377,160500
2022-10-19,5.130000114440918,5.230000019073486,5.110000133514404,5.230000019073486,33100
2022-10-20,5.210000038146973,5.269999980926514,5.139999866485596,5.139999866485596,69600
2022-10-21,5.269999980926514,5.300000190734863,5.190000057220459,5.190000057220459,56200
2022-10-24,5.320000171661377,5.320000171661377,5.190000057220459,5.25,46100
2022-10-25,5.400000095367432,5.400000095367432,5.340000152587891,5.389999866485596,122400
2022-10-26,5.320000171661377,5.349999904632568,5.239999771118164,5.239999771118164,52200
2022-10-27,5.349999904632568,5.409999847412109,5.159999847412109,5.21999979019165,55900
2022-10-28,5.159999847412109,5.179999828338623,5.090000152587891,5.130000114440918,119100
2022-10-31,5.440000057220459,5.449999809265137,5.320000171661377,5.360000133514404,147600
2022-11-01,5.480000019073486,5.590000152587891,5.429999828338623,5.519999980926514,287900
2022-11-02,5.389999866485596,5.559999942779541,5.389999866485596,5.480000019073486,147800
2022-11-03,5.309999942779541,5.340000152587891,5.239999771118164,5.28000020980835,33200
2022-11-04,5.510000228881836,5.510000228881836,5.389999866485596,5.420000076293945,32800
2022-11-07,5.46999979019165,5.519999980926514,5.360000133514404,5.449999809265137,141500
2022-11-08,5.369999885559082,5.440000057220459,5.28000020980835,5.300000190734863,295300
2022-11-09,5.110000133514404,5.170000076293945,4.75,5.010000228881836,290300
2022-11-10,5.400000095367432,5.400000095367432,5.159999847412109,5.190000057220459,46800
2022-11-11,5.710000038146973,5.71999979019165,5.519999980926514,5.519999980926514,30400
2022-11-14,5.670000076293945,5.699999809265137,5.650000095367432,5.690000057220459,21900
2022-11-15,5.659999847412109,5.730000019073486,5.570000171661377,5.71999979019165,123900
2022-11-16,5.489999771118164,5.519999980926514,5.46999979019165,5.519999980926514,19300
2022-11-17,5.409999847412109,5.409999847412109,5.340000152587891,5.340000152587891,13300
2022-11-18,5.320000171661377,5.329999923706055,5.289999961853027,5.289999961853027,22200
2022-11-21,5.099999904632568,5.159999847412109,5.059999942779541,5.159999847412109,29600
2022-11-22,5.210000038146973,5.210000038146973,5.059999942779541,5.059999942779541,39800
2022-11-23,5.340000152587891,5.349999904632568,5.260000228881836,5.28000020980835,354300
2022-11-25,5.5,5.539999961853027,5.449999809265137,5.46999979019165,97200
2022-11-28,5.409999847412109,5.539999961853027,5.380000114440918,5.5,69300
2022-11-29,5.389999866485596,5.440000057220459,5.369999885559082,5.380000114440918,103600
2022-11-30,5.53000020980835,5.550000190734863,5.409999847412109,5.429999828338623,149700
2022-12-01,5.730000019073486,5.769999980926514,5.679999828338623,5.71999979019165,133500
2022-12-02,5.949999809265137,5.960000038146973,5.869999885559082,5.900000095367432,77000
2022-12-05,5.889999866485596,5.949999809265137,5.869999885559082,5.920000076293945,34900
2022-12-06,5.710000038146973,5.75,5.670000076293945,5.75,173500
2022-12-07,5.880000114440918,5.960000038146973,5.869999885559082,5.909999847412109,56800
2022-12-08,5.639999866485596,5.650000095367432,5.489999771118164,5.570000171661377,134400
2022-12-09,5.639999866485596,5.670000076293945,5.610000133514404,5.639999866485596,42200
2022-12-12,5.630000114440918,5.659999847412109,5.610000133514404,5.630000114440918,103600
2022-12-13,5.559999942779541,5.769999980926514,5.550000190734863,5.739999771118164,113200
2022-12-14,5.659999847412109,5.699999809265137,5.610000133514404,5.610000133514404,61300
2022-12-15,5.440000057220459,5.610000133514404,5.420000076293945,5.579999923706055,45400
2022-12-16,5.380000114440918,5.420000076293945,5.340000152587891,5.380000114440918,40400
2022-12-19,5.420000076293945,5.480000019073486,5.409999847412109,5.460000038146973,78900
2022-12-20,5.360000133514404,5.409999847412109,5.349999904632568,5.400000095367432,234300
2022-12-21,5.639999866485596,5.639999866485596,5.579999923706055,5.579999923706055,223300
2022-12-22,5.46999979019165,5.489999771118164,5.420000076293945,5.480000019073486,143800
2022-12-23,5.579999923706055,5.619999885559082,5.570000171661377,5.590000152587891,91800
2022-12-27,5.539999961853027,5.590000152587891,5.53000020980835,5.539999961853027,69000
2022-12-28,5.5,5.570000171661377,5.46999979019165,5.570000171661377,69800
2022-12-29,5.730000019073486,5.760000228881836,5.579999923706055,5.590000152587891,89300
2022-12-30,5.619999885559082,5.639999866485596,5.590000152587891,5.639999866485596,25300
